id,asset_id,asset_name,display_name_en,description_en
characterexpressionactionslot01,1604244329,DA_CharacterExpression_ActionSlot_01,,
characterexpressionactionslot02,-1461982949,DA_CharacterExpression_ActionSlot_02,,
characterexpressionactionslot03,-1132144391,DA_CharacterExpression_ActionSlot_03,,
characterexpressionactionslot04,-470741017,DA_CharacterExpression_ActionSlot_04,,
characterexpressionactionslot05,-242292194,DA_CharacterExpression_ActionSlot_05,,
characterexpressionactionslot06,-984895585,DA_CharacterExpression_ActionSlot_06,,
characterexpressionactionslot07,-745251425,DA_CharacterExpression_ActionSlot_07,,
characterexpressionactionslot08,355732461,DA_CharacterExpression_ActionSlot_08,,
characterexpressionactionslotany,2009997924,DA_CharacterExpression_ActionSlot_Any,,
characterexpressionactionslotemoteconfirm,1237598201,DA_CharacterExpression_ActionSlot_Emote_Confirm,,
characterexpressionactionslotemotedecline,1607388763,DA_CharacterExpression_ActionSlot_Emote_Decline,,
characterexpressionactionslotemotedontshoot,297021661,DA_CharacterExpression_ActionSlot_Emote_DontShoot,,
characterexpressionactionslotemoteteamup,217427223,DA_CharacterExpression_ActionSlot_Emote_TeamUp,,
characterexpressiontreerootitem,-1061882909,DA_CharacterExpression_TreeRootItem,,
characterexpressionwheelslot01,2009955329,DA_CharacterExpression_WheelSlot_01,,
characterexpressionwheelslot02,-1441122968,DA_CharacterExpression_WheelSlot_02,,
characterexpressionwheel01,708753323,DA_CharacterExpression_Wheel_01,,
characterexpressionwheel02,2915815,DA_CharacterExpression_Wheel_02,,
anti_tick_field,888005088,DA_CharacterSkill_AntiTickField,Anti-Tick Field,Automatically throws off attached Ticks after {0}s.
unburdened_roll,365000158,DA_CharacterSkill_ArmorBreakFreeDodgeRoll,Unburdened Roll,
used_to_the_weight,1789653302,DA_CharacterSkill_ArmorSpeedCompensation,Used To The Weight,{0}% Reduced Movement Speed Penalty
a_little_extra,338113108,DA_CharacterSkill_BreachGift,A Little Extra,
proficient_pryer,1503534407,DA_CharacterSkill_BreachSpeed,Proficient Pryer,{0}% Increased Breach Speed
gentle_pressure,2057797492,DA_CharacterSkill_BreachVolume,Gentle Pressure,-{0}% Breaching Noise
survivors_stamina,-1925074376,DA_CharacterSkill_CriticalHealthStaminaRegen,Survivor's Stamina,{0}% Increased Stamina Regen
fight_or_flight,114107392,DA_CharacterSkill_DamageStaminaBoost,Fight Or Flight,{0} Stamina Gained When Damaged
downed_but_determined,-1379424521,DA_CharacterSkill_DBNOBleedRate,Downed But Determined,{0}% Reduced Collapse Time When Downed
emergency_adrenaline,1105715491,DA_CharacterSkill_EmergencyADDS,Emergency Adrenaline,"Upon Shield break
emergency_smoke,-726496223,DA_CharacterSkill_EmergencySmoke,Emergency Smoke,"Upon Shield break
blast_born,576151984,DA_CharacterSkill_ExplosionIntensity,Blast-Born,{0}% Reduced Explosion Impact Duration
emergency_tourniquet,1582749621,DA_CharacterSkill_FullBodyTourniquet,Emergency Tourniquet,"While downed and stationary
back_on_your_feet,-758926874,DA_CharacterSkill_HealthRegen,Back On Your Feet,Health Regen Limit: {0}
health_regen,1693686894,DA_CharacterSkill_HealthRegen1,Health Regen,"Restores {0} health every {1} seconds. When damage is taken
health_regen,-468568924,DA_CharacterSkill_HealthRegen2,Health Regen++,"Restores {0} health every {1} seconds. When damage is taken
sky_clearing_swing,451795054,DA_CharacterSkill_MeleeDamageToDrones,Sky-Clearing Swing,{0}% Increased Melee Damage vs ARC
flyswatter,1223432054,DA_CharacterSkill_MeleeOneHitKill,Flyswatter,
effortless_swing,239822813,DA_CharacterSkill_MeleeStaminaCost,Effortless Swing,{0}% Decreased Melee Stamina Cost
running_repair,-1383736721,DA_CharacterSkill_MobileRepair,Running Repair,Allows Shield Rechargers to be used while running.
quickdraw,-1803869487,DA_CharacterSkill_Quickdraw,Quickdraw,Stowed or unequipped Pistols and Hand Cannons are {0}% faster to equip.
turtle_crawl,1762907913,DA_CharacterSkill_ReducedDBNODamage,Turtle Crawl,{0}% Reduced Damage While Downed
loaded_arms,1005334858,DA_CharacterSkill_ReducedWeaponEncumbrance,Loaded Arms,{0}% Reduced Equipped Weapon Weight
cloud_of_renewal,157122774,DA_CharacterSkill_RevivalTopUp,Cloud of Renewal,"When revived from being downed
proper_breathing,-1292067623,DA_CharacterSkill_StaminaRegen,Proper Breathing,
angry,603418267,DA_Emote_Angry,Angry,
backpack_adjust,660621190,DA_Emote_BackpackAdjust_02,Backpack Adjust,
beekeeper,-1213451322,DA_Emote_Beekeeper,Beekeeper,
heel_click,599821319,DA_Emote_BeltDance,Heel Click,
boo,1282584552,DA_Emote_Boo,Boo,
bow_and_arrow,1218869387,DA_Emote_BowAndArrow_00,Bow and Arrow,
formal_bow,-529211046,DA_Emote_Bow_04,Formal Bow,
cant_hear_you,2094385158,DA_Emote_CantHearYou_00,Can't Hear You,
cheer,-1946944212,DA_Emote_Cheer_00,Cheer,
clap_prayer,-1896442731,DA_Emote_ClapPrayer,Clap Prayer,
come_here,-1440156128,DA_Emote_ComeHereBoy_00,Come Here,
come_on,-2135940426,DA_Emote_ComeOn,Come On,
compasscheck,821218707,DA_Emote_CompassCheck,CompassCheck,
happy_jig,1364375749,DA_Emote_Dance,Happy Jig,
pointing_dance,-588820206,DA_Emote_Dance_01,Pointing Dance,
annoyed,526307698,DA_Emote_Deflated_00,Annoyed,
diving_bell,-1619694199,DA_Emote_DivingBell,Diving Bell,
dont_shoot,879219255,DA_Emote_DontShoot,Don't Shoot,
finger_gun_single_shot,265871845,DA_Emote_FingerGunDuel_00,Finger Gun Single Shot,
finger_gun_rapid_fire,-580824538,DA_Emote_FingerGunDuel_01,Finger Gun Rapid Fire,
fist_in_air,1165317823,DA_Emote_FistInAir,Fist in Air,
fist_shakes,951322671,DA_Emote_FistShakes_00,Fist Shakes,
fling_coin,-785704548,DA_Emote_FlingCoin_00,Fling Coin,
flirty_greeting,-1196575605,DA_Emote_FlirtyGreeting,Flirty Greeting,
greet,1961280641,DA_Emote_Greet,Greet,
hit_chest,1177897024,DA_Emote_HitChest_00,Hit Chest,
howdy,-341608431,DA_Emote_Howdy,Howdy,
howl,925016844,DA_Emote_Howl_00,Howl,
huntsman,-300242042,DA_Emote_Huntsman_00,Huntsman,
i_see_you,63564946,DA_Emote_ISeeYou,I See You,
just_stop,922282065,DA_Emote_JustStop,Just Stop,
horns,-1308477264,DA_Emote_Metal,Horns,
no,1483730433,DA_Emote_No,No,
hand_signals,-1795091651,DA_Emote_NonsensicalHandSignals,Hand Signals,
peace,-922026955,DA_Emote_Peace,Peace,
plantsmallflag,186997349,DA_Emote_PlantSmallFlag,PlantSmallFlag,
power_pose,-270221946,DA_Emote_PowerPose_00,Power Pose,
punch_hands,215376868,DA_Emote_PunchHands,Punch Hands,
right_here,1885643106,DA_Emote_RightHere_00,Right Here,
right_on,-1976290323,DA_Emote_RightOn,Right On,
step_dance,982910925,DA_Emote_RiverDance,Step Dance,
salute,1936179156,DA_Emote_Salute,Salute,
scout_ahead_2,-1739608943,DA_Emote_ScoutAhead_01,Scout Ahead 2,
slit_throat,708946708,DA_Emote_SlitThroat_00,Slit Throat,
hip_groove,582365160,DA_Emote_SlowDance,Hip Groove,
needs_a_shower,1275837188,DA_Emote_SmellyArmpit,Needs A Shower,
sorry,1151095036,DA_Emote_Sorry,Sorry,
spit_in_hands,-292337301,DA_Emote_SpitInHands_00,Spit In Hands,
squat,1338292578,DA_Emote_Squat,Squat,
torso_stretch,-1639787022,DA_Emote_Stretching_01,Torso Stretch,
leg_stretch,348256746,DA_Emote_Stretching_02,Leg Stretch,
team_up,1977040370,DA_Emote_TeamUp,Team Up?,
thank,1560027855,DA_Emote_Thank,Thank,
think_about_it,-2064468470,DA_Emote_ThinkAboutIt_00,Think About It,
buh_bye,-222608002,DA_Emote_Toodeloo,Buh-bye!,
glove_tug,-1264756154,DA_Emote_TugGlove_00,Glove Tug,
warm_up,394203845,DA_Emote_WarmUp_00,Warm Up,
water_bottle_empty,1343271787,DA_Emote_WaterBottleEmpty_00,Water Bottle Empty,
yes,1054405158,DA_Emote_Yes,Yes,
leaper,-541195755,DA_EnemyType_BullCrab,Leaper,
bastion,-1616729167,DA_EnemyType_Chonk,Bastion,
bombardier,-1311527696,DA_EnemyType_ChonkPlatform_Mortar,Bombardier,
firefly,-1524715377,DA_EnemyType_EliteDrone_Flamethrower,Firefly,
rocketeer,903845622,DA_EnemyType_HeavyDroneMissile,Rocketeer,
vaporizer,1639912088,DA_EnemyType_HeavyDrone_Laser,Vaporizer,
hornet,664422097,DA_EnemyType_LightDroneElite,Hornet,
wasp,672378114,DA_EnemyType_LightDrone_02,Wasp,
turbine,-400146311,DA_EnemyType_Monolith,Turbine,
queen,-1166795672,DA_EnemyType_Peppermint,Queen,
spotter,-1562077677,DA_EnemyType_Pinger,Spotter,
arc_surveyor,1143392102,DA_EnemyType_RollBot,ARC Surveyor,
comet,-1780443771,DA_EnemyType_Rollbot_Boom,Comet,
fireball,299263764,DA_EnemyType_RollBot_Flamethrower,Fireball,
pop,-504231823,DA_EnemyType_RollBot_Pop,Pop,
shredder,2015925366,DA_EnemyType_Runner,Shredder,
sentinel,-1122989322,DA_EnemyType_Sniper,Sentinel,
snitch,1786451563,DA_EnemyType_SnitchDrone,Snitch,
snitch,-688136541,DA_EnemyType_SnitchDrone_Onboarding,Snitch,
matriarch,1225943433,DA_EnemyType_Spearmint,Matriarch,
tick,-352140120,DA_EnemyType_Tick,Tick,
turret,913532953,DA_EnemyType_TurretEnemy,Turret,
inventoryaugmentcontainer,-1101416870,DA_Inventory_AugmentContainer,,
inventorybonusstashcontainert0,54581186,DA_Inventory_BonusStashContainer_T0,,
inventorybonusstashcontainert1,-379442490,DA_Inventory_BonusStashContainer_T1,,
inventorybonusstashcontainert2,-1966427791,DA_Inventory_BonusStashContainer_T2,,
inventorybonusstashcontainert3,935293732,DA_Inventory_BonusStashContainer_T3,,
inventorybonusstashcontainert4,-1773924766,DA_Inventory_BonusStashContainer_T4,,
inventorybonusstashcontainert5,282172005,DA_Inventory_BonusStashContainer_T5,,
inventorycontainerslotaugment,129937576,DA_Inventory_ContainerSlot_Augment,,
inventorycontainerslotbonusstash,952446854,DA_Inventory_ContainerSlot_BonusStash,,
inventorycontainerslotexpeditionstash,-205714511,DA_Inventory_ContainerSlot_ExpeditionStash,,
inventorycontainerslotsecretstash,-449948883,DA_Inventory_ContainerSlot_SecretStash,,
inventorycontainerslotstash,-2121050171,DA_Inventory_ContainerSlot_Stash,,
inventorycontentslotanyitem,1440007245,DA_Inventory_ContentSlot_AnyItem,,
inventorycontentslotarmorgeneric,-729631616,DA_Inventory_ContentSlot_Armor_Generic,,
inventorycontentslotarmorheavy,1185506783,DA_Inventory_ContentSlot_Armor_Heavy,,
inventorycontentslotarmorlight,-1537698006,DA_Inventory_ContentSlot_Armor_Light,,
inventorycontentslotarmormedium,719434862,DA_Inventory_ContentSlot_Armor_Medium,,
inventorycontentslotaugmentgeneric,-875777364,DA_Inventory_ContentSlot_Augment_Generic,,
inventorycontentslotauxiliarygrenade,662320250,DA_Inventory_ContentSlot_Auxiliary_Grenade,,
inventorycontentslotauxiliaryhealing,1251573558,DA_Inventory_ContentSlot_Auxiliary_Healing,,
inventorycontentslotauxiliarytrinket,-385059589,DA_Inventory_ContentSlot_Auxiliary_Trinket,,
inventorycontentslotauxiliaryutility,-22259425,DA_Inventory_ContentSlot_Auxiliary_Utility,,
inventorycontentslotbeltgeneric,-1277506061,DA_Inventory_ContentSlot_Belt_Generic,,
inventorycontentslotfirearmgeneric,-620731692,DA_Inventory_ContentSlot_Firearm_Generic,,
inventorycontentslotgadgetgeneric,958345526,DA_Inventory_ContentSlot_Gadget_Generic,,
inventorycontentslotmeleeweapongeneric,-666604429,DA_Inventory_ContentSlot_MeleeWeapon_Generic,,
inventorycontentslotsafepocket,-3680536,DA_Inventory_ContentSlot_SafePocket,,
inventorycontentslotxlsafepocket,2116860288,DA_Inventory_ContentSlot_XLSafePocket,,
inventoryexpeditionstashcontainert01,-2018598597,DA_Inventory_ExpeditionStashContainer_T01,,
inventoryexpeditionstashcontainert02,-1314674456,DA_Inventory_ExpeditionStashContainer_T02,,
inventoryexpeditionstashcontainert03,365599956,DA_Inventory_ExpeditionStashContainer_T03,,
inventoryexpeditionstashcontainert04,-250016123,DA_Inventory_ExpeditionStashContainer_T04,,
inventoryexpeditionstashcontainert05,678297130,DA_Inventory_ExpeditionStashContainer_T05,,
inventorylfcolonyrun,-1762977188,DA_Inventory_LF_ColonyRun,,
inventorylfcolonyruncontaineritemarmor,-1800388036,DA_Inventory_LF_ColonyRun_ContainerItem_Armor,,
inventorylfcolonyruncontaineritembackpack,-1044109275,DA_Inventory_LF_ColonyRun_ContainerItem_Backpack,,
inventorylfcolonyruncontaineritembelt,338187155,DA_Inventory_LF_ColonyRun_ContainerItem_Belt,,
inventorylfcolonyruncontaineritemfirearm1,-163423842,DA_Inventory_LF_ColonyRun_ContainerItem_Firearm1,,
inventorylfcolonyruncontaineritemfirearm2,1371736356,DA_Inventory_LF_ColonyRun_ContainerItem_Firearm2,,
inventorylfcolonyruncontaineritemgadget,-758207090,DA_Inventory_LF_ColonyRun_ContainerItem_Gadget,,
inventorylfcolonyruncontaineritemmelee,824056675,DA_Inventory_LF_ColonyRun_ContainerItem_Melee,,
inventorylfcolonyruncontainerslotarmor,1214177327,DA_Inventory_LF_ColonyRun_ContainerSlot_Armor,,
inventorylfcolonyruncontainerslotbackpack,1797852311,DA_Inventory_LF_ColonyRun_ContainerSlot_Backpack,,
inventorylfcolonyruncontainerslotbelt,129021826,DA_Inventory_LF_ColonyRun_ContainerSlot_Belt,,
inventorylfcolonyruncontainerslotfirearm1,991393122,DA_Inventory_LF_ColonyRun_ContainerSlot_Firearm1,,
inventorylfcolonyruncontainerslotfirearm2,391964100,DA_Inventory_LF_ColonyRun_ContainerSlot_Firearm2,,
inventorylfcolonyruncontainerslotgadget,1690033074,DA_Inventory_LF_ColonyRun_ContainerSlot_Gadget,,
inventorylfcolonyruncontainerslotmelee,616907284,DA_Inventory_LF_ColonyRun_ContainerSlot_Melee,,
inventorylfcombat,1897376358,DA_Inventory_LF_Combat,,
inventorylfcombatcontaineritemarmor,674016041,DA_Inventory_LF_Combat_ContainerItem_Armor,,
inventorylfcombatcontaineritembackpack,-789319588,DA_Inventory_LF_Combat_ContainerItem_Backpack,,
inventorylfcombatcontaineritembelt,451810634,DA_Inventory_LF_Combat_ContainerItem_Belt,,
inventorylfcombatcontaineritemgadget,-1489428350,DA_Inventory_LF_Combat_ContainerItem_Gadget,,
inventorylfcombatcontaineritemmelee,739335902,DA_Inventory_LF_Combat_ContainerItem_Melee,,
inventorylfcombatcontaineritemsafepocket,1143107268,DA_Inventory_LF_Combat_ContainerItem_SafePocket,,
inventorylfcombatcontaineritemweapon1,249424010,DA_Inventory_LF_Combat_ContainerItem_Weapon1,,
inventorylfcombatcontaineritemweapon2,-1911884959,DA_Inventory_LF_Combat_ContainerItem_Weapon2,,
inventorylfcombatcontainerslotarmor,-1087285259,DA_Inventory_LF_Combat_ContainerSlot_Armor,,
inventorylfcombatcontainerslotbackpack,-231897926,DA_Inventory_LF_Combat_ContainerSlot_Backpack,,
inventorylfcombatcontainerslotbelt,934912309,DA_Inventory_LF_Combat_ContainerSlot_Belt,,
inventorylfcombatcontainerslotgadget,425584754,DA_Inventory_LF_Combat_ContainerSlot_Gadget,,
inventorylfcombatcontainerslotmelee,-161869282,DA_Inventory_LF_Combat_ContainerSlot_Melee,,
inventorylfcombatcontainerslotsafepocket,-1090486732,DA_Inventory_LF_Combat_ContainerSlot_SafePocket,,
inventorylfcombatcontainerslotweapon1,-236286992,DA_Inventory_LF_Combat_ContainerSlot_Weapon1,,
inventorylfcombatcontainerslotweapon2,-106529686,DA_Inventory_LF_Combat_ContainerSlot_Weapon2,,
inventorylfcombatfreeloadout,-511039215,DA_Inventory_LF_Combat_FreeLoadout,,
inventorylfcombatfreeloadoutcontaineritemarmor,-883535668,DA_Inventory_LF_Combat_FreeLoadout_ContainerItem_Armor,,
inventorylfcombatfreeloadoutcontaineritembackpack,1258778631,DA_Inventory_LF_Combat_FreeLoadout_ContainerItem_Backpack,,
inventorylfcombatfreeloadoutcontaineritembelt,-140402977,DA_Inventory_LF_Combat_FreeLoadout_ContainerItem_Belt,,
inventorylfcombatfreeloadoutcontaineritemmelee,-2052547103,DA_Inventory_LF_Combat_FreeLoadout_ContainerItem_Melee,,
inventorylfcombatfreeloadoutcontaineritemweapon1,-668596565,DA_Inventory_LF_Combat_FreeLoadout_ContainerItem_Weapon1,,
inventorylfcombatfreeloadoutcontaineritemweapon2,-1090245720,DA_Inventory_LF_Combat_FreeLoadout_ContainerItem_Weapon2,,
inventorylfcombatfreeloadoutcontainerslotarmor,421044591,DA_Inventory_LF_Combat_FreeLoadout_ContainerSlot_Armor,,
inventorylfcombatfreeloadoutcontainerslotbackpack,805875451,DA_Inventory_LF_Combat_FreeLoadout_ContainerSlot_Backpack,,
inventorylfcombatfreeloadoutcontainerslotbelt,1552042079,DA_Inventory_LF_Combat_FreeLoadout_ContainerSlot_Belt,,
inventorylfcombatfreeloadoutcontainerslotmelee,1544130241,DA_Inventory_LF_Combat_FreeLoadout_ContainerSlot_Melee,,
inventorylfcombatfreeloadoutcontainerslotweapon1,-1397350467,DA_Inventory_LF_Combat_FreeLoadout_ContainerSlot_Weapon1,,
inventorylfcombatfreeloadoutcontainerslotweapon2,-171297932,DA_Inventory_LF_Combat_FreeLoadout_ContainerSlot_Weapon2,,
inventorylfcombatt1,485800788,DA_Inventory_LF_Combat_T1,,
inventorylfcombatt1containeritemarmor,-35282746,DA_Inventory_LF_Combat_T1_ContainerItem_Armor,,
inventorylfcombatt1containeritembackpack,-1475517378,DA_Inventory_LF_Combat_T1_ContainerItem_Backpack,,
inventorylfcombatt1containeritembelt,-1406187830,DA_Inventory_LF_Combat_T1_ContainerItem_Belt,,
inventorylfcombatt1containeritemmelee,-1719547500,DA_Inventory_LF_Combat_T1_ContainerItem_Melee,,
inventorylfcombatt1containeritemsafepocket,-2143848294,DA_Inventory_LF_Combat_T1_ContainerItem_SafePocket,,
inventorylfcombatt1containeritemweapon1,2039479872,DA_Inventory_LF_Combat_T1_ContainerItem_Weapon1,,
inventorylfcombatt1containeritemweapon2,-213901314,DA_Inventory_LF_Combat_T1_ContainerItem_Weapon2,,
inventorylfcombatt1containerslotarmor,-1347093084,DA_Inventory_LF_Combat_T1_ContainerSlot_Armor,,
inventorylfcombatt1containerslotbackpack,-901902086,DA_Inventory_LF_Combat_T1_ContainerSlot_Backpack,,
inventorylfcombatt1containerslotbelt,-560137962,DA_Inventory_LF_Combat_T1_ContainerSlot_Belt,,
inventorylfcombatt1containerslotmelee,819401007,DA_Inventory_LF_Combat_T1_ContainerSlot_Melee,,
inventorylfcombatt1containerslotsafepocket,-1444511024,DA_Inventory_LF_Combat_T1_ContainerSlot_SafePocket,,
inventorylfcombatt1containerslotweapon1,563421940,DA_Inventory_LF_Combat_T1_ContainerSlot_Weapon1,,
inventorylfcombatt1containerslotweapon2,-904081899,DA_Inventory_LF_Combat_T1_ContainerSlot_Weapon2,,
inventorylfcombatt2,-509905146,DA_Inventory_LF_Combat_T2,,
inventorylfcombatt2containeritemarmor,-1419234392,DA_Inventory_LF_Combat_T2_ContainerItem_Armor,,
inventorylfcombatt2containeritemauxiliary,-1040353317,DA_Inventory_LF_Combat_T2_ContainerItem_Auxiliary,,
inventorylfcombatt2containeritembackpack,1409280010,DA_Inventory_LF_Combat_T2_ContainerItem_Backpack,,
inventorylfcombatt2containeritembelt,-306087719,DA_Inventory_LF_Combat_T2_ContainerItem_Belt,,
inventorylfcombatt2containeritemmelee,-36502079,DA_Inventory_LF_Combat_T2_ContainerItem_Melee,,
inventorylfcombatt2containeritemsafepocket,-655883216,DA_Inventory_LF_Combat_T2_ContainerItem_SafePocket,,
inventorylfcombatt2containeritemweapon1,753492342,DA_Inventory_LF_Combat_T2_ContainerItem_Weapon1,,
inventorylfcombatt2containeritemweapon2,874940549,DA_Inventory_LF_Combat_T2_ContainerItem_Weapon2,,
inventorylfcombatt2containerslotarmor,-452616269,DA_Inventory_LF_Combat_T2_ContainerSlot_Armor,,
inventorylfcombatt2containerslotauxiliary,-1399416027,DA_Inventory_LF_Combat_T2_ContainerSlot_Auxiliary,,
inventorylfcombatt2containerslotbackpack,1723187391,DA_Inventory_LF_Combat_T2_ContainerSlot_Backpack,,
inventorylfcombatt2containerslotbelt,1459766980,DA_Inventory_LF_Combat_T2_ContainerSlot_Belt,,
inventorylfcombatt2containerslotmelee,213461731,DA_Inventory_LF_Combat_T2_ContainerSlot_Melee,,
inventorylfcombatt2containerslotsafepocket,1488174973,DA_Inventory_LF_Combat_T2_ContainerSlot_SafePocket,,
inventorylfcombatt2containerslotweapon1,-964635257,DA_Inventory_LF_Combat_T2_ContainerSlot_Weapon1,,
inventorylfcombatt2containerslotweapon2,-531431256,DA_Inventory_LF_Combat_T2_ContainerSlot_Weapon2,,
inventorylfcombatt3aggressive,-89981619,DA_Inventory_LF_Combat_T3_Aggressive,,
inventorylfcombatt3aggressivecontaineritemarmor,-1071655990,DA_Inventory_LF_Combat_T3_Aggressive_ContainerItem_Armor,,
inventorylfcombatt3aggressivecontaineritemauxiliary,1583304067,DA_Inventory_LF_Combat_T3_Aggressive_ContainerItem_Auxiliary,,
inventorylfcombatt3aggressivecontaineritembackpack,1694398732,DA_Inventory_LF_Combat_T3_Aggressive_ContainerItem_Backpack,,
inventorylfcombatt3aggressivecontaineritembelt,1033916320,DA_Inventory_LF_Combat_T3_Aggressive_ContainerItem_Belt,,
inventorylfcombatt3aggressivecontaineritemmelee,-1324415871,DA_Inventory_LF_Combat_T3_Aggressive_ContainerItem_Melee,,
inventorylfcombatt3aggressivecontaineritemsafepocket,-431519544,DA_Inventory_LF_Combat_T3_Aggressive_ContainerItem_SafePocket,,
inventorylfcombatt3aggressivecontaineritemweapon1,-602102392,DA_Inventory_LF_Combat_T3_Aggressive_ContainerItem_Weapon1,,
inventorylfcombatt3aggressivecontaineritemweapon2,969393157,DA_Inventory_LF_Combat_T3_Aggressive_ContainerItem_Weapon2,,
inventorylfcombatt3aggressivecontainerslotarmor,-1043144034,DA_Inventory_LF_Combat_T3_Aggressive_ContainerSlot_Armor,,
inventorylfcombatt3aggressivecontainerslotauxiliary,327584912,DA_Inventory_LF_Combat_T3_Aggressive_ContainerSlot_Auxiliary,,
inventorylfcombatt3aggressivecontainerslotbackpack,890005505,DA_Inventory_LF_Combat_T3_Aggressive_ContainerSlot_Backpack,,
inventorylfcombatt3aggressivecontainerslotbelt,1966717441,DA_Inventory_LF_Combat_T3_Aggressive_ContainerSlot_Belt,,
inventorylfcombatt3aggressivecontainerslotmelee,-1772888028,DA_Inventory_LF_Combat_T3_Aggressive_ContainerSlot_Melee,,
inventorylfcombatt3aggressivecontainerslotsafepocket,1381051701,DA_Inventory_LF_Combat_T3_Aggressive_ContainerSlot_SafePocket,,
inventorylfcombatt3aggressivecontainerslotweapon1,-502457539,DA_Inventory_LF_Combat_T3_Aggressive_ContainerSlot_Weapon1,,
inventorylfcombatt3aggressivecontainerslotweapon2,-427223281,DA_Inventory_LF_Combat_T3_Aggressive_ContainerSlot_Weapon2,,
inventorylfcombatt3flanking,12511734,DA_Inventory_LF_Combat_T3_Flanking,,
inventorylfcombatt3flankingcontaineritemarmor,-1234136827,DA_Inventory_LF_Combat_T3_Flanking_ContainerItem_Armor,,
inventorylfcombatt3flankingcontaineritemauxiliary,997098278,DA_Inventory_LF_Combat_T3_Flanking_ContainerItem_Auxiliary,,
inventorylfcombatt3flankingcontaineritembackpack,-778848173,DA_Inventory_LF_Combat_T3_Flanking_ContainerItem_Backpack,,
inventorylfcombatt3flankingcontaineritembelt,-477387041,DA_Inventory_LF_Combat_T3_Flanking_ContainerItem_Belt,,
inventorylfcombatt3flankingcontaineritemmelee,-61772393,DA_Inventory_LF_Combat_T3_Flanking_ContainerItem_Melee,,
inventorylfcombatt3flankingcontaineritemsafepocket,622605322,DA_Inventory_LF_Combat_T3_Flanking_ContainerItem_SafePocket,,
inventorylfcombatt3flankingcontaineritemweapon1,-682383645,DA_Inventory_LF_Combat_T3_Flanking_ContainerItem_Weapon1,,
inventorylfcombatt3flankingcontaineritemweapon2,-481313555,DA_Inventory_LF_Combat_T3_Flanking_ContainerItem_Weapon2,,
inventorylfcombatt3flankingcontainerslotarmor,-1442723526,DA_Inventory_LF_Combat_T3_Flanking_ContainerSlot_Armor,,
inventorylfcombatt3flankingcontainerslotauxiliary,-88948473,DA_Inventory_LF_Combat_T3_Flanking_ContainerSlot_Auxiliary,,
inventorylfcombatt3flankingcontainerslotbackpack,563889130,DA_Inventory_LF_Combat_T3_Flanking_ContainerSlot_Backpack,,
inventorylfcombatt3flankingcontainerslotbelt,-385432610,DA_Inventory_LF_Combat_T3_Flanking_ContainerSlot_Belt,,
inventorylfcombatt3flankingcontainerslotmelee,1387650648,DA_Inventory_LF_Combat_T3_Flanking_ContainerSlot_Melee,,
inventorylfcombatt3flankingcontainerslotsafepocket,-92123513,DA_Inventory_LF_Combat_T3_Flanking_ContainerSlot_SafePocket,,
inventorylfcombatt3flankingcontainerslotweapon1,-1951392437,DA_Inventory_LF_Combat_T3_Flanking_ContainerSlot_Weapon1,,
inventorylfcombatt3flankingcontainerslotweapon2,1203548207,DA_Inventory_LF_Combat_T3_Flanking_ContainerSlot_Weapon2,,
inventorylfdefensive,-960125620,DA_Inventory_LF_Defensive,,
inventorylfdefensivecontaineritemarmor,372389825,DA_Inventory_LF_Defensive_ContainerItem_Armor,,
inventorylfdefensivecontaineritembackpack,997787584,DA_Inventory_LF_Defensive_ContainerItem_Backpack,,
inventorylfdefensivecontaineritembelt,1514558783,DA_Inventory_LF_Defensive_ContainerItem_Belt,,
inventorylfdefensivecontaineritemgadget,927728497,DA_Inventory_LF_Defensive_ContainerItem_Gadget,,
inventorylfdefensivecontaineritemmelee,347232696,DA_Inventory_LF_Defensive_ContainerItem_Melee,,
inventorylfdefensivecontaineritemsafepocket,521178632,DA_Inventory_LF_Defensive_ContainerItem_SafePocket,,
inventorylfdefensivecontaineritemweapon1,1594334574,DA_Inventory_LF_Defensive_ContainerItem_Weapon1,,
inventorylfdefensivecontainerslotarmor,-349718283,DA_Inventory_LF_Defensive_ContainerSlot_Armor,,
inventorylfdefensivecontainerslotbackpack,1490539827,DA_Inventory_LF_Defensive_ContainerSlot_Backpack,,
inventorylfdefensivecontainerslotbelt,1129923159,DA_Inventory_LF_Defensive_ContainerSlot_Belt,,
inventorylfdefensivecontainerslotgadget,-119273512,DA_Inventory_LF_Defensive_ContainerSlot_Gadget,,
inventorylfdefensivecontainerslotmelee,1968366773,DA_Inventory_LF_Defensive_ContainerSlot_Melee,,
inventorylfdefensivecontainerslotsafepocket,-1356651917,DA_Inventory_LF_Defensive_ContainerSlot_SafePocket,,
inventorylfdefensivecontainerslotweapon1,-1129262472,DA_Inventory_LF_Defensive_ContainerSlot_Weapon1,,
inventorylflootingfreeloadout,-344103425,DA_Inventory_LF_Looting_FreeLoadout,,
inventorylflootingfreeloadoutcontaineritemarmor,-1226397626,DA_Inventory_LF_Looting_FreeLoadout_ContainerItem_Armor,,
inventorylflootingfreeloadoutcontaineritembackpack,-248702078,DA_Inventory_LF_Looting_FreeLoadout_ContainerItem_Backpack,,
inventorylflootingfreeloadoutcontaineritembelt,-762891989,DA_Inventory_LF_Looting_FreeLoadout_ContainerItem_Belt,,
inventorylflootingfreeloadoutcontaineritemmelee,1182756597,DA_Inventory_LF_Looting_FreeLoadout_ContainerItem_Melee,,
inventorylflootingfreeloadoutcontaineritemweapon1,1147042865,DA_Inventory_LF_Looting_FreeLoadout_ContainerItem_Weapon1,,
inventorylflootingfreeloadoutcontaineritemweapon2,-1573505189,DA_Inventory_LF_Looting_FreeLoadout_ContainerItem_Weapon2,,
inventorylflootingfreeloadoutcontainerslotarmor,2040446547,DA_Inventory_LF_Looting_FreeLoadout_ContainerSlot_Armor,,
inventorylflootingfreeloadoutcontainerslotbackpack,-958796171,DA_Inventory_LF_Looting_FreeLoadout_ContainerSlot_Backpack,,
inventorylflootingfreeloadoutcontainerslotbelt,1126817659,DA_Inventory_LF_Looting_FreeLoadout_ContainerSlot_Belt,,
inventorylflootingfreeloadoutcontainerslotmelee,-1134924405,DA_Inventory_LF_Looting_FreeLoadout_ContainerSlot_Melee,,
inventorylflootingfreeloadoutcontainerslotweapon1,-1990983588,DA_Inventory_LF_Looting_FreeLoadout_ContainerSlot_Weapon1,,
inventorylflootingfreeloadoutcontainerslotweapon2,1789913677,DA_Inventory_LF_Looting_FreeLoadout_ContainerSlot_Weapon2,,
inventorylflootingt1,-448345380,DA_Inventory_LF_Looting_T1,,
inventorylflootingt1containeritemarmor,184018578,DA_Inventory_LF_Looting_T1_ContainerItem_Armor,,
inventorylflootingt1containeritembackpack,202906145,DA_Inventory_LF_Looting_T1_ContainerItem_Backpack,,
inventorylflootingt1containeritembelt,1454995512,DA_Inventory_LF_Looting_T1_ContainerItem_Belt,,
inventorylflootingt1containeritemmelee,-1989158897,DA_Inventory_LF_Looting_T1_ContainerItem_Melee,,
inventorylflootingt1containeritemsafepocket,634916076,DA_Inventory_LF_Looting_T1_ContainerItem_SafePocket,,
inventorylflootingt1containeritemweapon1,-1449979565,DA_Inventory_LF_Looting_T1_ContainerItem_Weapon1,,
inventorylflootingt1containeritemweapon2,1833604446,DA_Inventory_LF_Looting_T1_ContainerItem_Weapon2,,
inventorylflootingt1containerslotarmor,2135242484,DA_Inventory_LF_Looting_T1_ContainerSlot_Armor,,
inventorylflootingt1containerslotbackpack,-1351184816,DA_Inventory_LF_Looting_T1_ContainerSlot_Backpack,,
inventorylflootingt1containerslotbelt,411623810,DA_Inventory_LF_Looting_T1_ContainerSlot_Belt,,
inventorylflootingt1containerslotmelee,-206583984,DA_Inventory_LF_Looting_T1_ContainerSlot_Melee,,
inventorylflootingt1containerslotsafepocket,591271901,DA_Inventory_LF_Looting_T1_ContainerSlot_SafePocket,,
inventorylflootingt1containerslotweapon1,1638597279,DA_Inventory_LF_Looting_T1_ContainerSlot_Weapon1,,
inventorylflootingt1containerslotweapon2,713048728,DA_Inventory_LF_Looting_T1_ContainerSlot_Weapon2,,
inventorylflootingt2,876095175,DA_Inventory_LF_Looting_T2,,
inventorylflootingt2containeritemarmor,1909266089,DA_Inventory_LF_Looting_T2_ContainerItem_Armor,,
inventorylflootingt2containeritemauxiliary,272104212,DA_Inventory_LF_Looting_T2_ContainerItem_Auxiliary,,
inventorylflootingt2containeritembackpack,1757735240,DA_Inventory_LF_Looting_T2_ContainerItem_Backpack,,
inventorylflootingt2containeritembelt,838324696,DA_Inventory_LF_Looting_T2_ContainerItem_Belt,,
inventorylflootingt2containeritemmelee,691653340,DA_Inventory_LF_Looting_T2_ContainerItem_Melee,,
inventorylflootingt2containeritemsafepocket,-2105475031,DA_Inventory_LF_Looting_T2_ContainerItem_SafePocket,,
inventorylflootingt2containeritemweapon1,-1320735319,DA_Inventory_LF_Looting_T2_ContainerItem_Weapon1,,
inventorylflootingt2containeritemweapon2,1962848692,DA_Inventory_LF_Looting_T2_ContainerItem_Weapon2,,
inventorylflootingt2containerslotarmor,1402437787,DA_Inventory_LF_Looting_T2_ContainerSlot_Armor,,
inventorylflootingt2containerslotauxiliary,1704537990,DA_Inventory_LF_Looting_T2_ContainerSlot_Auxiliary,,
inventorylflootingt2containerslotbackpack,-1594514317,DA_Inventory_LF_Looting_T2_ContainerSlot_Backpack,,
inventorylflootingt2containerslotbelt,-646163377,DA_Inventory_LF_Looting_T2_ContainerSlot_Belt,,
inventorylflootingt2containerslotmelee,-1978047578,DA_Inventory_LF_Looting_T2_ContainerSlot_Melee,,
inventorylflootingt2containerslotsafepocket,-366662263,DA_Inventory_LF_Looting_T2_ContainerSlot_SafePocket,,
inventorylflootingt2containerslotweapon1,-1167511681,DA_Inventory_LF_Looting_T2_ContainerSlot_Weapon1,,
inventorylflootingt2containerslotweapon2,2023518072,DA_Inventory_LF_Looting_T2_ContainerSlot_Weapon2,,
inventorylflootingt3cautious,-1302027751,DA_Inventory_LF_Looting_T3_Cautious,,
inventorylflootingt3cautiouscontaineritemarmor,-1924099796,DA_Inventory_LF_Looting_T3_Cautious_ContainerItem_Armor,,
inventorylflootingt3cautiouscontaineritembackpack,-835379180,DA_Inventory_LF_Looting_T3_Cautious_ContainerItem_Backpack,,
inventorylflootingt3cautiouscontaineritembelt,-25855644,DA_Inventory_LF_Looting_T3_Cautious_ContainerItem_Belt,,
inventorylflootingt3cautiouscontaineritemmelee,1849558571,DA_Inventory_LF_Looting_T3_Cautious_ContainerItem_Melee,,
inventorylflootingt3cautiouscontaineritemsafepocket,1196619463,DA_Inventory_LF_Looting_T3_Cautious_ContainerItem_SafePocket,,
inventorylflootingt3cautiouscontaineritemweapon1,-119785392,DA_Inventory_LF_Looting_T3_Cautious_ContainerItem_Weapon1,,
inventorylflootingt3cautiouscontaineritemweapon2,-1339707137,DA_Inventory_LF_Looting_T3_Cautious_ContainerItem_Weapon2,,
inventorylflootingt3cautiouscontainerslotarmor,-1639434077,DA_Inventory_LF_Looting_T3_Cautious_ContainerSlot_Armor,,
inventorylflootingt3cautiouscontainerslotbackpack,1508621632,DA_Inventory_LF_Looting_T3_Cautious_ContainerSlot_Backpack,,
inventorylflootingt3cautiouscontainerslotbelt,-911450229,DA_Inventory_LF_Looting_T3_Cautious_ContainerSlot_Belt,,
inventorylflootingt3cautiouscontainerslotmelee,288976668,DA_Inventory_LF_Looting_T3_Cautious_ContainerSlot_Melee,,
inventorylflootingt3cautiouscontainerslotsafepocket,1759229282,DA_Inventory_LF_Looting_T3_Cautious_ContainerSlot_SafePocket,,
inventorylflootingt3cautiouscontainerslotweapon1,-2129845066,DA_Inventory_LF_Looting_T3_Cautious_ContainerSlot_Weapon1,,
inventorylflootingt3cautiouscontainerslotweapon2,1637565526,DA_Inventory_LF_Looting_T3_Cautious_ContainerSlot_Weapon2,,
inventorylflootingt3dbno,-1799813225,DA_Inventory_LF_Looting_T3_DBNO,,
inventorylflootingt3dbnocontaineritemarmor,-30637509,DA_Inventory_LF_Looting_T3_DBNO_ContainerItem_Armor,,
inventorylflootingt3dbnocontaineritemauxiliary,-1281829892,DA_Inventory_LF_Looting_T3_DBNO_ContainerItem_Auxiliary,,
inventorylflootingt3dbnocontaineritembackpack,1450686663,DA_Inventory_LF_Looting_T3_DBNO_ContainerItem_Backpack,,
inventorylflootingt3dbnocontaineritembelt,-890187561,DA_Inventory_LF_Looting_T3_DBNO_ContainerItem_Belt,,
inventorylflootingt3dbnocontaineritemmelee,-1130290743,DA_Inventory_LF_Looting_T3_DBNO_ContainerItem_Melee,,
inventorylflootingt3dbnocontaineritemsafepocket,-2004748456,DA_Inventory_LF_Looting_T3_DBNO_ContainerItem_SafePocket,,
inventorylflootingt3dbnocontaineritemweapon1,-42312299,DA_Inventory_LF_Looting_T3_DBNO_ContainerItem_Weapon1,,
inventorylflootingt3dbnocontaineritemweapon2,-1193825975,DA_Inventory_LF_Looting_T3_DBNO_ContainerItem_Weapon2,,
inventorylflootingt3dbnocontainerslotarmor,-587167077,DA_Inventory_LF_Looting_T3_DBNO_ContainerSlot_Armor,,
inventorylflootingt3dbnocontainerslotauxiliary,-1236777016,DA_Inventory_LF_Looting_T3_DBNO_ContainerSlot_Auxiliary,,
inventorylflootingt3dbnocontainerslotbackpack,1326799221,DA_Inventory_LF_Looting_T3_DBNO_ContainerSlot_Backpack,,
inventorylflootingt3dbnocontainerslotbelt,-1291005066,DA_Inventory_LF_Looting_T3_DBNO_ContainerSlot_Belt,,
inventorylflootingt3dbnocontainerslotmelee,-477910135,DA_Inventory_LF_Looting_T3_DBNO_ContainerSlot_Melee,,
inventorylflootingt3dbnocontainerslotsafepocket,-446262057,DA_Inventory_LF_Looting_T3_DBNO_ContainerSlot_SafePocket,,
inventorylflootingt3dbnocontainerslotweapon1,-720305360,DA_Inventory_LF_Looting_T3_DBNO_ContainerSlot_Weapon1,,
inventorylflootingt3dbnocontainerslotweapon2,-1462218276,DA_Inventory_LF_Looting_T3_DBNO_ContainerSlot_Weapon2,,
inventorylfmedic,-750977077,DA_Inventory_LF_Medic,,
inventorylfmediccontaineritemarmor,79414042,DA_Inventory_LF_Medic_ContainerItem_Armor,,
inventorylfmediccontaineritembackpack,-894400556,DA_Inventory_LF_Medic_ContainerItem_Backpack,,
inventorylfmediccontaineritembelt,-248857798,DA_Inventory_LF_Medic_ContainerItem_Belt,,
inventorylfmediccontaineritemgadget,1435250577,DA_Inventory_LF_Medic_ContainerItem_Gadget,,
inventorylfmediccontaineritemmelee,-428021115,DA_Inventory_LF_Medic_ContainerItem_Melee,,
inventorylfmediccontaineritemsafepocket,667102115,DA_Inventory_LF_Medic_ContainerItem_SafePocket,,
inventorylfmediccontaineritemweapon1,-2075359538,DA_Inventory_LF_Medic_ContainerItem_Weapon1,,
inventorylfmediccontainerslotarmor,1772514935,DA_Inventory_LF_Medic_ContainerSlot_Armor,,
inventorylfmediccontainerslotbackpack,253259076,DA_Inventory_LF_Medic_ContainerSlot_Backpack,,
inventorylfmediccontainerslotbelt,-949153946,DA_Inventory_LF_Medic_ContainerSlot_Belt,,
inventorylfmediccontainerslotgadget,288053018,DA_Inventory_LF_Medic_ContainerSlot_Gadget,,
inventorylfmediccontainerslotmelee,1606341178,DA_Inventory_LF_Medic_ContainerSlot_Melee,,
inventorylfmediccontainerslotsafepocket,-1976323623,DA_Inventory_LF_Medic_ContainerSlot_SafePocket,,
inventorylfmediccontainerslotweapon1,1349034416,DA_Inventory_LF_Medic_ContainerSlot_Weapon1,,
inventorylfmobility,1326891585,DA_Inventory_LF_Mobility,,
inventorylfmobilitycontaineritemarmor,-1758317677,DA_Inventory_LF_Mobility_ContainerItem_Armor,,
inventorylfmobilitycontaineritembackpack,-1923982250,DA_Inventory_LF_Mobility_ContainerItem_Backpack,,
inventorylfmobilitycontaineritembelt,1937219300,DA_Inventory_LF_Mobility_ContainerItem_Belt,,
inventorylfmobilitycontaineritemgadget,-512942385,DA_Inventory_LF_Mobility_ContainerItem_Gadget,,
inventorylfmobilitycontaineritemmelee,1795979974,DA_Inventory_LF_Mobility_ContainerItem_Melee,,
inventorylfmobilitycontaineritemsafepocket,-1337009080,DA_Inventory_LF_Mobility_ContainerItem_SafePocket,,
inventorylfmobilitycontaineritemweapon1,-88527392,DA_Inventory_LF_Mobility_ContainerItem_Weapon1,,
inventorylfmobilitycontainerslotarmor,-288107141,DA_Inventory_LF_Mobility_ContainerSlot_Armor,,
inventorylfmobilitycontainerslotbackpack,-2104108661,DA_Inventory_LF_Mobility_ContainerSlot_Backpack,,
inventorylfmobilitycontainerslotbelt,1205507629,DA_Inventory_LF_Mobility_ContainerSlot_Belt,,
inventorylfmobilitycontainerslotgadget,-1152999066,DA_Inventory_LF_Mobility_ContainerSlot_Gadget,,
inventorylfmobilitycontainerslotmelee,1757650828,DA_Inventory_LF_Mobility_ContainerSlot_Melee,,
inventorylfmobilitycontainerslotsafepocket,377672765,DA_Inventory_LF_Mobility_ContainerSlot_SafePocket,,
inventorylfmobilitycontainerslotweapon1,1593302090,DA_Inventory_LF_Mobility_ContainerSlot_Weapon1,,
inventorylfraider01containeritemarmor,1862864628,DA_Inventory_LF_Raider01_ContainerItem_Armor,,
inventorylfraider01containeritembackpack,707085701,DA_Inventory_LF_Raider01_ContainerItem_Backpack,,
inventorylfraider01containeritembelt,48591233,DA_Inventory_LF_Raider01_ContainerItem_Belt,,
inventorylfraider01containeritemmelee,1621193574,DA_Inventory_LF_Raider01_ContainerItem_Melee,,
inventorylfraider01containeritemsafepocket,1090010970,DA_Inventory_LF_Raider01_ContainerItem_SafePocket,,
inventorylfraider01containeritemweapon1,-726767961,DA_Inventory_LF_Raider01_ContainerItem_Weapon1,,
inventorylfraider01containeritemweapon2,-461470305,DA_Inventory_LF_Raider01_ContainerItem_Weapon2,,
inventorylfraider01containerslotarmor,135833769,DA_Inventory_LF_Raider01_ContainerSlot_Armor,,
inventorylfraider01containerslotbackpack,-451505170,DA_Inventory_LF_Raider01_ContainerSlot_Backpack,,
inventorylfraider01containerslotbelt,-1779768591,DA_Inventory_LF_Raider01_ContainerSlot_Belt,,
inventorylfraider01containerslotmelee,44376610,DA_Inventory_LF_Raider01_ContainerSlot_Melee,,
inventorylfraider01containerslotsafepocket,457412718,DA_Inventory_LF_Raider01_ContainerSlot_SafePocket,,
inventorylfraider01containerslotweapon1,1868802276,DA_Inventory_LF_Raider01_ContainerSlot_Weapon1,,
inventorylfraider01containerslotweapon2,530062629,DA_Inventory_LF_Raider01_ContainerSlot_Weapon2,,
inventorylfraider02containeritemarmor,-441538728,DA_Inventory_LF_Raider02_ContainerItem_Armor,,
inventorylfraider02containeritembackpack,-1787034734,DA_Inventory_LF_Raider02_ContainerItem_Backpack,,
inventorylfraider02containeritembelt,-92162265,DA_Inventory_LF_Raider02_ContainerItem_Belt,,
inventorylfraider02containeritemmelee,-487042564,DA_Inventory_LF_Raider02_ContainerItem_Melee,,
inventorylfraider02containeritemsafepocket,133015196,DA_Inventory_LF_Raider02_ContainerItem_SafePocket,,
inventorylfraider02containeritemweapon1,63236990,DA_Inventory_LF_Raider02_ContainerItem_Weapon1,,
inventorylfraider02containeritemweapon2,708676214,DA_Inventory_LF_Raider02_ContainerItem_Weapon2,,
inventorylfraider02containerslotarmor,-2144802109,DA_Inventory_LF_Raider02_ContainerSlot_Armor,,
inventorylfraider02containerslotbackpack,554150035,DA_Inventory_LF_Raider02_ContainerSlot_Backpack,,
inventorylfraider02containerslotbelt,-372950412,DA_Inventory_LF_Raider02_ContainerSlot_Belt,,
inventorylfraider02containerslotmelee,1557183276,DA_Inventory_LF_Raider02_ContainerSlot_Melee,,
inventorylfraider02containerslotsafepocket,-1808818063,DA_Inventory_LF_Raider02_ContainerSlot_SafePocket,,
inventorylfraider02containerslotweapon1,1364293158,DA_Inventory_LF_Raider02_ContainerSlot_Weapon1,,
inventorylfraider02containerslotweapon2,505681848,DA_Inventory_LF_Raider02_ContainerSlot_Weapon2,,
inventorylfraider03containeritemarmor,520155642,DA_Inventory_LF_Raider03_ContainerItem_Armor,,
inventorylfraider03containeritembackpack,1744401859,DA_Inventory_LF_Raider03_ContainerItem_Backpack,,
inventorylfraider03containeritembelt,-1036236112,DA_Inventory_LF_Raider03_ContainerItem_Belt,,
inventorylfraider03containeritemmelee,1756036395,DA_Inventory_LF_Raider03_ContainerItem_Melee,,
inventorylfraider03containeritemsafepocket,1178465550,DA_Inventory_LF_Raider03_ContainerItem_SafePocket,,
inventorylfraider03containeritemweapon1,-926472631,DA_Inventory_LF_Raider03_ContainerItem_Weapon1,,
inventorylfraider03containeritemweapon2,771048769,DA_Inventory_LF_Raider03_ContainerItem_Weapon2,,
inventorylfraider03containerslotarmor,316624680,DA_Inventory_LF_Raider03_ContainerSlot_Armor,,
inventorylfraider03containerslotbackpack,1661767536,DA_Inventory_LF_Raider03_ContainerSlot_Backpack,,
inventorylfraider03containerslotbelt,1860171114,DA_Inventory_LF_Raider03_ContainerSlot_Belt,,
inventorylfraider03containerslotmelee,1487115454,DA_Inventory_LF_Raider03_ContainerSlot_Melee,,
inventorylfraider03containerslotsafepocket,988684217,DA_Inventory_LF_Raider03_ContainerSlot_SafePocket,,
inventorylfraider03containerslotweapon1,1284133896,DA_Inventory_LF_Raider03_ContainerSlot_Weapon1,,
inventorylfraider03containerslotweapon2,-916654694,DA_Inventory_LF_Raider03_ContainerSlot_Weapon2,,
inventorylfraider04containeritemarmor,-1509746014,DA_Inventory_LF_Raider04_ContainerItem_Armor,,
inventorylfraider04containeritembackpack,1607578113,DA_Inventory_LF_Raider04_ContainerItem_Backpack,,
inventorylfraider04containeritembelt,-1188582677,DA_Inventory_LF_Raider04_ContainerItem_Belt,,
inventorylfraider04containeritemmelee,-554598184,DA_Inventory_LF_Raider04_ContainerItem_Melee,,
inventorylfraider04containeritemsafepocket,-855189248,DA_Inventory_LF_Raider04_ContainerItem_SafePocket,,
inventorylfraider04containeritemweapon1,-1719992727,DA_Inventory_LF_Raider04_ContainerItem_Weapon1,,
inventorylfraider04containeritemweapon2,-1554681840,DA_Inventory_LF_Raider04_ContainerItem_Weapon2,,
inventorylfraider04containerslotarmor,-664777054,DA_Inventory_LF_Raider04_ContainerSlot_Armor,,
inventorylfraider04containerslotbackpack,-250309798,DA_Inventory_LF_Raider04_ContainerSlot_Backpack,,
inventorylfraider04containerslotbelt,1837781043,DA_Inventory_LF_Raider04_ContainerSlot_Belt,,
inventorylfraider04containerslotmelee,-1231864196,DA_Inventory_LF_Raider04_ContainerSlot_Melee,,
inventorylfraider04containerslotsafepocket,1356345166,DA_Inventory_LF_Raider04_ContainerSlot_SafePocket,,
inventorylfraider04containerslotweapon1,1333258560,DA_Inventory_LF_Raider04_ContainerSlot_Weapon1,,
inventorylfraider04containerslotweapon2,374660481,DA_Inventory_LF_Raider04_ContainerSlot_Weapon2,,
inventorylfraider01,1566232021,DA_Inventory_LF_Raider_01,,
inventorylfraider02,-140762359,DA_Inventory_LF_Raider_02,,
inventorylfraider03,1076082116,DA_Inventory_LF_Raider_03,,
inventorylfraider04,-1551192654,DA_Inventory_LF_Raider_04,,
inventorylfraidert4revival,-1328608435,DA_Inventory_LF_Raider_T4_Revival,,
inventorylfraidert4revivalcontaineritemarmor,-1777974120,DA_Inventory_LF_Raider_T4_Revival_ContainerItem_Armor,,
inventorylfraidert4revivalcontaineritembackpack,-58446991,DA_Inventory_LF_Raider_T4_Revival_ContainerItem_Backpack,,
inventorylfraidert4revivalcontaineritembelt,1040316064,DA_Inventory_LF_Raider_T4_Revival_ContainerItem_Belt,,
inventorylfraidert4revivalcontaineritemmelee,926668988,DA_Inventory_LF_Raider_T4_Revival_ContainerItem_Melee,,
inventorylfraidert4revivalcontaineritemsafepocket,-1742030003,DA_Inventory_LF_Raider_T4_Revival_ContainerItem_SafePocket,,
inventorylfraidert4revivalcontaineritemweapon1,2146419713,DA_Inventory_LF_Raider_T4_Revival_ContainerItem_Weapon1,,
inventorylfraidert4revivalcontaineritemweapon2,757733679,DA_Inventory_LF_Raider_T4_Revival_ContainerItem_Weapon2,,
inventorylfraidert4revivalcontainerslotarmor,1975428721,DA_Inventory_LF_Raider_T4_Revival_ContainerSlot_Armor,,
inventorylfraidert4revivalcontainerslotbackpack,-1690579747,DA_Inventory_LF_Raider_T4_Revival_ContainerSlot_Backpack,,
inventorylfraidert4revivalcontainerslotbelt,1898865666,DA_Inventory_LF_Raider_T4_Revival_ContainerSlot_Belt,,
inventorylfraidert4revivalcontainerslotmelee,2138865075,DA_Inventory_LF_Raider_T4_Revival_ContainerSlot_Melee,,
inventorylfraidert4revivalcontainerslotsafepocket,-1571463867,DA_Inventory_LF_Raider_T4_Revival_ContainerSlot_SafePocket,,
inventorylfraidert4revivalcontainerslotweapon1,515825495,DA_Inventory_LF_Raider_T4_Revival_ContainerSlot_Weapon1,,
inventorylfraidert4revivalcontainerslotweapon2,1618363823,DA_Inventory_LF_Raider_T4_Revival_ContainerSlot_Weapon2,,
inventorylfraidert4safekeeper,1295057931,DA_Inventory_LF_Raider_T4_Safekeeper,,
inventorylfraidert4safekeepercontaineritemarmor,-3167236,DA_Inventory_LF_Raider_T4_Safekeeper_ContainerItem_Armor,,
inventorylfraidert4safekeepercontaineritemauxiliary,-473806797,DA_Inventory_LF_Raider_T4_Safekeeper_ContainerItem_Auxiliary,,
inventorylfraidert4safekeepercontaineritembackpack,425375516,DA_Inventory_LF_Raider_T4_Safekeeper_ContainerItem_Backpack,,
inventorylfraidert4safekeepercontaineritembelt,819785143,DA_Inventory_LF_Raider_T4_Safekeeper_ContainerItem_Belt,,
inventorylfraidert4safekeepercontaineritemmelee,-1494771194,DA_Inventory_LF_Raider_T4_Safekeeper_ContainerItem_Melee,,
inventorylfraidert4safekeepercontaineritemsafepocket,1017051366,DA_Inventory_LF_Raider_T4_Safekeeper_ContainerItem_SafePocket,,
inventorylfraidert4safekeepercontaineritemweapon1,-1167814970,DA_Inventory_LF_Raider_T4_Safekeeper_ContainerItem_Weapon1,,
inventorylfraidert4safekeepercontaineritemweapon2,1295046744,DA_Inventory_LF_Raider_T4_Safekeeper_ContainerItem_Weapon2,,
inventorylfraidert4safekeepercontainerslotarmor,-1722188527,DA_Inventory_LF_Raider_T4_Safekeeper_ContainerSlot_Armor,,
inventorylfraidert4safekeepercontainerslotauxiliary,-55455485,DA_Inventory_LF_Raider_T4_Safekeeper_ContainerSlot_Auxiliary,,
inventorylfraidert4safekeepercontainerslotbackpack,-108142172,DA_Inventory_LF_Raider_T4_Safekeeper_ContainerSlot_Backpack,,
inventorylfraidert4safekeepercontainerslotbelt,1512852984,DA_Inventory_LF_Raider_T4_Safekeeper_ContainerSlot_Belt,,
inventorylfraidert4safekeepercontainerslotmelee,980573866,DA_Inventory_LF_Raider_T4_Safekeeper_ContainerSlot_Melee,,
inventorylfraidert4safekeepercontainerslotsafepocket,1965448171,DA_Inventory_LF_Raider_T4_Safekeeper_ContainerSlot_SafePocket,,
inventorylfraidert4safekeepercontainerslotweapon1,1537829106,DA_Inventory_LF_Raider_T4_Safekeeper_ContainerSlot_Weapon1,,
inventorylfraidert4safekeepercontainerslotweapon2,-1030933935,DA_Inventory_LF_Raider_T4_Safekeeper_ContainerSlot_Weapon2,,
inventorylfrookie,1524465805,DA_Inventory_LF_Rookie,,
inventorylfrookiecontaineritemarmor,848476837,DA_Inventory_LF_Rookie_ContainerItem_Armor,,
inventorylfrookiecontaineritembackpack,-1738331839,DA_Inventory_LF_Rookie_ContainerItem_Backpack,,
inventorylfrookiecontaineritembelt,-774039738,DA_Inventory_LF_Rookie_ContainerItem_Belt,,
inventorylfrookiecontaineritemgadget,552633086,DA_Inventory_LF_Rookie_ContainerItem_Gadget,,
inventorylfrookiecontaineritemmelee,2061864078,DA_Inventory_LF_Rookie_ContainerItem_Melee,,
inventorylfrookiecontaineritemsafepocket,-1714382640,DA_Inventory_LF_Rookie_ContainerItem_SafePocket,,
inventorylfrookiecontaineritemweapon1,1455287433,DA_Inventory_LF_Rookie_ContainerItem_Weapon1,,
inventorylfrookiecontaineritemweapon2,-527650128,DA_Inventory_LF_Rookie_ContainerItem_Weapon2,,
inventorylfrookiecontainerslotarmor,-75777223,DA_Inventory_LF_Rookie_ContainerSlot_Armor,,
inventorylfrookiecontainerslotbackpack,-1328409862,DA_Inventory_LF_Rookie_ContainerSlot_Backpack,,
inventorylfrookiecontainerslotbelt,2068130183,DA_Inventory_LF_Rookie_ContainerSlot_Belt,,
inventorylfrookiecontainerslotgadget,2146070025,DA_Inventory_LF_Rookie_ContainerSlot_Gadget,,
inventorylfrookiecontainerslotmelee,-2076001543,DA_Inventory_LF_Rookie_ContainerSlot_Melee,,
inventorylfrookiecontainerslotsafepocket,513462606,DA_Inventory_LF_Rookie_ContainerSlot_SafePocket,,
inventorylfrookiecontainerslotweapon1,239815824,DA_Inventory_LF_Rookie_ContainerSlot_Weapon1,,
inventorylfrookiecontainerslotweapon2,150477168,DA_Inventory_LF_Rookie_ContainerSlot_Weapon2,,
inventorylfstandard,-2109745799,DA_Inventory_LF_Standard,,
inventorylfstandardcontaineritemarmor,1028949793,DA_Inventory_LF_Standard_ContainerItem_Armor,,
inventorylfstandardcontaineritemaugment,-374140647,DA_Inventory_LF_Standard_ContainerItem_Augment,,
inventorylfstandardcontaineritembackpack,-900626342,DA_Inventory_LF_Standard_ContainerItem_Backpack,,
inventorylfstandardcontaineritembelt,-1657530589,DA_Inventory_LF_Standard_ContainerItem_Belt,,
inventorylfstandardcontaineritemfirearm1,634463115,DA_Inventory_LF_Standard_ContainerItem_Firearm1,,
inventorylfstandardcontaineritemfirearm2,-83808680,DA_Inventory_LF_Standard_ContainerItem_Firearm2,,
inventorylfstandardcontaineritemgadget,1010380638,DA_Inventory_LF_Standard_ContainerItem_Gadget,,
inventorylfstandardcontaineritemmeleeweapon,-516143994,DA_Inventory_LF_Standard_ContainerItem_MeleeWeapon,,
inventorylfstandardcontaineritemsafepocket,742274453,DA_Inventory_LF_Standard_ContainerItem_SafePocket,,
inventorylfstandardcontainerslotarmor,1333996162,DA_Inventory_LF_Standard_ContainerSlot_Armor,,
inventorylfstandardcontainerslotaugment,-1407713155,DA_Inventory_LF_Standard_ContainerSlot_Augment,,
inventorylfstandardcontainerslotbackpack,-1935122902,DA_Inventory_LF_Standard_ContainerSlot_Backpack,,
inventorylfstandardcontainerslotbelt,1687384280,DA_Inventory_LF_Standard_ContainerSlot_Belt,,
inventorylfstandardcontainerslotfirearm1,-891583501,DA_Inventory_LF_Standard_ContainerSlot_Firearm1,,
inventorylfstandardcontainerslotfirearm2,789222533,DA_Inventory_LF_Standard_ContainerSlot_Firearm2,,
inventorylfstandardcontainerslotgadget,-1590818865,DA_Inventory_LF_Standard_ContainerSlot_Gadget,,
inventorylfstandardcontainerslotmeleeweapon,-588056456,DA_Inventory_LF_Standard_ContainerSlot_MeleeWeapon,,
inventorylfstandardcontainerslotsafepocket,-451662226,DA_Inventory_LF_Standard_ContainerSlot_SafePocket,,
inventorylftransport,-591389027,DA_Inventory_LF_Transport,,
inventorylftransportcontaineritemarmor,2129766118,DA_Inventory_LF_Transport_ContainerItem_Armor,,
inventorylftransportcontaineritembackpack,164826333,DA_Inventory_LF_Transport_ContainerItem_Backpack,,
inventorylftransportcontaineritembelt,-556335631,DA_Inventory_LF_Transport_ContainerItem_Belt,,
inventorylftransportcontaineritemgadget,-545241760,DA_Inventory_LF_Transport_ContainerItem_Gadget,,
inventorylftransportcontaineritemmelee,-1328258283,DA_Inventory_LF_Transport_ContainerItem_Melee,,
inventorylftransportcontaineritemsafepocket,390629643,DA_Inventory_LF_Transport_ContainerItem_SafePocket,,
inventorylftransportcontaineritemweapon1,-2140017279,DA_Inventory_LF_Transport_ContainerItem_Weapon1,,
inventorylftransportcontainerslotarmor,-119691948,DA_Inventory_LF_Transport_ContainerSlot_Armor,,
inventorylftransportcontainerslotbackpack,1225596861,DA_Inventory_LF_Transport_ContainerSlot_Backpack,,
inventorylftransportcontainerslotbelt,-593179952,DA_Inventory_LF_Transport_ContainerSlot_Belt,,
inventorylftransportcontainerslotgadget,463219795,DA_Inventory_LF_Transport_ContainerSlot_Gadget,,
inventorylftransportcontainerslotmelee,-703605522,DA_Inventory_LF_Transport_ContainerSlot_Melee,,
inventorylftransportcontainerslotsafepocket,482160762,DA_Inventory_LF_Transport_ContainerSlot_SafePocket,,
inventorylftransportcontainerslotweapon1,-1128650882,DA_Inventory_LF_Transport_ContainerSlot_Weapon1,,
inventorylfutilityfreeloadout,21248711,DA_Inventory_LF_Utility_FreeLoadout,,
inventorylfutilityfreeloadoutcontaineritemarmor,492007013,DA_Inventory_LF_Utility_FreeLoadout_ContainerItem_Armor,,
inventorylfutilityfreeloadoutcontaineritembackpack,850386344,DA_Inventory_LF_Utility_FreeLoadout_ContainerItem_Backpack,,
inventorylfutilityfreeloadoutcontaineritembelt,600209794,DA_Inventory_LF_Utility_FreeLoadout_ContainerItem_Belt,,
inventorylfutilityfreeloadoutcontaineritemmelee,-1049378004,DA_Inventory_LF_Utility_FreeLoadout_ContainerItem_Melee,,
inventorylfutilityfreeloadoutcontaineritemweapon1,844328403,DA_Inventory_LF_Utility_FreeLoadout_ContainerItem_Weapon1,,
inventorylfutilityfreeloadoutcontaineritemweapon2,1908430814,DA_Inventory_LF_Utility_FreeLoadout_ContainerItem_Weapon2,,
inventorylfutilityfreeloadoutcontainerslotarmor,-1154815572,DA_Inventory_LF_Utility_FreeLoadout_ContainerSlot_Armor,,
inventorylfutilityfreeloadoutcontainerslotbackpack,-1731892715,DA_Inventory_LF_Utility_FreeLoadout_ContainerSlot_Backpack,,
inventorylfutilityfreeloadoutcontainerslotbelt,-248326389,DA_Inventory_LF_Utility_FreeLoadout_ContainerSlot_Belt,,
inventorylfutilityfreeloadoutcontainerslotmelee,128044143,DA_Inventory_LF_Utility_FreeLoadout_ContainerSlot_Melee,,
inventorylfutilityfreeloadoutcontainerslotweapon1,-2091412102,DA_Inventory_LF_Utility_FreeLoadout_ContainerSlot_Weapon1,,
inventorylfutilityfreeloadoutcontainerslotweapon2,-415441839,DA_Inventory_LF_Utility_FreeLoadout_ContainerSlot_Weapon2,,
inventorylfutilityt1,-636707363,DA_Inventory_LF_Utility_T1,,
inventorylfutilityt1containeritemarmor,301923184,DA_Inventory_LF_Utility_T1_ContainerItem_Armor,,
inventorylfutilityt1containeritembackpack,22040762,DA_Inventory_LF_Utility_T1_ContainerItem_Backpack,,
inventorylfutilityt1containeritembelt,-166008386,DA_Inventory_LF_Utility_T1_ContainerItem_Belt,,
inventorylfutilityt1containeritemmelee,56420823,DA_Inventory_LF_Utility_T1_ContainerItem_Melee,,
inventorylfutilityt1containeritemsafepocket,1442945311,DA_Inventory_LF_Utility_T1_ContainerItem_SafePocket,,
inventorylfutilityt1containeritemweapon1,-1711433724,DA_Inventory_LF_Utility_T1_ContainerItem_Weapon1,,
inventorylfutilityt1containeritemweapon2,1360021217,DA_Inventory_LF_Utility_T1_ContainerItem_Weapon2,,
inventorylfutilityt1containerslotarmor,-402660824,DA_Inventory_LF_Utility_T1_ContainerSlot_Armor,,
inventorylfutilityt1containerslotbackpack,-1088427979,DA_Inventory_LF_Utility_T1_ContainerSlot_Backpack,,
inventorylfutilityt1containerslotbelt,974676317,DA_Inventory_LF_Utility_T1_ContainerSlot_Belt,,
inventorylfutilityt1containerslotmelee,1413630316,DA_Inventory_LF_Utility_T1_ContainerSlot_Melee,,
inventorylfutilityt1containerslotsafepocket,260494636,DA_Inventory_LF_Utility_T1_ContainerSlot_SafePocket,,
inventorylfutilityt1containerslotweapon1,-2142772724,DA_Inventory_LF_Utility_T1_ContainerSlot_Weapon1,,
inventorylfutilityt1containerslotweapon2,-2114213383,DA_Inventory_LF_Utility_T1_ContainerSlot_Weapon2,,
inventorylfutilityt2,1029107900,DA_Inventory_LF_Utility_T2,,
inventorylfutilityt2containeritemarmor,-80826819,DA_Inventory_LF_Utility_T2_ContainerItem_Armor,,
inventorylfutilityt2containeritemauxiliary,-1599478955,DA_Inventory_LF_Utility_T2_ContainerItem_Auxiliary,,
inventorylfutilityt2containeritembackpack,644089104,DA_Inventory_LF_Utility_T2_ContainerItem_Backpack,,
inventorylfutilityt2containeritembelt,1505327333,DA_Inventory_LF_Utility_T2_ContainerItem_Belt,,
inventorylfutilityt2containeritemmelee,-1667769874,DA_Inventory_LF_Utility_T2_ContainerItem_Melee,,
inventorylfutilityt2containeritemsafepocket,266643302,DA_Inventory_LF_Utility_T2_ContainerItem_SafePocket,,
inventorylfutilityt2containeritemweapon1,-11339742,DA_Inventory_LF_Utility_T2_ContainerItem_Weapon1,,
inventorylfutilityt2containeritemweapon2,1147763118,DA_Inventory_LF_Utility_T2_ContainerItem_Weapon2,,
inventorylfutilityt2containerslotarmor,-1071672769,DA_Inventory_LF_Utility_T2_ContainerSlot_Armor,,
inventorylfutilityt2containerslotauxiliary,912802676,DA_Inventory_LF_Utility_T2_ContainerSlot_Auxiliary,,
inventorylfutilityt2containerslotbackpack,1586617626,DA_Inventory_LF_Utility_T2_ContainerSlot_Backpack,,
inventorylfutilityt2containerslotbelt,1396280748,DA_Inventory_LF_Utility_T2_ContainerSlot_Belt,,
inventorylfutilityt2containerslotmelee,134970818,DA_Inventory_LF_Utility_T2_ContainerSlot_Melee,,
inventorylfutilityt2containerslotsafepocket,585522494,DA_Inventory_LF_Utility_T2_ContainerSlot_SafePocket,,
inventorylfutilityt2containerslotweapon1,945916638,DA_Inventory_LF_Utility_T2_ContainerSlot_Weapon1,,
inventorylfutilityt2containerslotweapon2,1456383354,DA_Inventory_LF_Utility_T2_ContainerSlot_Weapon2,,
inventorylfutilityt3defensive,-1640916197,DA_Inventory_LF_Utility_T3_Defensive,,
inventorylfutilityt3defensivecontaineritemarmor,-1883258404,DA_Inventory_LF_Utility_T3_Defensive_ContainerItem_Armor,,
inventorylfutilityt3defensivecontaineritembackpack,-85911258,DA_Inventory_LF_Utility_T3_Defensive_ContainerItem_Backpack,,
inventorylfutilityt3defensivecontaineritembelt,2050477803,DA_Inventory_LF_Utility_T3_Defensive_ContainerItem_Belt,,
inventorylfutilityt3defensivecontaineritemmelee,1962051170,DA_Inventory_LF_Utility_T3_Defensive_ContainerItem_Melee,,
inventorylfutilityt3defensivecontaineritemsafepocket,-1941499140,DA_Inventory_LF_Utility_T3_Defensive_ContainerItem_SafePocket,,
inventorylfutilityt3defensivecontaineritemweapon1,620880725,DA_Inventory_LF_Utility_T3_Defensive_ContainerItem_Weapon1,,
inventorylfutilityt3defensivecontaineritemweapon2,1306999712,DA_Inventory_LF_Utility_T3_Defensive_ContainerItem_Weapon2,,
inventorylfutilityt3defensivecontainerslotarmor,754959887,DA_Inventory_LF_Utility_T3_Defensive_ContainerSlot_Armor,,
inventorylfutilityt3defensivecontainerslotbackpack,-1990910379,DA_Inventory_LF_Utility_T3_Defensive_ContainerSlot_Backpack,,
inventorylfutilityt3defensivecontainerslotbelt,-1438462535,DA_Inventory_LF_Utility_T3_Defensive_ContainerSlot_Belt,,
inventorylfutilityt3defensivecontainerslotmelee,168163875,DA_Inventory_LF_Utility_T3_Defensive_ContainerSlot_Melee,,
inventorylfutilityt3defensivecontainerslotsafepocket,-264756260,DA_Inventory_LF_Utility_T3_Defensive_ContainerSlot_SafePocket,,
inventorylfutilityt3defensivecontainerslotweapon1,1749845632,DA_Inventory_LF_Utility_T3_Defensive_ContainerSlot_Weapon1,,
inventorylfutilityt3defensivecontainerslotweapon2,1724084783,DA_Inventory_LF_Utility_T3_Defensive_ContainerSlot_Weapon2,,
inventorylfutilityt3healing,-349134473,DA_Inventory_LF_Utility_T3_Healing,,
inventorylfutilityt3healingcontaineritemarmor,-907783154,DA_Inventory_LF_Utility_T3_Healing_ContainerItem_Armor,,
inventorylfutilityt3healingcontaineritemauxiliary,189229164,DA_Inventory_LF_Utility_T3_Healing_ContainerItem_Auxiliary,,
inventorylfutilityt3healingcontaineritembackpack,495350374,DA_Inventory_LF_Utility_T3_Healing_ContainerItem_Backpack,,
inventorylfutilityt3healingcontaineritembelt,-2088267260,DA_Inventory_LF_Utility_T3_Healing_ContainerItem_Belt,,
inventorylfutilityt3healingcontaineritemmelee,-970014776,DA_Inventory_LF_Utility_T3_Healing_ContainerItem_Melee,,
inventorylfutilityt3healingcontaineritemsafepocket,-560375781,DA_Inventory_LF_Utility_T3_Healing_ContainerItem_SafePocket,,
inventorylfutilityt3healingcontaineritemweapon1,-409024475,DA_Inventory_LF_Utility_T3_Healing_ContainerItem_Weapon1,,
inventorylfutilityt3healingcontaineritemweapon2,-1887396248,DA_Inventory_LF_Utility_T3_Healing_ContainerItem_Weapon2,,
inventorylfutilityt3healingcontainerslotarmor,343472510,DA_Inventory_LF_Utility_T3_Healing_ContainerSlot_Armor,,
inventorylfutilityt3healingcontainerslotauxiliary,1146535368,DA_Inventory_LF_Utility_T3_Healing_ContainerSlot_Auxiliary,,
inventorylfutilityt3healingcontainerslotbackpack,-2049110600,DA_Inventory_LF_Utility_T3_Healing_ContainerSlot_Backpack,,
inventorylfutilityt3healingcontainerslotbelt,-366139984,DA_Inventory_LF_Utility_T3_Healing_ContainerSlot_Belt,,
inventorylfutilityt3healingcontainerslotmelee,-801279261,DA_Inventory_LF_Utility_T3_Healing_ContainerSlot_Melee,,
inventorylfutilityt3healingcontainerslotsafepocket,523579804,DA_Inventory_LF_Utility_T3_Healing_ContainerSlot_SafePocket,,
inventorylfutilityt3healingcontainerslotweapon1,1648244636,DA_Inventory_LF_Utility_T3_Healing_ContainerSlot_Weapon1,,
inventorylfutilityt3healingcontainerslotweapon2,2131231514,DA_Inventory_LF_Utility_T3_Healing_ContainerSlot_Weapon2,,
inventorylfutilityt3smoke,-89748338,DA_Inventory_LF_Utility_T3_Smoke,,
inventorylfutilityt3smokecontaineritemarmor,-1597227626,DA_Inventory_LF_Utility_T3_Smoke_ContainerItem_Armor,,
inventorylfutilityt3smokecontaineritemauxiliary,-1425626814,DA_Inventory_LF_Utility_T3_Smoke_ContainerItem_Auxiliary,,
inventorylfutilityt3smokecontaineritembackpack,59742319,DA_Inventory_LF_Utility_T3_Smoke_ContainerItem_Backpack,,
inventorylfutilityt3smokecontaineritembelt,-827056206,DA_Inventory_LF_Utility_T3_Smoke_ContainerItem_Belt,,
inventorylfutilityt3smokecontaineritemmelee,-1300323133,DA_Inventory_LF_Utility_T3_Smoke_ContainerItem_Melee,,
inventorylfutilityt3smokecontaineritemsafepocket,-2143608986,DA_Inventory_LF_Utility_T3_Smoke_ContainerItem_SafePocket,,
inventorylfutilityt3smokecontaineritemweapon1,-2076477526,DA_Inventory_LF_Utility_T3_Smoke_ContainerItem_Weapon1,,
inventorylfutilityt3smokecontaineritemweapon2,-550664907,DA_Inventory_LF_Utility_T3_Smoke_ContainerItem_Weapon2,,
inventorylfutilityt3smokecontainerslotarmor,125599708,DA_Inventory_LF_Utility_T3_Smoke_ContainerSlot_Armor,,
inventorylfutilityt3smokecontainerslotauxiliary,-1127267396,DA_Inventory_LF_Utility_T3_Smoke_ContainerSlot_Auxiliary,,
inventorylfutilityt3smokecontainerslotbackpack,-524130849,DA_Inventory_LF_Utility_T3_Smoke_ContainerSlot_Backpack,,
inventorylfutilityt3smokecontainerslotbelt,-1451151083,DA_Inventory_LF_Utility_T3_Smoke_ContainerSlot_Belt,,
inventorylfutilityt3smokecontainerslotmelee,1143970783,DA_Inventory_LF_Utility_T3_Smoke_ContainerSlot_Melee,,
inventorylfutilityt3smokecontainerslotsafepocket,-1508859667,DA_Inventory_LF_Utility_T3_Smoke_ContainerSlot_SafePocket,,
inventorylfutilityt3smokecontainerslotweapon1,-1827322245,DA_Inventory_LF_Utility_T3_Smoke_ContainerSlot_Weapon1,,
inventorylfutilityt3smokecontainerslotweapon2,-1213453526,DA_Inventory_LF_Utility_T3_Smoke_ContainerSlot_Weapon2,,
inventoryloadoutframeslot,-1379879497,DA_Inventory_LoadoutFrameSlot,,
inventorysecretstashcontainert0,-627920101,DA_Inventory_SecretStashContainer_T0,,
inventorysecretstashcontainert1,546658969,DA_Inventory_SecretStashContainer_T1,,
inventorysecretstashcontainert10,-515738777,DA_Inventory_SecretStashContainer_T10,,
inventorysecretstashcontainert2,-669280345,DA_Inventory_SecretStashContainer_T2,,
inventorysecretstashcontainert3,151269142,DA_Inventory_SecretStashContainer_T3,,
inventorysecretstashcontainert4,1768491383,DA_Inventory_SecretStashContainer_T4,,
inventorysecretstashcontainert5,891719871,DA_Inventory_SecretStashContainer_T5,,
inventorysecretstashcontainert6,1232658973,DA_Inventory_SecretStashContainer_T6,,
inventorysecretstashcontainert7,1291280677,DA_Inventory_SecretStashContainer_T7,,
inventorysecretstashcontainert8,1078822883,DA_Inventory_SecretStashContainer_T8,,
inventorysecretstashcontainert9,1943868668,DA_Inventory_SecretStashContainer_T9,,
inventorystashcontainert01,-848973549,DA_Inventory_StashContainer_T01,,
inventorystashcontainert02,670024569,DA_Inventory_StashContainer_T02,,
inventorystashcontainert03,-935651405,DA_Inventory_StashContainer_T03,,
inventorystashcontainert04,459629608,DA_Inventory_StashContainer_T04,,
inventorystashcontainert05,1466788008,DA_Inventory_StashContainer_T05,,
inventorystashcontainert06,492462603,DA_Inventory_StashContainer_T06,,
inventorystashcontainert07,-223459290,DA_Inventory_StashContainer_T07,,
inventorystashcontainert08,686076007,DA_Inventory_StashContainer_T08,,
inventorystashcontainert09,-47408010,DA_Inventory_StashContainer_T09,,
inventorystashcontainert10,824256753,DA_Inventory_StashContainer_T10,,
inventorytreeroot,1173010504,DA_Inventory_TreeRoot,,
adrenaline_shot,923438116,DA_Item_AdrenalinShot,Adrenaline Shot,A serum that fully restores stamina and temporarily increases stamina regeneration.
photoelectric_cloak,2058762606,DA_Item_ARCFriendifierGadgetV2,Photoelectric Cloak,A gadget that allows the user to conceal themselves from ARC.
gear_bench,1415022693,DA_Item_ArmorBench_01,Gear Bench,The Gear Bench lets you craft Shields and Augments — provided you have the right resources.
surge_shield_recharger,-380745354,DA_Item_Armorpack,Surge Shield Recharger,A handheld kit that recharges a shield on use.
heavy_shield,103801093,DA_Item_Armor_HeavyBody,Heavy Shield,"A heavy shield that blocks a large portion of incoming damage
light_shield,9197506,DA_Item_Armor_LightBody,Light Shield,A lightweight shield that blocks a small portion of incoming damage without impacting mobility.
medium_shield,-2097404337,DA_Item_Armor_MediumBody,Medium Shield,A standard shield that blocks a medium portion of incoming damage at a moderate cost to mobility.
tempest,607122405,DA_Item_AssaultRifle_Bullpup_01,Tempest,Has moderate fire rate and accuracy.
arpeggio,-2005124131,DA_Item_AssaultRifle_Burst_01,Arpeggio,Has decent damage output and accuracy.
bettina,1293279143,DA_Item_AssaultRifle_Heavy_01,Bettina,Has slow fire rate and high damage output.
rattler,1361649590,DA_Item_AssaultRifle_LowTier_01,Rattler,"A cheap offensive option
kettle,287628378,DA_Item_AssaultRifle_Pneumatic_01,Kettle,"Quick and accurate
refiner,-935249204,DA_Item_AssemblyStation_01,Refiner,Crucial companion for any Raider finding themselves in frequent need of custom parts.
combat_mk_1,50992628,DA_Item_Augment_Combat_T1,Combat Mk. 1,"Basic combat augment. Supports stronger shields
combat_mk_2,-1489261627,DA_Item_Augment_Combat_T2,Combat Mk. 2,A combat augment more focused on maneuverability than absorbing damage.
combat_mk_3_aggressive,-468025815,DA_Item_Augment_Combat_T3_Aggressive,Combat Mk. 3 (Aggressive),"An improved version of the Combat II augment. Supports more shield types
combat_mk_3_flanking,-1068447725,DA_Item_Augment_Combat_T3_Flanking,Combat Mk. 3 (Flanking),A combat augment more focused on maneuverability than absorbing damage.
free_loadout_augment,1369416424,DA_Item_Augment_Looting_FreeLoadout,Free Loadout Augment,"Basic augment for rookie Raiders
looting_mk_1,1680690244,DA_Item_Augment_Looting_T1,Looting Mk. 1,"Basic looting augment. More backpack slots and weight capacity
looting_mk_2,-1156830089,DA_Item_Augment_Looting_T2,Looting Mk. 2,Significantly increases looting potential; adds slots for trinkets.
looting_mk_3_cautious,433079423,DA_Item_Augment_Looting_T3_Cautious,Looting Mk. 3 (Cautious),A looting augment that swaps some carry capacity to increase survivability.
looting_mk_3_survivor,303567898,DA_Item_Augment_Looting_T3_DBNO,Looting Mk. 3 (Survivor),A heavy-duty pack mule augment. Large weight capacity and large backpack space.
tactical_mk_3_revival,-1328695953,DA_Item_Augment_Raider_T4_Revival,Tactical Mk. 3 (Revival),A tactical augment focused on utility over defense and looting.
looting_mk_3_safekeeper,947411243,DA_Item_Augment_Raider_T4_Safekeeper,Looting Mk. 3 (Safekeeper),A looting augment that trades weight and utility for increased looting potential.
tactical_mk_1,966773769,DA_Item_Augment_Utility_T1,Tactical Mk. 1,"Basic tactical augment. More Quick Use slots for more tactical choice
tactical_mk_2,-1240487285,DA_Item_Augment_Utility_T2,Tactical Mk. 2,Adds more backpack space and an extra utility item slot.
tactical_mk_3_defensive,1101815928,DA_Item_Augment_Utility_T3_Defensive,Tactical Mk. 3 (Defensive),A defense-focused augment for keeping Shields topped up.
tactical_mk_3_healing,-1561038837,DA_Item_Augment_Utility_T3_Healing,Tactical Mk. 3 (Healing),A healing-focused augment which adds extra slots for healing items.
tactical_mk_3_smoke,-735920468,DA_Item_Augment_Utility_T3_Smoke,Tactical Mk. 3 (Smoke),"An upgraded version of the Tactical MK. 2 augment
raider_tool,411757406,DA_Item_BasicMeleeWeapon,Raider Tool,
snap_blast_grenade,753263571,DA_Item_BasicStickyGrenade,Snap Blast Grenade,"A grenade that sticks to surfaces
ferro,-1180768360,DA_Item_BattleRifle_BreachAction_01,Ferro,"Packs a punch
aphelion,582868715,DA_Item_BattleRifle_EnergyBurst_01,Aphelion,Fires high velocity energy rounds.
renegade,1503794034,DA_Item_BattleRifle_LeverAction_01,Renegade,"Lever-action battle rifle with high damage output
gear_bench,-92567848,DA_Item_ChamberStation_ArmorBench_02,Gear Bench,The Gear Bench lets you craft Shields and Augments — provided you have the right resources.
gear_bench,-1093740163,DA_Item_ChamberStation_ArmorBench_03,Gear Bench,The Gear Bench lets you craft Shields and Augments — provided you have the right resources.
refiner,1517102401,DA_Item_ChamberStation_AssemblyStation_02,Refiner,Crucial companion for any Raider finding themselves in frequent need of custom parts.
refiner,81797988,DA_Item_ChamberStation_AssemblyStation_03,Refiner,Crucial companion for any Raider finding themselves in frequent need of custom parts.
explosives_station,-44778840,DA_Item_ChamberStation_ExplosiveBench_02,Explosives Station,Craft your grenades and mines here. Very carefully.
explosives_station,-815789211,DA_Item_ChamberStation_ExplosiveBench_03,Explosives Station,Craft your grenades and mines here. Very carefully.
medical_lab,-1409422086,DA_Item_ChamberStation_PotionStation_02,Medical Lab,The Medical Lab is where you can create stimulants to give you that extra boost out in the wilds.
medical_lab,1157010858,DA_Item_ChamberStation_PotionStation_03,Medical Lab,The Medical Lab is where you can create stimulants to give you that extra boost out in the wilds.
recycle_station,1429680542,DA_Item_ChamberStation_RecycleStation_02,Recycle Station,"Breaks things down
recycle_station,884606596,DA_Item_ChamberStation_RecycleStation_03,Recycle Station,"Breaks things down
binoculars,762762439,DA_Item_CommonBinoculars,Binoculars,A basic pair of binoculars with two levels of magnification.
agave,-127927282,DA_Item_Consumable_Agave,Agave,A piece of an agave leaf. Can be used to regain a small amount of health.
agave_juice,1648154470,DA_Item_Consumable_AgaveJuice,Agave Juice,"A concoction that temporarily increases stamina regeneration
apricot,1219069540,DA_Item_Consumable_Apricot,Apricot,A sun ripe apricot. Can be consumed for a small amount of stamina.
fruit_mix,561161842,DA_Item_Consumable_FruitMix,Fruit Mix,A food item that moderately increases both health and stamina.
lemon,599997416,DA_Item_Consumable_Lemon,Lemon,Can be consumed for a small amount of stamina.
moss,1146379657,DA_Item_Consumable_Moss,Moss,Can be used to regain a small amount of health.
mushroom,-2014230306,DA_Item_Consumable_Mushroom,Mushroom,Can be consumed to regain a small amount of health.
olives,-944742704,DA_Item_Consumable_Olives,Olives,Can be consumed for a small amount of stamina.
prickly_pear,721769094,DA_Item_Consumable_PricklyPear,Prickly Pear,Can be consumed for a small amount of stamina.
resin,1962618186,DA_Item_Consumable_Resin,Resin,Can be used to gradually restore a small amount of health over time.
shield_recharger,-34507507,DA_Item_Consumable_ShieldOverTimePack,Shield Recharger,A handheld kit that gradually recharges shield over time.
crash_mat,-2085450547,DA_Item_CrashPad,Crash Mat,"A throwable emergency landing device
cred,1979925731,DA_Item_Currency_BattlePassPoints,Cred,Used to claim Raider Deck rewards. Earned by completing Feats.
raider_tokens,941631263,DA_Item_Currency_Hard,Raider Tokens,Used to purchase decks and cosmetics.
merits,358214703,DA_Item_Currency_LiveEvent03,Merits,
merits,-546555615,DA_Item_Currency_LiveEvent04,Merits,
seasonaleventscurrency,1295783213,DA_Item_Currency_LiveEvent05,SeasonalEventsCurrency,
merits,1158822220,DA_Item_Currency_LiveEventCurrency,Merits,
skill_points,1853323517,DA_Item_Currency_SkillPoints,Skill Points,Skill Points
merits,-86227440,DA_Item_Currency_WinterEvent,Merits,
defibrillator,-1688501435,DA_Item_Defibrillator,Defibrillator,An injection that quickly revives downed raiders and restores some health.
barricade_kit,1671732587,DA_Item_DeployableBarricade,Barricade Kit,A deployable cover that can block incoming damage until it breaks.
explosive_mine,1228913912,DA_Item_Deployable_JumpMine_Explosive,Explosive Mine,"A proximity-triggered mine that pops up and explodes
remote_raider_flare,1117029558,DA_Item_Deployable_RemoteFlareTrap,Remote Raider Flare,"A deployable device that
noisemaker,2028871781,DA_Item_Deployable_SoundTrap,Noisemaker,A deployable proximity sensor that sounds an alarm when enemy Raiders are detected.
door_blocker,-699310837,DA_Item_DoorBlocker,Door Blocker,A locking mechanism that can be placed on large metal doors to limit access.
blaze_grenade,697558734,DA_Item_DoTGrenade,Blaze Grenade,"A grenade that detonates on impact
surge_coil,-828273506,DA_Item_EmitterTrap_TeslaCoil,Surge Coil,A deployable device that periodically electrifies the area around itself and briefly stuns anything caught within it.
energy_clip,1619184001,DA_Item_EnergyAmmo,Energy Clip,Ammo used for energy weapons. One clip will fully charge a single weapon.
explosives_station,-518683794,DA_Item_ExplosiveBench_01,Explosives Station,Craft your grenades and mines here. Very carefully.
firecracker,-823752633,DA_Item_Firecrackers,Firecracker,A device that sparks and pops in a pleasant manner.
acoustic_guitar,-229932290,DA_Item_Gadget_Instrument_AcousticGuitar,Acoustic Guitar,"A playable acoustic guitar used to attract ARC's attention
recorder,1246914991,DA_Item_Gadget_Instrument_Flute,Recorder,"A playable recorder used to attract ARC's attention
shaker,1261688505,DA_Item_Gadget_Instrument_Shaker,Shaker,"A rhythmic instrument used to attract ARC's attention
coins,-898439395,DA_Item_GrindCurrency,Coins,Used to buy gear from Traders. Earned by selling loot and completing quests.
anvil,-1945077813,DA_Item_HandCannon_SingleAction_01,Anvil,"Has high damage output and headshot damage
herbal_bandage,1827408349,DA_Item_HealingHoT_Improvised,Herbal Bandage,An improvised medical item that gradually restores health over time.
sterilized_bandage,951468812,DA_Item_HealingHoT_Medium,Sterilized Bandage,A medical item that gradually restores a large amount health over time.
bandage,583877119,DA_Item_HealingHoT_Small,Bandage,A medical item that gradually restores health over time.
vita_shot,2041238290,DA_Item_HealthPack_01,Vita Shot,A medical item that restores a large amount of health.
vita_spray,1795670982,DA_Item_HealthSpray,Vita Spray,A medical item that continuously restores health during use. Can be used on yourself or your allies.
heavy_ammo,-1402742438,DA_Item_HeavyAmmo,Heavy Ammo,
heavy_fuze_grenade,787027311,DA_Item_HEGrenade,Heavy Fuze Grenade,"A grenade that detonates after a delay
homingmissile,1180461632,DA_Item_HomingMissile,,
seeker_grenade,-922322200,DA_Item_HomingMissileGrenade,Seeker Grenade,A homing grenade that targets a single nearby ARC dealing explosive damage on impact.
integrated_binoculars,1251242227,DA_Item_IntegratedBinoculars,Integrated Binoculars,"Can be equipped and used like regular binoculars
integrated_defibrillator,1289134227,DA_Item_IntegratedDefibrillator,Integrated Defibrillator,"Reusable Defibrillator on a fixed cooldown. Can be used like a normal Defibrillator
integrated_shield_recharger,-729404256,DA_Item_IntegratedShieldRepair,Integrated Shield Recharger,"Reusable Shield Recharger on a fixed cooldown. Can be used like a normal Shield Recharger
utility_station,1140794731,DA_Item_ItemBench_01,Utility Station,"Utility items are the bread and butter of any well-rounded Raider kit. Lures
utility_station,1553081706,DA_Item_ItemBench_02,Utility Station,"Utility items are the bread and butter of any well-rounded Raider kit. Lures
utility_station,1160802326,DA_Item_ItemBench_03,Utility Station,"Utility items are the bread and butter of any well-rounded Raider kit. Lures
jolt_mine,-643273323,DA_Item_JoltMine,Jolt Mine,A proximity-triggered mine that pops up and stuns anything within its radius.
pulse_mine,-100594742,DA_Item_JumpMine_Impulse,Pulse Mine,A proximity-triggered mine that pops up and knocks back anything within its radius.
gas_mine,458133629,DA_Item_JumpMine_StaminaDoT,Gas Mine,A proximity-triggered mine that pops up and deploys a gas cloud that rapidly drains stamina.
raider_hatch_key,-902952774,DA_Item_KeyItem_RaiderHatchKey,Raider Hatch Key,Unlocks a Raider Hatch.
blaze_grenade_trap,-1996442482,DA_Item_LaserTrap_DoTGrenade,Blaze Grenade Trap,A laser trip wire that detonates a Blaze Grenade.
smoke_grenade_trap,1117674957,DA_Item_LaserTrap_SmokeGrenade,Smoke Grenade Trap,A laser trip wire that detonates a Smoke Grenade.
gas_grenade_trap,-871523219,DA_Item_LaserTrap_StaminaDoT,Gas Grenade Trap,A laser trip wire that detonates a Gas Grenade.
lure_grenade_trap,305351814,DA_Item_LaserTrap_ThrowableDecoy,Lure Grenade Trap,A laser trip wire that detonates a Lure Grenade.
launcher_ammo,562831704,DA_Item_LauncherAmmo,Launcher Ammo,Anti-ARC payloads used mainly by the Hullcracker.
hullcracker,-1247702575,DA_Item_Launcher_AntiArc_Medium_01,Hullcracker,Fires explosive projectiles that only detonate when hitting ARC.
light_ammo,-1875547390,DA_Item_LightAmmo,Light Ammo,
torrente,-1448953711,DA_Item_LMG_Medium_01,Torrente,"Has a large ammo capacity
medium_ammo,313013500,DA_Item_MediumAmmo,Medium Ammo,
dockmasters_detector,-28450091,DA_Item_MetalDetector_01,Dockmaster's Detector,"These detectors seem to be able to locate foreign objects buried in the sands around Riven Tides
apollo,-413627600,DA_Item_NPC_Apollo,Apollo,"When he's not dealing in explosives
bilguun,2114319598,DA_Item_NPC_Bilguun,Bilguun,"Bilguun
celeste,-1431231910,DA_Item_NPC_Celeste,Celeste,"A survivor of the First Wave
juanito,-1970796639,DA_Item_NPC_Juanito,Juanito,
lance,1308805230,DA_Item_NPC_Lance,Lance,Need health items? The only thing Lance can't cure is the common cold.
posh,1529697069,DA_Item_NPC_Posh,Posh,
shani,-284744277,DA_Item_NPC_Shani,Shani,"Shani fights an uphill battle to keep Speranza safe. She could use a hand
tian_wen,-509224542,DA_Item_NPC_TianWen,Tian Wen,"Some call Tian Wen the ""gun nut""
burletta,-1369397808,DA_Item_Pistol_01,Burletta,Has decent damage output and accuracy.
venator,-2011391235,DA_Item_Pistol_HighPower_01,Venator,Fires two shots at a time.
hairpin,151930098,DA_Item_Pistol_Silenced_01,Hairpin,"Has a built-in silencer. Great for stealth
medical_lab,-1840090314,DA_Item_PotionStation_01,Medical Lab,The Medical Lab is where you can create stimulants to give you that extra boost out in the wilds.
powered_descender,-287542830,DA_Item_PoweredDescender,Powered Descender,"Reduces fall speed when used in the air
bettina_blueprint,762060615,DA_Item_Recipe_AssaultRifleHeavyRecipe,Bettina Blueprint,
blue_light_stick_blueprint,1449330526,DA_Item_Recipe_BlueGlowstickRecipe,Blue Light Stick Blueprint,
canto_blueprint,744641056,DA_Item_Recipe_CantoRecipe,Canto Blueprint,
aphelion_blueprint,-692327830,DA_Item_Recipe_ChargeRifleRecipe,Aphelion Blueprint,
combat_mk_3_flanking_blueprint,-553283088,DA_Item_Recipe_CombatAgumentIIIFlankingRecipe,Combat Mk. 3 (Flanking) Blueprint,
combat_mk_3_aggressive_blueprint,278799395,DA_Item_Recipe_CombatAgumentT3AggressiveRecipe,Combat Mk. 3 (Aggressive) Blueprint,
complex_gun_parts_blueprint,1102110705,DA_Item_Recipe_ComplexGunPartsRecipe,Complex Gun Parts Blueprint,
crash_mat_blueprint,-1396353093,DA_Item_Recipe_CrashPadRecipe,Crash Mat Blueprint,Lets you craft a Crash Mat
dolabra_blueprint,-979794626,DA_Item_Recipe_DolabraRecipe,Dolabra Blueprint,
fireworks_box_blueprint,878298795,DA_Item_Recipe_FireworksBoxBlueprint,Fireworks Box Blueprint,
gas_mine_blueprint,886788187,DA_Item_Recipe_GasMineRecipe,Gas Mine Blueprint,
green_light_stick_blueprint,-45026278,DA_Item_Recipe_GreenGlowstickRecipe,Green Light Stick Blueprint,
pulse_mine_blueprint,-2074531633,DA_Item_Recipe_ImpulseMineRecipe,Pulse Mine Blueprint,
seeker_grenade_blueprint,1383004532,DA_Item_Recipe_LoneWolfRecipe,Seeker Grenade Blueprint,
looting_mk_3_survivor_blueprint,-300660362,DA_Item_Recipe_LootingAgumentIIIDBNORecipe,Looting Mk. 3 (Survivor) Blueprint,
looting_mk_3_safekeeper_blueprint,920673300,DA_Item_Recipe_LootingAugmentT3CustodianRecipe,Looting Mk. 3 (Safekeeper) Blueprint,
powered_descender_blueprint,-213988730,DA_Item_Recipe_PoweredDescenderRecipe,Powered Descender Blueprint,Lets you craft a Powered Descender
angled_grip_ii_blueprint,-709850700,DA_Item_Recipe_Recipe_AngledGrip_02,Angled Grip II Blueprint,
angled_grip_iii_blueprint,-2113309921,DA_Item_Recipe_Recipe_AngledGrip_03,Angled Grip III Blueprint,
hullcracker_blueprint,-459566791,DA_Item_Recipe_Recipe_AntiARCLauncher,Hullcracker Blueprint,
anvil_blueprint,-348089449,DA_Item_Recipe_Recipe_Anvil,Anvil Blueprint,
arpeggio_blueprint,483899737,DA_Item_Recipe_Recipe_AssaultRifleBurst,Arpeggio Blueprint,
rattler_blueprint,-530397603,DA_Item_Recipe_Recipe_AssaultRifleLowTier,Rattler Blueprint,
barricade_kit_blueprint,-75288973,DA_Item_Recipe_Recipe_BarricadeKit,Barricade Kit Blueprint,
blaze_grenade_blueprint,1299206296,DA_Item_Recipe_Recipe_BlazeGrenade,Blaze Grenade Blueprint,
bobcat_blueprint,-1260920556,DA_Item_Recipe_Recipe_Bobcat,Bobcat Blueprint,
osprey_blueprint,-320739876,DA_Item_Recipe_Recipe_BoltActionMedium,Osprey Blueprint,
burletta_blueprint,2023489275,DA_Item_Recipe_Recipe_Burletta,Burletta Blueprint,
compensator_ii_blueprint,-1783980284,DA_Item_Recipe_Recipe_Compensator_02,Compensator II Blueprint,
compensator_iii_blueprint,-208510453,DA_Item_Recipe_Recipe_Compensator_03,Compensator III Blueprint,
defibrillator_blueprint,-1234113868,DA_Item_Recipe_Recipe_Defib,Defibrillator Blueprint,
door_blocker_blueprint,-1271743807,DA_Item_Recipe_Recipe_DoorBlocker,Door Blocker Blueprint,
equalizer_blueprint,2060851155,DA_Item_Recipe_Recipe_Equlizer,Equalizer Blueprint,
extended_barrel_blueprint,1934437826,DA_Item_Recipe_Recipe_ExtendedBarrel,Extended Barrel Blueprint,
extended_light_mag_ii_blueprint,-857337823,DA_Item_Recipe_Recipe_ExtendedLightMag_02,Extended Light Mag II Blueprint,
extended_light_mag_iii_blueprint,459407886,DA_Item_Recipe_Recipe_ExtendedLightMag_03,Extended Light Mag III Blueprint,
extended_medium_mag_ii_blueprint,-1202416011,DA_Item_Recipe_Recipe_ExtendedMediumMag_02,Extended Medium Mag II Blueprint,
extended_medium_mag_iii_blueprint,75778531,DA_Item_Recipe_Recipe_ExtendedMediumMag_03,Extended Medium Mag III Blueprint,
extended_shotgun_mag_ii_blueprint,-255420364,DA_Item_Recipe_Recipe_ExtendedShotgunMag_02,Extended Shotgun Mag II Blueprint,
extended_shotgun_mag_iii_blueprint,-2118305709,DA_Item_Recipe_Recipe_ExtendedShotgunMag_03,Extended Shotgun Mag III Blueprint,
remote_raider_flare_blueprint,-794870135,DA_Item_Recipe_Recipe_FlareTrap,Remote Raider Flare Blueprint,
heavy_gun_parts_blueprint,646572303,DA_Item_Recipe_Recipe_HeavyGunParts,Heavy Gun Parts Blueprint,
venator_blueprint,1282834879,DA_Item_Recipe_Recipe_HiPowerPistol,Venator Blueprint,
il_toro_blueprint,464538122,DA_Item_Recipe_Recipe_IlToro,Il Toro Blueprint,
jolt_mine_blueprint,-462994574,DA_Item_Recipe_Recipe_JoltMine,Jolt Mine Blueprint,
explosive_mine_blueprint,1266735983,DA_Item_Recipe_Recipe_JumpMine,Explosive Mine Blueprint,
jupiter_blueprint,-1233893659,DA_Item_Recipe_Recipe_Jupiter,Jupiter Blueprint,
light_gun_parts_blueprint,412920729,DA_Item_Recipe_Recipe_LightGunParts,Light Gun Parts Blueprint,
lightweight_stock_blueprint,-182223087,DA_Item_Recipe_Recipe_LightweightStock,Lightweight Stock Blueprint,
lure_grenade_blueprint,266335884,DA_Item_Recipe_Recipe_LureGrenade,Lure Grenade Blueprint,
medium_gun_parts_blueprint,-1511047275,DA_Item_Recipe_Recipe_MediumGunParts,Medium Gun Parts Blueprint,
torrente_blueprint,-543601975,DA_Item_Recipe_Recipe_MediumLMG,Torrente Blueprint,
muzzle_brake_ii_blueprint,1876196827,DA_Item_Recipe_Recipe_MuzzleBrake_02,Muzzle Brake II Blueprint,
muzzle_brake_iii_blueprint,-1697595116,DA_Item_Recipe_Recipe_MuzzleBrake_03,Muzzle Brake III Blueprint,
padded_stock_blueprint,542524924,DA_Item_Recipe_Recipe_PaddedStock,Padded Stock Blueprint,
shotgun_choke_ii_blueprint,-365598365,DA_Item_Recipe_Recipe_ShotgunChoke_02,Shotgun Choke II Blueprint,
shotgun_choke_iii_blueprint,1426983925,DA_Item_Recipe_Recipe_ShotgunChoke_03,Shotgun Choke III Blueprint,
shotgun_silencer_blueprint,-961903907,DA_Item_Recipe_Recipe_ShotgunSilencer,Shotgun Silencer Blueprint,
showstopper_blueprint,-828855343,DA_Item_Recipe_Recipe_Showstopper,Showstopper Blueprint,
silencer_i_blueprint,1402108763,DA_Item_Recipe_Recipe_Silencer_01,Silencer I Blueprint,
silencer_ii_blueprint,-2067768957,DA_Item_Recipe_Recipe_Silencer_02,Silencer II Blueprint,
snap_hook_blueprint,2132104320,DA_Item_Recipe_Recipe_SnapHook,Snap Hook Blueprint,
stable_stock_ii_blueprint,1288425767,DA_Item_Recipe_Recipe_StableStock_02,Stable Stock II Blueprint,
stable_stock_iii_blueprint,-692617228,DA_Item_Recipe_Recipe_StableStock_03,Stable Stock III Blueprint,
tagging_grenade_blueprint,-1418602101,DA_Item_Recipe_Recipe_TaggingGrenade,Tagging Grenade Blueprint,
tempest_blueprint,-673170998,DA_Item_Recipe_Recipe_Tempest,Tempest Blueprint,
trigger_nade_blueprint,1380531218,DA_Item_Recipe_Recipe_TriggerNade,Trigger Nade Blueprint,
vertical_grip_ii_blueprint,1558483939,DA_Item_Recipe_Recipe_VerticalGrip_02,Vertical Grip II Blueprint,
vertical_grip_iii_blueprint,-656772288,DA_Item_Recipe_Recipe_VerticalGrip_03,Vertical Grip III Blueprint,
vita_shot_blueprint,-423565474,DA_Item_Recipe_Recipe_VitaShot,Vita Shot Blueprint,
vita_spray_blueprint,-1557112845,DA_Item_Recipe_Recipe_VitaSpray,Vita Spray Blueprint,
vulcano_blueprint,-196900720,DA_Item_Recipe_Recipe_Vulcano,Vulcano Blueprint,
wolfpack_blueprint,-558241643,DA_Item_Recipe_Recipe_Wolfpack,Wolfpack Blueprint,
red_light_stick_blueprint,-1934265965,DA_Item_Recipe_RedGlowstickRecipe,Red Light Stick Blueprint,
smoke_grenade_blueprint,-1061946916,DA_Item_Recipe_SmokeGrenadeRecipe,Smoke Grenade Blueprint,
surge_coil_blueprint,1082962588,DA_Item_Recipe_SurgeCoilRecipe,Surge Coil Blueprint,
tactical_mk3_revival_blueprint,-1804268766,DA_Item_Recipe_TacticalAugmentT3RevivalRecipe,Tactical Mk.3 (Revival) Blueprint,
deadline_blueprint,-386705321,DA_Item_Recipe_TimedMineRecipe,Deadline Blueprint,
trailblazer_blueprint,-93272200,DA_Item_Recipe_TrailBlazerRecipe,Trailblazer Blueprint,
tactical_mk_3_defensive_blueprint,-1605165530,DA_Item_Recipe_UtilityAgumentT3DefensiveRecipe,Tactical Mk. 3 (Defensive) Blueprint,
tactical_mk_3_healing_blueprint,-658614890,DA_Item_Recipe_UtilityAgumentT3HealingRecipe,Tactical Mk. 3 (Healing) Blueprint,
tactical_mk3_smoke_blueprint,-1090682625,DA_Item_Recipe_UtilityAugmentT3SmokeRecipe,Tactical Mk.3 (Smoke) Blueprint,Lets you craft a T3 Smoke Augment
white_flag_blueprint,-882500659,DA_Item_Recipe_WhiteFlagRecipe,White Flag Blueprint,Lets you craft a White Flag
yellow_light_stick_blueprint,901535629,DA_Item_Recipe_YellowGlowStickRecipe,Yellow Light Stick Blueprint,
recycle_station,-1312166725,DA_Item_RecycleStation_01,Recycle Station,"Breaks things down
fireworks_box,-1616698820,DA_Item_RemoteTrap_FireworkBox,Fireworks Box,"A remotely triggered arrangement of dazzling fireworks
scrappy,1657228973,DA_Item_ResourceGenerator_01,Scrappy,Increases Scrappy's basic haul.
scrappy,2041317243,DA_Item_ResourceGenerator_02,Scrappy,Increases Scrappy's basic haul.
scrappy,1434069496,DA_Item_ResourceGenerator_03,Scrappy,Increases Scrappy's basic haul.
scrappy,2080275953,DA_Item_ResourceGenerator_04,Scrappy,Increases Scrappy's basic haul.
scrappy,1781867314,DA_Item_ResourceGenerator_05,Scrappy,Max Level
rounds_extracted,573822120,DA_Item_RoundsExtracted,Rounds Extracted,Number of rounds with a successful extraction
rounds_played,-1869396984,DA_Item_RoundsPlayed,Rounds Played,Number of rounds played
ruined_accordion,-141877207,DA_Item_Salvage_Accordion_01,Ruined Accordion,Can be recycled into crafting materials.
advanced_arc_powercell,246081482,DA_Item_Salvage_AdvancedARCPowercell,Advanced ARC Powercell,Very valuable resource that drops from certain ARC enemies.
advanced_electrical_components,-770265029,DA_Item_Salvage_AdvancedElectricalComponents,Advanced Electrical Components,Used to craft a wide range of items. Can be recycled into crafting materials.
advanced_mechanical_components,-926389249,DA_Item_Salvage_AdvancedGunParts,Advanced Mechanical Components,Used to craft advanced weapons. Can be recycled into crafting materials.
alarm_clock,-428713325,DA_Item_Salvage_AlarmClock,Alarm Clock,Can be recycled into crafting materials.
ancient_fort_security_code,-2134681974,DA_Item_Salvage_AncientFortSecurityCode,Ancient Fort Security Code,Temporary security code to unlock the main gate.
antiseptic,1332241414,DA_Item_Salvage_AntiSeptic,Antiseptic,Used to craft medical supplies. Can be recycled into chemicals.
arc_coolant,421801273,DA_Item_Salvage_ArcCoolant_01,ARC Coolant,Can be recycled into crafting materials.
impure_arc_coolant,1729534311,DA_Item_Salvage_ArcImpureCoolant_01,Impure ARC Coolant,Can be recycled into crafting materials.
ruined_baton,827960562,DA_Item_Salvage_Baton_01,Ruined Baton,Can be recycled into crafting materials.
battery,1039185396,DA_Item_Salvage_Battery,Battery,Used to craft a wide range of items. Can be recycled into scrap metal.
bicycle_pump,313938846,DA_Item_Salvage_BicyclePump_01,Bicycle Pump,Can be recycled into crafting materials.
blue_gate_confiscation_room_key,2129769166,DA_Item_Salvage_BlueGateUtilityKey1,Blue Gate Confiscation Room Key,Unlocks a door to the confiscated goods area within the Blue Gate tunnels
blue_gate_communication_tower_key,2133595346,DA_Item_Salvage_BlueGateUtilityKey2,Blue Gate Communication Tower Key,Unlocks a door by the Communication Tower near the Blue Gate
blue_gate_village_key,-844032381,DA_Item_Salvage_BlueGateUtilityKey3,Blue Gate Village Key,Unlocks a door to one of the old Village buildings near the Blue Gate
blue_gate_cellar_key,-113802073,DA_Item_Salvage_BlueGateUtilityKey4,Blue Gate Cellar Key,Unlocks certain cellar doors near the Blue Gate
damaged_arc_motion_core,-1084994886,DA_Item_Salvage_BrokenARCMechanism,Damaged ARC Motion Core,Can be recycled into crafting materials.
buried_city_hospital_key,1200348024,DA_Item_Salvage_BuriedCityUtilityKey1,Buried City Hospital Key,Unlocks a door in the Hospital in Buried City
buried_city_jkv_employee_access_card,-1920319269,DA_Item_Salvage_BuriedCityUtilityKey2,Buried City JKV Employee Access Card,Unlocks a door in the J Kozma Ventures company building in Buried City
buried_city_town_hall_key,-1275287419,DA_Item_Salvage_BuriedCityUtilityKey3,Buried City Town Hall Key,Unlocks the door to the Town Hall in Buried City
buried_city_residential_master_key,-1764906318,DA_Item_Salvage_BuriedCityUtilityKey4,Buried City Residential Master Key,Unlocks certain apartment doors in Buried City
camera_lens,285336333,DA_Item_Salvage_CameraLens_01,Camera Lens,Can be recycled into crafting materials.
candle_holder,-1599426473,DA_Item_Salvage_CandleHolder,Candle Holder,Can be recycled into crafting materials.
canister,-668588724,DA_Item_Salvage_Canister,Canister,Used to craft a wide range of items. Can be recycled into plastic.
cat_bed,1793382961,DA_Item_Salvage_CatBed_01,Cat Bed,At least a tiny bit more comfortable than your face.
chemicals,-1565478080,DA_Item_Salvage_Chemicals,Chemicals,"Used to craft medical supplies
bastion_cell,1266019904,DA_Item_Salvage_Chonk_Part,Bastion Cell,Can be recycled into crafting materials.
comet_igniter,-353362533,DA_Item_Salvage_CometPart,Comet Igniter,Can be recycled into crafting materials.
very_comfortable_pillow,-1286103237,DA_Item_Salvage_ComfortablePillow_01,Very Comfortable Pillow,The envy of every Raider. Like sleeping on an especially ergonomic cloud.
hidden_bunker_key,-1916425237,DA_Item_Salvage_Community_Event_TT1_Bunker_Key,Hidden Bunker Key,A makeshift key that lets you open a bunker in Spaceport
complex_gun_parts,1608603820,DA_Item_Salvage_ComplexGunParts,Complex Gun Parts,Used to craft advanced weapons.
coolant,-2089523165,DA_Item_Salvage_Coolant,Coolant,Can be recycled into crafting materials.
cooling_coil,1928875024,DA_Item_Salvage_CoolingCoil,Cooling Coil,Can be recycled into crafting materials.
cooling_fan,1694582967,DA_Item_Salvage_CoolingFan,Cooling Fan,Can be recycled into crafting materials.
crumpled_plastic_bottle,-384403080,DA_Item_Salvage_CrumpledPlasticBottle,Crumpled Plastic Bottle,Can be recycled into plastic parts.
damaged_heat_sink,2022140331,DA_Item_Salvage_DamagedHeatSink,Damaged Heat Sink,Can be recycled into crafting materials.
dam_controlled_access_zone_key,1616284588,DA_Item_Salvage_DamControlledAccessZoneKey,Dam Controlled Access Zone Key,Unlocks a door in the Controlled Access Zone on Dam Battlegrounds.
dart_board,447242639,DA_Item_Salvage_DartBoard_01,Dart Board,Some Raiders use it to practice dexterity. Others just like throwing things at other things.
diving_goggles,1125489375,DA_Item_Salvage_DivingGoggles_01,Diving Goggles,Can be recycled into crafting materials.
duct_tape,1224404530,DA_Item_Salvage_DuctTape,Duct Tape,Used to craft a wide range of items. Can be recycled into crafting materials.
electrical_components,-923201933,DA_Item_Salvage_ElectricalComponents,Electrical Components,Used to craft a wide range of items. Can be recycled into crafting materials.
candleberries,-373455872,DA_Item_Salvage_Event_Item_Candleberries,Candleberries,"A waxy berry that grows only during a small window each year. People have depended on them to make candles
exodus_modules,-1177716644,DA_Item_Salvage_ExodusPrototype,Exodus Modules,Used to craft a wide range of items.
expired_security_code,735654483,DA_Item_Salvage_ExpiredSecurityCode,Expired Security Code,An expired security code. Has no more practical use.
crude_explosives,1625205858,DA_Item_Salvage_ExplosiveMixture,Crude Explosives,Used to craft explosives. Can be recycled into crafting materials.
assessor_matrix,431449547,DA_Item_Salvage_Extractor_Part,Assessor Matrix,Can be recycled into crafting materials.
fabric,-1580114534,DA_Item_Salvage_Fabric,Fabric,Used to craft medical supplies and shields.
fertilizer,-894995539,DA_Item_Salvage_Fertilizer,Fertilizer,May be worth a few coins.
film_reel,-1442608039,DA_Item_Salvage_FilmReel_01,Film Reel,May be worth a few coins.
fine_wristwatch,-483653282,DA_Item_Salvage_FineWristwatch_01,Fine Wristwatch,"Perfect for telling the time
fireball_burner,-1426003438,DA_Item_Salvage_FireballPart,Fireball Burner,Can be recycled into ARC Alloy.
broken_flashlight,-1322084093,DA_Item_Salvage_FlashlightBroken_01,Broken Flashlight,Can be recycled into crafting materials.
flow_controller,42589958,DA_Item_Salvage_FlowController,Flow Controller,Can be recycled into crafting materials.
fossilized_lightning,1545024611,DA_Item_Salvage_FossilizedLightning,Fossilized Lightning,Can be recycled into crafting materials.
frequency_modulation_box,-729027837,DA_Item_Salvage_FrequencyModulationBox,Frequency Modulation Box,Can be recycled into crafting materials.
fried_motherboard,748926448,DA_Item_Salvage_FriedMotherboard,Fried Motherboard,Can be recycled into crafting materials.
frying_pan,-1423582397,DA_Item_Salvage_FryingPan,Frying Pan,Can be recycled into crafting materials.
geiger_counter,426624588,DA_Item_Salvage_GeigerCounter,Geiger Counter,Can be recycled into crafting materials.
broken_guidance_system,-1587726944,DA_Item_Salvage_GuidanceSystem_01,Broken Guidance System,Can be recycled into crafting materials.
simple_gun_parts,-574262619,DA_Item_Salvage_GunParts,Simple Gun Parts,Used to craft weapons.
ruined_handcuffs,2141216040,DA_Item_Salvage_Handcuffs,Ruined Handcuffs,Can be recycled into crafting materials.
headphones,-1395484519,DA_Item_Salvage_Headphones,Headphones,Can be recycled into crafting materials.
vaporizer_regulator,1348244387,DA_Item_Salvage_HeavyDroneLaser_Part,Vaporizer Regulator,Can be recycled into crafting materials.
firefly_burner,1989094565,DA_Item_Salvage_Hornetflamethrower_Part,Firefly Burner,Can be recycled into crafting materials.
household_cleaner,1742317181,DA_Item_Salvage_HouseholdCleaner,Household Cleaner,Can be recycled into chemicals.
humidifier,849284640,DA_Item_Salvage_Humidifier_01,Humidifier,Can be recycled into crafting materials.
industrial_battery,2096837185,DA_Item_Salvage_IndustrialBattery,Industrial Battery,Can be recycled into crafting materials.
industrial_charger,473499460,DA_Item_Salvage_IndustrialCharger,Industrial Charger,Can be recycled into crafting materials.
industrial_magnet,628543086,DA_Item_Salvage_IndustrialMagnet,Industrial Magnet,Can be recycled into crafting materials.
ion_sputter,134545014,DA_Item_Salvage_IonSputter,Ion Sputter,Can be recycled into crafting materials.
laboratory_reagents,1364313874,DA_Item_Salvage_LaboratoryReagents,Laboratory Reagents,Can be recycled into crafting materials.
light_gun_parts,-1385889770,DA_Item_Salvage_LightGunParts,Light Gun Parts,Assorted spare parts used for pistols and SMGs.
magnet,-863904193,DA_Item_Salvage_Magnet,Magnet,Used to craft a wide range of items. Can be recycled into crafting materials.
magnetic_accelerator,717605649,DA_Item_Salvage_MagneticAccelerator,Magnetic Accelerator,Used to craft advanced weapons.
magnetron,865158241,DA_Item_Salvage_Magnetron,Magnetron,Can be recycled into crafting materials.
arc_circuitry,1107192907,DA_Item_Salvage_Mat_ArcCircuitBoard,ARC Circuitry,Obtained from ARC enemies or activities. Used to craft components. Can be recycled into ARC Alloy.
arc_motion_core,-900569094,DA_Item_Salvage_Mat_ArcMechanism,ARC Motion Core,Obtained from ARC enemies or activities. Used to craft components. Can be recycled into ARC Alloy.
arc_powercell,-1447314005,DA_Item_Salvage_Mat_ARC_Core,ARC Powercell,Valuable resource that drops from all ARC enemies.
arc_alloy,1370841463,DA_Item_Salvage_Mat_ARC_Metal,ARC Alloy,"Obtained from ARC enemies or activities
tattered_arc_lining,-2124548786,DA_Item_Salvage_Mat_Baron_Cloth,Tattered ARC Lining,Can be recycled into crafting materials.
rusty_arc_steel,-174734319,DA_Item_Salvage_Mat_Baron_Ingot,Rusty ARC Steel,Can be recycled into crafting materials.
dried_out_arc_resin,-2113221072,DA_Item_Salvage_Mat_Baron_Oil,Dried-Out ARC Resin,Can be recycled into crafting materials.
degraded_arc_rubber,517463307,DA_Item_Salvage_Mat_Baron_Rubber,Degraded ARC Rubber,Can be recycled into crafting materials.
leaper_pulse_unit,1151565517,DA_Item_Salvage_Mat_Bison_Part,Leaper Pulse Unit,Can be recycled into crafting materials.
burned_arc_circuitry,341892685,DA_Item_Salvage_Mat_Burned_ARC_CircuitBoard,Burned ARC Circuitry,Can be recycled into crafting materials.
damaged_arc_powercell,-1994200966,DA_Item_Salvage_Mat_Damaged_ARC_Core,Damaged ARC Powercell,Can be recycled into crafting materials.
damaged_leaper_pulse_unit,-1184915542,DA_Item_Salvage_Mat_Damaged_Bison_Part,Damaged Leaper Pulse Unit,Can be recycled into crafting materials.
damaged_hornet_driver,-320978515,DA_Item_Salvage_Mat_Damaged_Hornet_Part,Damaged Hornet Driver,Can be recycled into crafting materials.
damaged_snitch_scanner,1148851826,DA_Item_Salvage_Mat_Damaged_Snitch_Scanner,Damaged Snitch Scanner,Can be recycled into crafting materials.
damaged_wasp_driver,-969924004,DA_Item_Salvage_Mat_Damaged_Wasp_Part,Damaged Wasp Driver,Can be recycled into crafting materials.
damaged_rocketeer_driver,937482096,DA_Item_Salvage_Mat_Damage_Rocketeer_Part,Damaged Rocketeer Driver,Can be recycled into crafting materials.
rocketeer_driver,1352103757,DA_Item_Salvage_Mat_HeavyDronePart,Rocketeer Driver,Can be recycled into crafting materials.
heavy_gun_parts,-1903407680,DA_Item_Salvage_Mat_HeavyGunParts,Heavy Gun Parts,Used to craft weapons.
hornet_driver,1004483718,DA_Item_Salvage_Mat_Hornet_Part,Hornet Driver,Can be recycled into ARC Alloy.
arc_thermo_lining,1533374440,DA_Item_Salvage_Mat_Intact_Baron_Cloth,ARC Thermo Lining,Can be recycled into crafting materials.
arc_performance_steel,-1068126131,DA_Item_Salvage_Mat_Intact_Baron_Ingot,ARC Performance Steel,Can be recycled into crafting materials.
arc_synthetic_resin,10866537,DA_Item_Salvage_Mat_Intact_Baron_Oil,ARC Synthetic Resin,Can be recycled into crafting materials.
arc_flex_rubber,-994234794,DA_Item_Salvage_Mat_Intact_Baron_Rubber,ARC Flex Rubber,Can be recycled into crafting materials.
expired_pasta,191704511,DA_Item_Salvage_Mat_Junk_2,Expired Pasta,Way pasta its prime.
bloated_tuna_can,149941307,DA_Item_Salvage_Mat_Junk_3,Bloated Tuna Can,Something tells you that you don't want to open this...
damaged_fireball_burner,134844346,DA_Item_Salvage_Mat_RollBot_Damaged_Part,Damaged Fireball Burner,Can be recycled into crafting materials.
snitch_scanner,-943023152,DA_Item_Salvage_Mat_Snitch_Part,Snitch Scanner,Can be recycled into ARC Alloy.
damaged_tick_pod,-1403641624,DA_Item_Salvage_Mat_Tick_Damaged_Part,Damaged Tick Pod,Can be recycled into crafting materials.
tick_pod,-505000565,DA_Item_Salvage_Mat_Tick_Part,Tick Pod,Can be recycled into crafting materials.
wasp_driver,-1712774896,DA_Item_Salvage_Mat_Wasp_Part,Wasp Driver,Can be recycled into ARC Alloy.
mechanical_components,1959573223,DA_Item_Salvage_MechanicalComponents,Mechanical Components,Used to craft a wide range of items. Can be recycled into crafting materials.
rusted_shut_medical_kit,593277545,DA_Item_Salvage_MedicalKitBroken_01,Rusted Shut Medical Kit,Can be recycled into crafting materials.
medium_gun_parts,-637598838,DA_Item_Salvage_MediumGunParts,Medium Gun Parts,Assorted spare parts used for rifles.
metal_brackets,-959674358,DA_Item_Salvage_MetalBrackets,Metal Brackets,Can be recycled into metal parts.
microscope,-157659864,DA_Item_Salvage_Microscope,Microscope,Can be recycled into crafting materials.
mini_centrifuge,-1592298341,DA_Item_Salvage_MiniCentrifuge,Mini Centrifuge,Can be recycled into crafting materials.
mod_components,464233263,DA_Item_Salvage_ModComponents,Mod Components,Used to craft weapon mods. Can be recycled into crafting materials.
bombardier_cell,415465622,DA_Item_Salvage_MonkPart,Bombardier Cell,Can be recycled into crafting materials.
turbine_compressor,1015139423,DA_Item_Salvage_Monolith_Part,Turbine Compressor,Can be recycled into crafting materials.
motor,-734190498,DA_Item_Salvage_Motor,Motor,Can be recycled into crafting materials.
stella_montis_security_checkpoint_key,-2103368401,DA_Item_Salvage_MountainCompound_UtilityKey1,Stella Montis Security Checkpoint Key,Unlocks a door in the Security Checkpoint in Stella Montis
stella_montis_medical_storage_key,189050774,DA_Item_Salvage_MountainCompound_Utilitykey2,Stella Montis Medical Storage Key,Unlocks a door in Medical Research in Stella Montis
stella_montis_archives_key,-1845464234,DA_Item_Salvage_MountainCompound_UtilityKey3,Stella Montis Archives Key,Unlocks a door in the Archives in Stella Montis
stella_montis_assembly_admin_key,-2047792735,DA_Item_Salvage_MountainCompound_UtilityKey4,Stella Montis Assembly Admin Key,Unlocks a door in Assembly in Stella Montis
music_album,7507512,DA_Item_Salvage_MusicAlbum_01,Music Album,"Perfect for relaxing nights at home
music_box,-1034612605,DA_Item_Salvage_MusicBox_01,Music Box,Worth a small fortune.
number_plate,-1243897466,DA_Item_Salvage_NumberPlate,Number Plate,Can be recycled into metal parts.
oil,1741060583,DA_Item_Salvage_Oil,Oil,Used to craft weapons and explosives. Can be recycled into chemicals.
painted_box,2066859179,DA_Item_Salvage_PaintedBox_01,Painted Box,May be worth a few coins.
ruined_parachute,-1170955422,DA_Item_Salvage_Parachute_01,Ruined Parachute,Can be recycled into crafting materials.
patrol_car_key,-16809548,DA_Item_Salvage_PatrolCarKey,Patrol Car Key,Unlocks the rear door of a patrol car
queen_reactor,-876378926,DA_Item_Salvage_Peppermint_Part,Queen Reactor,Can be recycled into crafting materials.
pilgrims_peak_security_code,989020743,DA_Item_Salvage_PilgrimsPeakSecurityCode,Pilgrim's Peak Security Code,Temporary security code to unlock the main gate.
spotter_relay,-600381599,DA_Item_Salvage_PingerPart,Spotter Relay,Can be recycled into crafting materials.
plastic_parts,828947161,DA_Item_Salvage_Plastic,Plastic Parts,Used to craft a wide range of items.
plastic_trash,373384136,DA_Item_Salvage_PlasticTrash,Plastic Trash,Can be recycled into plastic parts.
polluted_air_filter,424739364,DA_Item_Salvage_PollutedAirFilter,Polluted Air Filter,Can be recycled into crafting materials.
pop_trigger,1041760181,DA_Item_Salvage_PopPart,Pop Trigger,Can be recycled into crafting materials.
portable_tv,1305834322,DA_Item_Salvage_PortableTV,Portable TV,Can be recycled into crafting materials.
poster_of_natural_wonders,-561477069,DA_Item_Salvage_PosterNature_01,Poster of Natural Wonders,"If you stand close and squint your eyes
pottery,-887700247,DA_Item_Salvage_Pottery_01,Pottery,May be worth a few coins.
power_bank,-77932300,DA_Item_Salvage_PowerBank,Power Bank,Can be recycled into crafting materials.
power_cable,1502122136,DA_Item_Salvage_PowerCable,Power Cable,Can be recycled into crafting materials.
power_rod,313149189,DA_Item_Salvage_PowerRod,Power Rod,Used in crafting.
processor,303320919,DA_Item_Salvage_Processor,Processor,Used in crafting.
projector,915052893,DA_Item_Salvage_Projector_01,Projector,Can be recycled into crafting materials.
major_aivas_patch,-2082046880,DA_Item_Salvage_Quest_AivasPatch,Major Aiva's Patch,"A torn patch
celestes_journal,2038694529,DA_Item_Salvage_Quest_CelesteJournal,Celeste's Journal,"Battered and torn
dodgers_note,-1333261430,DA_Item_Salvage_Quest_DodgersNote,Dodger's Note,"A hurriedly scribbled note
nutrient_meter,-1841323035,DA_Item_Salvage_Quest_ECMeter,Nutrient Meter,Ideal for monitoring soil and water nutrient levels in greenhouses or fields.
espresso_machine_parts,1145275220,DA_Item_Salvage_Quest_EspressoMachineParts,Espresso Machine Parts,Replacement parts salvaged from an espresso machine.
esr_analyzer,-1833440778,DA_Item_Salvage_Quest_ESRAnalyzer,ESR Analyzer,"A portable analyzer from the world before
first_wave_tape,577885066,DA_Item_Salvage_Quest_FirstWaveCamcorder,First Wave Tape,An old tape found inside a battered old camcorder.
first_wave_compass,1655934613,DA_Item_Salvage_Quest_FirstWaveCompass,First Wave Compass,"Dusty but functional
first_wave_rations,352582521,DA_Item_Salvage_Quest_FirstWaveRations,First Wave Rations,"Often heated above discreet fires
library_book,-946162568,DA_Item_Salvage_Quest_LibraryBook,Library Book,"A literary masterpiece filled with fantastical worlds
lidar_scanner,-535817636,DA_Item_Salvage_Quest_LiDARScanner,LiDAR Scanner,A laser-based scanner used to detect the subtlest changes to the Earth's surface
major_aivas_mementos,988724345,DA_Item_Salvage_Quest_Mementos,Major Aiva's Mementos,"A closely-shut box
moisture_meter,-1936062178,DA_Item_Salvage_Quest_Moisture_Probe,Moisture Meter,Measures soil moisture levels for precise irrigation control.
official_shutdown_documentation,-1983989674,DA_Item_Salvage_Quest_Official_Shutdown_Documentation,Official Shutdown Documentation,Top-secret protocols outlining the shutdown of Project Heartwood.
marano_market_business_card,600159119,DA_Item_Salvage_Quest_OldMarket_Card,Marano Market Business Card,The scribbled writing on this business card almost obscures the logo of Marano's market.
project_heartwood_blueprints,-674121740,DA_Item_Salvage_Quest_OldReport,Project Heartwood Blueprints,"A mix of complex-looking blueprints and reports
possibly_toxic_plant,211788372,DA_Item_Salvage_Quest_Plant,Possibly Toxic Plant,"A speculated source of miraculous healing
precision_gimbal,-1082992123,DA_Item_Salvage_Quest_PrecisionGimbal,Precision Gimbal,"A particularly mesmerizing part
raider_flag,-2019875683,DA_Item_Salvage_Quest_RaiderFlag,Raider Flag,"Sun-bleached and wrinkled
old_world_books,-1475885807,DA_Item_Salvage_Quest_RareBooks,Old World Books,"The past survives in fragments
dusty_film_reel,893137827,DA_Item_Salvage_Quest_RecordingTape,Dusty Film Reel,A dusty recording of a solemn corporate announcement.
scout_patrol_note,307322161,DA_Item_Salvage_Quest_ScoutPatrol_Note,Scout Patrol Note,A note seemingly documenting patrol schedules and access codes.
secret_meeting_info,-23348055,DA_Item_Salvage_Quest_Secret_Meeting_Info,Secret Meeting Info,Thorough documentation of secret meetings held by researchers around the Stella Montis facility.
experimental_seed_sample,1956363264,DA_Item_Salvage_Quest_SeedPacket,Experimental Seed Sample,A cryogenically frozen research sample of an experimental crop.
seed_vault_box_key,-195670371,DA_Item_Salvage_Quest_SeedVault_Key,Seed Vault Box Key,A key opening a specific box in Stella Montis' Seed Vault.
flushing_terminal_key,-318995282,DA_Item_Salvage_Quest_TerminalKey,Flushing Terminal Key,A pungent key used to operate the Flushing Terminals in the tunnels below Spaceport.
stack_of_movie_tapes,334814973,DA_Item_Salvage_Quest_VideoTape,Stack of Movie Tapes,"A stack of movie tapes
radio,2011274164,DA_Item_Salvage_Radio,Radio,Can be recycled into crafting materials.
broken_handheld_radio,-1915974299,DA_Item_Salvage_RadioBroken_01,Broken Handheld Radio,Can be recycled into crafting materials.
radio_relay,-816199752,DA_Item_Salvage_RadioRelay,Radio Relay,Can be recycled into crafting materials.
raiders_refuge_security_code,-1065915967,DA_Item_Salvage_RaidersRefugeSecurityCode,Raider's Refuge Security Code,Temporary security code to unlock the main gate.
red_coral_jewelry,2130940125,DA_Item_Salvage_RedCoralJewelry_01,Red Coral Jewelry,"Valued for its fine craftsmanship
explosive_compound,1004246812,DA_Item_Salvage_RefinedExplosives,Explosive Compound,Used to craft explosives.
remote_control,443470960,DA_Item_Salvage_RemoteControl,Remote Control,Can be recycled into crafting materials.
ruined_riot_shield,-1670118133,DA_Item_Salvage_RiotShieldBroken_01,Ruined Riot Shield,Can be recycled into crafting materials.
riven_tides_crane_house_keycard,1381640423,DA_Item_Salvage_RivenTidesCraneHouseKey,Riven Tides Crane House Keycard,Unlocks a door in one of the Crane Houses at Riven Tides.
riven_tides_hotel_keycard_no_102,-1226112249,DA_Item_Salvage_RivenTidesHotelKey1,Riven Tides Hotel Keycard No. 102,Unlocks the door to one of Panorama Azzurro's many suites at Riven Tides.
riven_tides_hotel_keycard_no_107,98698078,DA_Item_Salvage_RivenTidesHotelKey2,Riven Tides Hotel Keycard No. 107,Unlocks the door to one of Panorama Azzurro's many suites at Riven Tides.
riven_tides_hotel_keycard_no_113,-766577743,DA_Item_Salvage_RivenTidesHotelKey3,Riven Tides Hotel Keycard No. 113,Unlocks the door to one of Panorama Azzurro's many suites at Riven Tides.
riven_tides_hotel_keycard_no_205,1049453236,DA_Item_Salvage_RivenTidesHotelKey4,Riven Tides Hotel Keycard No. 205,Unlocks the door to one of Panorama Azzurro's many suites at Riven Tides.
riven_tides_hotel_keycard_no_208,2018078062,DA_Item_Salvage_RivenTidesHotelKey5,Riven Tides Hotel Keycard No. 208,Unlocks the door to one of Panorama Azzurro's many suites at Riven Tides.
riven_tides_hotel_keycard_no_311,-218262343,DA_Item_Salvage_RivenTidesHotelKey6,Riven Tides Hotel Keycard No. 311,Unlocks the door to one of Panorama Azzurro's many suites at Riven Tides.
riven_tides_hotel_keycard_no_404,1351205294,DA_Item_Salvage_RivenTidesHotelKey7,Riven Tides Hotel Keycard No. 404,Unlocks the door to one of Panorama Azzurro's many suites at Riven Tides.
riven_tides_classified_records_keycard,824934098,DA_Item_Salvage_RivenTidesWaveBreakerKey1,Riven Tides Classified Records Keycard,Unlocks a door to the Classified Records room in the Port Authority Building at Riven Tides.
riven_tides_secure_storage_keycard,-1167788899,DA_Item_Salvage_RivenTidesWaveBreakerKey2,Riven Tides Secure Storage Keycard,Unlocks a door to the Secure Storage room in the Port Authority Building at Riven Tides.
rocket_thruster,-1503671306,DA_Item_Salvage_RocketThruster,Rocket Thruster,Can be recycled into crafting materials.
surveyor_vault,-1333721780,DA_Item_Salvage_Rollbot_Part,Surveyor Vault,Can be recycled into crafting materials.
roots,-1066783360,DA_Item_Salvage_Roots,Roots,May be worth a few coins.
rope,130254116,DA_Item_Salvage_Rope,Rope,Used in crafting.
rosary,1902251599,DA_Item_Salvage_Rosary_01,Rosary,May be worth a few coins.
rotary_encoder,897279399,DA_Item_Salvage_RotaryEncoder,Rotary Encoder,Can be recycled into crafting materials.
rubber_parts,-2048050889,DA_Item_Salvage_Rubber,Rubber Parts,Used to craft a wide range of items.
rubber_bands,-660832239,DA_Item_Salvage_RubberBand_01,Rubber Bands,Can be recycled into crafting materials.
rubber_pad,423997188,DA_Item_Salvage_RubberPad,Rubber Pad,Can be recycled into rubber parts.
ruined_augment,-486305029,DA_Item_Salvage_RuinedAugment,Ruined Augment,An augment ruined beyond repair.
shredder_gyro,-1407135982,DA_Item_Salvage_RunnerPart,Shredder Gyro,Can be recycled into crafting materials.
rusted_bolts,866985065,DA_Item_Salvage_RustedBolts,Rusted Bolts,Can be recycled into metal parts.
rusted_gear,287464378,DA_Item_Salvage_RustedGear,Rusted Gear,Can be recycled into crafting materials.
rusted_tools,-741882707,DA_Item_Salvage_RustedTools,Rusted Tools,Can be recycled into metal parts.
unusable_weapon,-1311488653,DA_Item_Salvage_RustedWeapon,Unusable Weapon,Can be recycled into crafting materials.
sample_cleaner,-1997648523,DA_Item_Salvage_SampleCleaner,Sample Cleaner,Can be recycled into crafting materials.
cracked_bioscanner,524538760,DA_Item_Salvage_Scanner_01,Cracked Bioscanner,Can be recycled into crafting materials.
metal_parts,-1437131902,DA_Item_Salvage_ScrapMetal,Metal Parts,Used to craft a wide range of items.
reinforced_reception_security_code,-700849739,DA_Item_Salvage_SecurityCode,Reinforced Reception Security Code,Temporary security code to unlock the main gate.
assorted_seeds,1051518749,DA_Item_Salvage_Seeds,Assorted Seeds,A handful of seeds. Celeste might be looking for these.
sensors,-17247411,DA_Item_Salvage_Sensors,Sensors,Used in crafting.
shotgun_parts,772095082,DA_Item_Salvage_ShotgunParts,Shotgun Parts,This one should be obvious.
signal_amplifier,731997966,DA_Item_Salvage_SignalAmplifier,Signal Amplifier,Can be recycled into crafting materials.
silver_teaspoon_set,373551009,DA_Item_Salvage_SilverTeaspoonSet_01,Silver Teaspoon Set,"A shining
sentinel_firing_core,-1116709774,DA_Item_Salvage_Sniper_Part,Sentinel Firing Core,Can be recycled into crafting materials.
spaceport_control_tower_key,-427130921,DA_Item_Salvage_SpaceportUtilityKey1,Spaceport Control Tower Key,Unlocks a door in Control Tower A6 in Spaceport
spaceport_trench_tower_key,1946218435,DA_Item_Salvage_SpaceportUtilityKey2,Spaceport Trench Tower Key,Unlocks a door to the Trench Towers in Spaceport
spaceport_container_storage_key,-976232170,DA_Item_Salvage_SpaceportUtilityKey3,Spaceport Container Storage Key,Unlocks a door in the Container Storage in Spaceport
spaceport_warehouse_key,394517119,DA_Item_Salvage_SpaceportUtilityKey4,Spaceport Warehouse Key,Unlocks a door in the Shipping Warehouse in Spaceport
speaker_component,-1622446317,DA_Item_Salvage_SpeakerComponent,Speaker Component,Used in crafting.
matriarch_reactor,-752661468,DA_Item_Salvage_SpearmintPart,Matriarch Reactor,Can be recycled into crafting materials.
spectrometer,697800354,DA_Item_Salvage_Spectrometer,Spectrometer,Can be recycled into crafting materials.
spectrum_analyzer,-240163355,DA_Item_Salvage_SpectrumAnalyzer,Spectrum Analyzer,Can be recycled into crafting materials.
spring_cushion,-3791881,DA_Item_Salvage_SpringCushion,Spring Cushion,Can be recycled into crafting materials.
statuette,-2087334800,DA_Item_Salvage_Statuette_01,Statuette,Worth a small fortune.
steel_spring,-1517601046,DA_Item_Salvage_SteelSpring,Steel Spring,Used to craft a wide range of items. Can be recycled into crafting materials.
synthesized_fuel,-503792599,DA_Item_Salvage_SynthesizedFuel,Synthesized Fuel,Used to craft utility items and explosives. Can be recycled into chemicals.
syringe,-647887968,DA_Item_Salvage_Syringe,Syringe,Used to craft medical supplies. Can be recycled into plastic.
ruined_tactical_vest,-1035193710,DA_Item_Salvage_TacticalWest,Ruined Tactical Vest,Can be recycled into crafting materials.
broken_taser,106628713,DA_Item_Salvage_TaserBroken_01,Broken Taser,Can be recycled into crafting materials.
tattered_clothes,-643480722,DA_Item_Salvage_TatteredClothes,Tattered Clothes,Can be recycled into fabric.
telemetry_transceiver,-25914444,DA_Item_Salvage_TelemetryTransceiver,Telemetry Transceiver,Can be recycled into crafting materials.
dam_testing_annex_key,-1331806078,DA_Item_Salvage_TheDamUtilityKey1,Dam Testing Annex Key,Unlocks a door in the Testing Annex on Dam Battlegrounds.
dam_control_tower_key,36123868,DA_Item_Salvage_TheDamUtilityKey2,Dam Control Tower Key,Unlocks a door to the Control Tower on Dam Battlegrounds.
dam_staff_room_key,1755646795,DA_Item_Salvage_TheDamUtilityKey3,Dam Staff Room Key,Unlocks a door in the Research and Administration building on Dam Battlegrounds.
dam_surveillance_key,-392493295,DA_Item_Salvage_TheDamUtilityKey4,Dam Surveillance Key,Unlocks a door in the Water Treatment Control building on Dam Battlegrounds.
thermostat,728190402,DA_Item_Salvage_Thermostat,Thermostat,Can be recycled into crafting materials.
toaster,-1789285630,DA_Item_Salvage_Toaster,Toaster,Can be recycled into crafting materials.
great_mullein,-631032368,DA_Item_Salvage_TorchGinger,Great Mullein,Used to craft medical supplies.
torn_blanket,-1298184560,DA_Item_Salvage_TornBlanket,Torn Blanket,Can be recycled into fabric.
air_freshener,-46535668,DA_Item_Salvage_Trinket_AirFreshener,Air Freshener,May be worth a few coins.
bent_clothes_hanger,-1060316735,DA_Item_Salvage_Trinket_BentClothesHanger,Bent Clothes Hanger,"If you encounter a matching set
blown_fuses,-1812397153,DA_Item_Salvage_Trinket_BlownFuses,Blown Fuses,Scorched and useless. The burnt metal smells faintly like Apollo's workshop.
wind_sprite_ship_model,313683762,DA_Item_Salvage_Trinket_BoatModel_A,"""Wind Sprite"" Ship Model","Undaunted in the face of its larger brethren
wind_sprite_ship_model,803195009,DA_Item_Salvage_Trinket_BoatModel_A_02,"""Wind Sprite"" Ship Model","Undaunted in the face of its larger brethren
twilight_compass_ship_model,655391702,DA_Item_Salvage_Trinket_BoatModel_B,"""Twilight Compass"" Ship Model","A spirited up-and-comer
twilight_compass_ship_model,1867928291,DA_Item_Salvage_Trinket_BoatModel_B_02,"""Twilight Compass"" Ship Model","A spirited up-and-comer
leviathans_crown_ship_model,-1091154214,DA_Item_Salvage_Trinket_BoatModel_C,“Leviathan's Crown” Ship Model,"A majestic sight in any era
leviathans_crown_ship_model,1414923729,DA_Item_Salvage_Trinket_BoatModel_C_02,“Leviathan's Crown” Ship Model,"A majestic sight in any era
velocity_ship_model,-1089964398,DA_Item_Salvage_Trinket_BoatModel_D,"""Velocity"" Ship Model","Optimized for performance
velocity_ship_model,1529467338,DA_Item_Salvage_Trinket_BoatModel_D_02,"""Velocity"" Ship Model","Optimized for performance
sirena_dorata_ship_model,31661159,DA_Item_Salvage_Trinket_BoatModel_E,"""Sirena Dorata"" Ship Model","With the Mediterranean sun glistening off its hull
sirena_dorata_ship_model,-2064796183,DA_Item_Salvage_Trinket_BoatModel_E_02,"""Sirena Dorata"" Ship Model","With the Mediterranean sun glistening off its hull
breathtaking_snow_globe,919315234,DA_Item_Salvage_Trinket_BreathtakingSnowGlobe,Breathtaking Snow Globe,The envy of every Speranzan. Proof that this world was once thriving and magical.
burnt_out_candles,27010880,DA_Item_Salvage_Trinket_BurntoutCandles,Burnt-out Candles,"After the grid fell candles became the preferred source of light for many. Unlike electricity
coffee_pot,-51232541,DA_Item_Salvage_Trinket_CoffeePot,Coffee Pot,"The power to face a new day
deflated_football,986133328,DA_Item_Salvage_Trinket_DeflatedFootball,Deflated Football,"Just by looking at this
dog_collar,-1726424272,DA_Item_Salvage_Trinket_DogCollar,Dog Collar,"After all this time
empty_wine_bottle,-1506763647,DA_Item_Salvage_Trinket_EmptyWineBottle,Empty Wine Bottle,"Yes
expired_respirator,-632888435,DA_Item_Salvage_Trinket_ExpiredRespirator,Expired Respirator,The filters are clogged with sand and noxious fumes. Long past its lifespan.
faded_photograph,-855264654,DA_Item_Salvage_Trinket_FadedPictureFrame,Faded Photograph,"A snapshot of the world before
food_wrapper,571949089,DA_Item_Salvage_Trinket_FoodWrapper,Food Wrapper,The vibrant colors and natural stickiness have made them a favorite among the more artistic Speranzans.
garlic_press,-109120658,DA_Item_Salvage_Trinket_GarlicPress,Garlic Press,"It'll press garlic
husk_lily,315544479,DA_Item_Salvage_Trinket_HuskLily,Husk Lily,"These beautiful
ice_cream_scooper,-44588806,DA_Item_Salvage_Trinket_IceCreamScooper,Ice Cream Scooper,It is theorized that scooping things was a favorite pastime in the world before.
lances_mixtape_5th_edition,-1393457868,DA_Item_Salvage_Trinket_LanceMixTape,Lance's Mixtape (5th edition),"Lance has personally planted a number of these around the Rust Belt
light_bulb,1607597452,DA_Item_Salvage_Trinket_LightBulb,Light Bulb,"Without light
playing_cards,1782410237,DA_Item_Salvage_Trinket_PlayingCards,Playing Cards,Speranzans love to see who can build the tallest tower - before the tremors knock them down.
ripped_safety_vest,-1575948275,DA_Item_Salvage_Trinket_RippedSafetyVest,Ripped Safety Vest,"A remnant of a time long lost
alien_duck,1150280080,DA_Item_Salvage_Trinket_RubberDuck_Alien,Alien Duck,"A long
gentle_duck,-424524475,DA_Item_Salvage_Trinket_RubberDuck_Cow,Gentle Duck,Udderly adorable.
tropical_duck,-299391245,DA_Item_Salvage_Trinket_RubberDuck_Flamingo,Tropical Duck,It quietly dreams of taking to the skies with its brethren.
doodly_duck,1700565870,DA_Item_Salvage_Trinket_RubberDuck_Glitter,Doodly Duck,Everything is a canvas to a creative child.
flashy_duck,-606557836,DA_Item_Salvage_Trinket_RubberDuck_Lance,Flashy Duck,Lovingly hand-painted by someone of great talent—clearly. Any guesses who?
familiar_duck,-1376425844,DA_Item_Salvage_Trinket_RubberDuck_Scrappy,Familiar Duck,"Unlike the real one
rubber_duck,1738639721,DA_Item_Salvage_Trinket_RubberDuck_Standard,Rubber Duck,"Always there to lend an ear
torn_book,166538264,DA_Item_Salvage_Trinket_TornBook,Torn Book,"What pages remain speak of chosen heroes
turbo_pump,701162118,DA_Item_Salvage_TurboPump_01,Turbo Pump,Can be recycled into crafting materials.
vase,-652794821,DA_Item_Salvage_Vase_01,Vase,Worth a small fortune.
voltage_converter,1552920566,DA_Item_Salvage_VoltageConverter,Voltage Converter,Used in crafting.
water_filter,1393527984,DA_Item_Salvage_WaterFilter,Water Filter,Can be recycled into crafting materials.
water_pump,-1637094497,DA_Item_Salvage_WaterPump,Water Pump,Can be recycled into crafting materials.
wires,-633851525,DA_Item_Salvage_Wires,Wires,Used to craft a wide range of items. Can be recycled into crafting materials.
durable_cloth,-799395426,DA_Item_Salvage_WovenCloth,Durable Cloth,Used to craft medical supplies.
wolfpack,-1074160440,DA_Item_ScatterMissileGrenade,Wolfpack,"A grenade that scatters into multiple homing missiles
shotgun_ammo,-1873522360,DA_Item_ShotgunAmmo,Shotgun Ammo,
dolabra,556377413,DA_Item_Shotgun_Energy_Adjustable_01,Dolabra,"An experimental weapon that can either fire a wide short range blast
il_toro,-17510831,DA_Item_Shotgun_PumpAction_01,Il Toro,"Has a large bullet spread
vulcano,970327905,DA_Item_Shotgun_SemiAuto_01,Vulcano,Has good bullet spread but sharp falloff.
workbench,-834400146,DA_Item_Smelter_01,Workbench,
bobcat,2073022999,DA_Item_SMG_01,Bobcat,Has high fire rate but low accuracy.
stitcher,235682990,DA_Item_SMG_LowTier_01,Stitcher,"Has a good damage output
canto,885364202,DA_Item_SMG_Medium_01,Canto,Fully automatic submachine gun with a larger caliber.
smoke_grenade,984123027,DA_Item_SmokeGrenade,Smoke Grenade,"A grenade that creates a lingering smoke cloud on impact
snap_hook,-1963108876,DA_Item_SnapHook,Snap Hook,A gadget that allows the user to scale structures and cover large distances.
osprey,-1967716242,DA_Item_SniperRifle_BoltAction_Medium_01,Osprey,Has reliable damage output and accuracy.
snowball,1958396827,DA_Item_Snowball,Snowball,A compact snowball fashioned out of the most malleable and aerodynamic snow.
equalizer,1372066888,DA_Item_Special_BeamRifle_01,Equalizer,A high capacity experimental beam rifle.
jupiter,1191072273,DA_Item_Special_Railgun_01,Jupiter,"Fires projectiles at an incredible velocity
flame_spray,-88669682,DA_Item_SprayCan_Fire,Flame Spray,"A classic makeshift weapon
trigger_nade,-853193179,DA_Item_StickyRemoteGrenade,Trigger 'Nade,"A remote-detonated grenade that can stick to surfaces and ARC
showstopper,-2035840261,DA_Item_StunGrenade,Showstopper,"A grenade that detonates after a delay
lure_grenade,-486727826,DA_Item_ThrowableDecoy,Lure Grenade,"A noisy device that sticks to surfaces
blue_light_stick,-1411069838,DA_Item_Throwable_Glowstick_Blue,Blue Light Stick,A throwable chemical light that illuminates the area around it.
green_light_stick,-1318412075,DA_Item_Throwable_Glowstick_Green,Green Light Stick,A throwable chemical light that illuminates the area around it.
red_light_stick,1967335777,DA_Item_Throwable_Glowstick_Red,Red Light Stick,A throwable chemical light that illuminates the area around it.
yellow_light_stick,-237588358,DA_Item_Throwable_Glowstick_Yellow,Yellow Light Stick,A throwable chemical light that illuminates the area around it.
light_impact_grenade,877778759,DA_Item_Throwable_ImpactGrenade_Small,Light Impact Grenade,"A grenade that detonates on impact
shrapnel_grenade,2121538320,DA_Item_Throwable_ShrapnelGrenade,Shrapnel Grenade,A makeshift fuze grenade that bursts into razor-sharp fragments upon detonation.
lil_smoke_grenade,-1268138127,DA_Item_Throwable_SmokeGrenade_Small,Li'l Smoke Grenade,"A grenade that pops a thick but small smoke cloud on impact
gas_grenade,866643291,DA_Item_Throwable_StaminaDoTGrenade,Gas Grenade,"A grenade that emits a lingering toxic cloud on impact
tagging_grenade,537092188,DA_Item_Throwable_TaggingGrenade,Tagging Grenade,"A grenade that detonates after a delay
trailblazer,-153748567,DA_Item_Throwable_Trailblazer,Trailblazer,"A grenade that emits a trail of flammable gas along its path
volcanic_rock,-1097499674,DA_Item_Throwable_VolcanicRock,Volcanic Rock,Can be thrown.
deadline,409593267,DA_Item_TimedMine_Explosive,Deadline,A mine that deals damage to anything within its radius once the timer runs out.
unarmed,1051968888,DA_Item_Unarmed,Unarmed,For when you want to be 'armless!
gunsmith,291196846,DA_Item_WeaponBench_01,Gunsmith,Add that extra oomph to your weapons by upgrading them here.
gunsmith,348416871,DA_Item_WeaponBench_02,Gunsmith,Add that extra oomph to your weapons by upgrading them here.
gunsmith,-1091338374,DA_Item_WeaponBench_03,Gunsmith,Add that extra oomph to your weapons by upgrading them here.
extended_light_mag_i,-283948665,DA_Item_WeaponMod_MagazineLight_Extended_01,Extended Light Mag I,Slightly extends the ammo capacity of compatible weapons that use light ammo.
extended_light_mag_ii,-1666910412,DA_Item_WeaponMod_MagazineLight_Extended_02,Extended Light Mag II,Moderately extends the ammo capacity of compatible weapons that use light ammo.
extended_light_mag_iii,-1915685401,DA_Item_WeaponMod_MagazineLight_Extended_03,Extended Light Mag III,Significantly extends the ammo capacity of compatible weapons that use light ammo.
extended_medium_mag_i,-566520716,DA_Item_WeaponMod_MagazineMedium_Extended_01,Extended Medium Mag I,Slightly extends the ammo capacity of compatible weapons that use medium ammo.
extended_medium_mag_ii,-728135783,DA_Item_WeaponMod_MagazineMedium_Extended_02,Extended Medium Mag II,Moderately extends the ammo capacity of compatible weapons that use medium ammo.
extended_medium_mag_iii,1670090314,DA_Item_WeaponMod_MagazineMedium_Extended_03,Extended Medium Mag III,Significantly extends the ammo capacity of compatible weapons that use medium ammo.
extended_shotgun_mag_i,-814658911,DA_Item_WeaponMod_MagazineShotgun_Extended_01,Extended Shotgun Mag I,Slightly extends the ammo capacity of shotguns.
extended_shotgun_mag_ii,592639485,DA_Item_WeaponMod_MagazineShotgun_Extended_02,Extended Shotgun Mag II,Moderately extends the ammo capacity of shotguns.
extended_shotgun_mag_iii,922097959,DA_Item_WeaponMod_MagazineShotgun_Extended_03,Extended Shotgun Mag III,Significantly extends the ammo capacity of shotguns.
extended_barrel,1407760402,DA_Item_WeaponMod_Muzzle_BarrelExtender_01,Extended Barrel,Moderately increases bullet velocity.
muzzle_brake_i,-450689218,DA_Item_WeaponMod_Muzzle_Brake_01,Muzzle Brake I,Slightly reduces both vertical recoil & horizontal recoil.
muzzle_brake_ii,1363078343,DA_Item_WeaponMod_Muzzle_Brake_02,Muzzle Brake II,Moderately reduces both vertical recoil & horizontal recoil.
muzzle_brake_iii,-1113070540,DA_Item_WeaponMod_Muzzle_Brake_03,Muzzle Brake III,Significantly reduces both vertical recoil & horizontal recoil.
compensator_i,-1888542545,DA_Item_WeaponMod_Muzzle_Compensator_01,Compensator I,Slightly reduces per-shot dispersion.
compensator_ii,-1072384644,DA_Item_WeaponMod_Muzzle_Compensator_02,Compensator II,Moderately reduces per-shot dispersion.
compensator_iii,-518509289,DA_Item_WeaponMod_Muzzle_Compensator_03,Compensator III,Significantly reduces per-shot dispersion.
silencer_i,-409081322,DA_Item_WeaponMod_Muzzle_Silencer_01,Silencer I,Slightly reduces the amount of noise produced when firing.
silencer_ii,1921518029,DA_Item_WeaponMod_Muzzle_Silencer_02,Silencer II,Moderately reduces the amount of noise produced when firing.
silencer_iii,-621597590,DA_Item_WeaponMod_Muzzle_Silencer_03,Silencer III,Significantly reduces the amount of noise produced when firing.
shotgun_choke_i,-1570319542,DA_Item_WeaponMod_ShotgunMuzzle_Choke_01,Shotgun Choke I,Slightly reduces base dispersion.
shotgun_choke_ii,-1682300422,DA_Item_WeaponMod_ShotgunMuzzle_Choke_02,Shotgun Choke II,Moderately reduces base dispersion.
shotgun_choke_iii,-1295139142,DA_Item_WeaponMod_ShotgunMuzzle_Choke_03,Shotgun Choke III,Significantly reduces base dispersion.
shotgun_silencer,-319966965,DA_Item_WeaponMod_ShotgunMuzzle_Silencer_01,Shotgun Silencer,Moderately reduces the amount of noise produced when firing.
kinetic_converter,668021707,DA_Item_WeaponMod_Stock_ActiveStabilizer_01,Kinetic Converter,Moderately increases fire rate.
lightweight_stock,-2095596285,DA_Item_WeaponMod_Stock_Lightweight_01,Lightweight Stock,Moderately improves ADS & draw speed.
padded_stock,1682428740,DA_Item_WeaponMod_Stock_Padded_01,Padded Stock,Significantly improves stability.
stable_stock_i,775298648,DA_Item_WeaponMod_Stock_Stable_01,Stable Stock I,Slightly improves dispersion & recoil recovery time.
stable_stock_ii,1287783108,DA_Item_WeaponMod_Stock_Stable_02,Stable Stock II,Moderately improves dispersion & recoil recovery time.
stable_stock_iii,-123856886,DA_Item_WeaponMod_Stock_Stable_03,Stable Stock III,Significantly improves dispersion & recoil recovery time.
anvil_splitter,-2130292638,DA_Item_WeaponMod_Tech_ProjectileSplitter,Anvil Splitter,Tech mod for the Anvil that replaces its bullets with ones that split into 4 weaker projectiles.
angled_grip_i,346923872,DA_Item_WeaponMod_UnderBarrel_AngledGrip_01,Angled Grip I,Slightly reduces horizontal recoil.
angled_grip_ii,-1681246336,DA_Item_WeaponMod_UnderBarrel_AngledGrip_02,Angled Grip II,Moderately reduces horizontal recoil.
angled_grip_iii,-1131982378,DA_Item_WeaponMod_UnderBarrel_AngledGrip_03,Angled Grip III,Significantly reduces horizontal recoil.
horizontal_grip,1013182792,DA_Item_WeaponMod_UnderBarrel_HorizontalGrip_01,Horizontal Grip,Moderately reduces both vertical recoil and horizontal recoil.
vertical_grip_i,-1404148784,DA_Item_WeaponMod_UnderBarrel_VerticalGrip_01,Vertical Grip I,Slightly reduces vertical recoil.
vertical_grip_ii,-295158634,DA_Item_WeaponMod_UnderBarrel_VerticalGrip_02,Vertical Grip II,Moderately reduces vertical recoil.
vertical_grip_iii,-1074924798,DA_Item_WeaponMod_UnderBarrel_VerticalGrip_03,Vertical Grip III,Significantly reduces vertical recoil.
white_flag,-1708115302,DA_Item_WhiteFlag,White Flag,A deployable white flag.
xp,1672558715,DA_Item_XP_Points,XP,Experience Points
zipline,793992947,DA_Item_Zipline,Zipline,A deployable zipline that allows you to quickly move between two locations.
levelburiedcity01p,-1973721684,DA_Level_BuriedCity_01_P,,
levelmountaincompound,-2024805679,DA_Level_MountainCompound,,
levelonboardingarray,-216020230,DA_Level_OnboardingArray,,
levelpracticerangearray,-73707639,DA_Level_PracticeRangeArray,,
levelriventides01p,-21263888,DA_Level_RivenTides_01_P,,
levelspaceport01p,594749606,DA_Level_Spaceport_01_P,,
levelthebluegate01p,1519485851,DA_Level_TheBlueGate_01_P,,
levelthedam02p,-636184135,DA_Level_TheDam_02_P,,
modslotfirearmmagazinelight,-1337209565,DA_ModSlot_Firearm_MagazineLight,,Empty slot for a light magazine mod.
modslotfirearmmagazinemedium,-88515549,DA_ModSlot_Firearm_MagazineMedium,,Empty slot for a medium magazine mod.
modslotfirearmmagazineshotgun,1011082201,DA_ModSlot_Firearm_MagazineShotgun,,Empty slot for a shotgun magazine mod.
modslotfirearmmuzzle,-377848428,DA_ModSlot_Firearm_Muzzle,,Empty slot for a muzzle mod.
modslotfirearmshotgunmuzzle,-1415839150,DA_ModSlot_Firearm_ShotgunMuzzle,,Empty slot for a shotgun muzzle mod.
modslotfirearmstock,1415875854,DA_ModSlot_Firearm_Stock,,Empty slot for a stock mod.
modslotfirearmtechhandcannon,1228968705,DA_ModSlot_Firearm_Tech_HandCannon,,Empty slot for a tech mod.
modslotfirearmunderbarrel,-1923186072,DA_ModSlot_Firearm_UnderBarrel,,Empty slot for an underbarrel mod.
backpack_attachment,579331733,DA_OI_BackpackAttachment,Backpack Attachment,
antenna,190228872,DA_OI_BackpackAttachment_Antenna,Antenna,
aviatormask,237749844,DA_OI_BackpackAttachment_AviatorMask_01_A,AviatorMask,
bird_house,-841372089,DA_OI_BackpackAttachment_BirdHouse_01_A,Bird House,
blanket_roll,-40690569,DA_OI_BackpackAttachment_BlanketRoll,Blanket Roll,
boxinggloves,-2015849295,DA_OI_BackpackAttachment_BoxingGloves_01_A,BoxingGloves,
briefcase,1931558879,DA_OI_BackpackAttachment_Briefcase_01_A,Briefcase,
bucket,-1099728399,DA_OI_BackpackAttachment_Bucket_01_A,Bucket,
cans,1705800065,DA_OI_BackpackAttachment_CanSixPack_01_A,Cans,
canteen,378128788,DA_OI_BackpackAttachment_Canteen_01_A,Canteen,
cauldron,7092746,DA_OI_BackpackAttachment_Cauldron_01_A,Cauldron,
diving_fins,280071240,DA_OI_BackpackAttachment_DivingFins,Diving Fins,
drum,-1848363791,DA_OI_BackpackAttachment_Drum,Drum,
fax_machine,-79868038,DA_OI_BackpackAttachment_FaxMachine_01_A,Fax Machine,
field_kitchen,886197932,DA_OI_BackpackAttachment_FieldKitchen_01_A,Field Kitchen,
first_aid_kit,-34870170,DA_OI_BackpackAttachment_FirstAidKit,First Aid Kit,
fish_trap,-1523188125,DA_OI_BackpackAttachment_FishTrap_01_A,Fish Trap,
flightrecorder,1353146764,DA_OI_BackpackAttachment_FlightRecorder_01_A,FlightRecorder,
football,597103599,DA_OI_BackpackAttachment_Football_01_A,Football,
fuel_canister,1439174795,DA_OI_BackpackAttachment_FuelCanister_01_A,Fuel Canister,
gas_canister,-568636219,DA_OI_BackpackAttachment_GasCanister_01_A,Gas Canister,
pressurizer,-2041569455,DA_OI_BackpackAttachment_GasCanister_02_A,Pressurizer,
gauge_box,1800014709,DA_OI_BackpackAttachment_GaugeBox_01_A,Gauge Box,
globe,1462643127,DA_OI_BackpackAttachment_Globe_01_A,Globe,
grainsack,-523619343,DA_OI_BackpackAttachment_GrainSack_01_A,GrainSack,
pillows,-1744266696,DA_OI_BackpackAttachment_Hookah,Pillows,
hose_bundle,159531742,DA_OI_BackpackAttachment_HoseBundle,Hose Bundle,
maps,-2096955525,DA_OI_BackpackAttachment_Maps_01_A,Maps,
mine,1601220944,DA_OI_BackpackAttachment_Mine,Mine,
oibackpackattachmentnone,338295859,DA_OI_BackpackAttachment_None,,
picnic_basket,-517869445,DA_OI_BackpackAttachment_PicnicBasket_01_A,Picnic Basket,
radiopack,1259101818,DA_OI_BackpackAttachment_Radiopack_01_A,Radiopack,
large_radiopack,-1961476439,DA_OI_BackpackAttachment_Radiopack_02_A,Large Radiopack,
record_player,511677369,DA_OI_BackpackAttachment_RecordPlayer_01,Record Player,
spaceship_souvenir,-1539991902,DA_OI_BackpackAttachment_RocketShip,Spaceship Souvenir,
samplebox,1735710050,DA_OI_BackpackAttachment_SampleBox_01_A,SampleBox,
scrolls,596513427,DA_OI_BackpackAttachment_Scrolls_01_A,Scrolls,
ship_bell,876798988,DA_OI_BackpackAttachment_ShipBell_01_A,Ship Bell,
shoes,1079596485,DA_OI_BackpackAttachment_Shoes_01_A,Shoes,
snow_rescue_kit,-924349790,DA_OI_BackpackAttachment_SnowRescueKit,Snow Rescue Kit,
toolbag,1995882061,DA_OI_BackpackAttachment_ToolBag_01_A,ToolBag,
waterskin,2060146068,DA_OI_BackpackAttachment_Waterskin_01_A,Waterskin,
weapons_case,934588462,DA_OI_BackpackAttachment_WeaponsCase,Weapons Case,
wickerbasket,70670259,DA_OI_BackpackAttachment_WickerBasket_01_A,WickerBasket,
backpack_charms,1411585839,DA_OI_BackpackCharm,Backpack Charms,
anchor,872801003,DA_OI_BackpackCharm_Anchor_01_A,Anchor,
anemometer,824767767,DA_OI_BackpackCharm_Anemometer_01,Anemometer,
banana,-1568515446,DA_OI_BackpackCharm_Banana_01_A,Banana,
baseball,-1662541338,DA_OI_BackpackCharm_Baseball_01,Baseball,
oibackpackcharmbinoculars01a,1218474767,DA_OI_BackpackCharm_Binoculars_01_A,,
bobblehead,369175091,DA_OI_BackpackCharm_BobbleHead_01_A,Bobblehead,
bolt_buddies,1736796603,DA_OI_BackpackCharm_BoltBuddies_01,Bolt Buddies,
bone_saw,-177288755,DA_OI_BackpackCharm_BoneSaw_01,Bone Saw,
brass_faucet,-1031551887,DA_OI_BackpackCharm_BrassTap_01,Brass Faucet,
burgerboy,242422773,DA_OI_BackpackCharm_BurgerPlushie_01_A,Burgerboy,
oibackpackcharmcactuspot01a,588506701,DA_OI_BackpackCharm_CactusPot_01_A,,
cassette_player,985805630,DA_OI_BackpackCharm_CasettePlayer_01_A,Cassette Player,
oibackpackcharmcassette01a,1798101245,DA_OI_BackpackCharm_Cassette_01_A,,
chattering_teeth,116152053,DA_OI_BackpackCharm_ChatteringTeeth,Chattering Teeth,
cornicello,1235104166,DA_OI_BackpackCharm_ChristmasHorn_01_A,Cornicello,
coffee_pot,1543288288,DA_OI_BackpackCharm_CoffeePot_01_A,Coffee Pot,
conch_shell,-1719394577,DA_OI_BackpackCharm_ConchShell_01_A,Conch Shell,
deer_skull,-1490908444,DA_OI_BackpackCharm_DeerSkull_01_A,Deer Skull,
depth_gauge,2141318844,DA_OI_BackpackCharm_DepthGauge,Depth Gauge,
diving_goggles,-566533135,DA_OI_BackpackCharm_DivingGoggles,Diving Goggles,
oibackpackcharmenamel01a,-2007993821,DA_OI_BackpackCharm_Enamel_01_A,,
spyglass,-1881410282,DA_OI_BackpackCharm_FieldGlass_01_A,Spyglass,
film_reel,1018868796,DA_OI_BackpackCharm_FilmReel_01_A,Film Reel,
fish,1850185457,DA_OI_BackpackCharm_Fish_01_A,Fish,
buoy,-1614697431,DA_OI_BackpackCharm_Floater_01_A,Buoy,
floppy_disk,-516654195,DA_OI_BackpackCharm_FloppyDisk_01_A,Floppy Disk,
glowsticks,545067017,DA_OI_BackpackCharm_GlowstickBundle_01_A,Glowsticks,
gourd,-1353065171,DA_OI_BackpackCharm_Gourd_01_A,Gourd,
harmonica,729080409,DA_OI_BackpackCharm_Harmonica_01_A,Harmonica,
oibackpackcharmhatchlingchick,-1816511586,DA_OI_BackpackCharm_Hatchlingchick,,
road_flare,1350246447,DA_OI_BackpackCharm_HighwayTorch,Road Flare,
oibackpackcharmhorse01,778850628,DA_OI_BackpackCharm_Horse_01,,
lemons,-2118959779,DA_OI_BackpackCharm_Lemons_01_A,Lemons,
lizzy,1040748031,DA_OI_BackpackCharm_Lizzie_01_A,Lizzy,
medal,-252628780,DA_OI_BackpackCharm_Medal_01_A,Medal,
medal,1667060404,DA_OI_BackpackCharm_Medal_02_A,Medal,
oibackpackcharmminiremote01a,1950873150,DA_OI_BackpackCharm_MiniRemote_01_A,,
oibackpackcharmnone,-1996674117,DA_OI_BackpackCharm_None,,
origami,-796990719,DA_OI_BackpackCharm_Origami_01_A,Origami,
pager,-482188352,DA_OI_BackpackCharm_Pager_01_A,Pager,
pink_rabbits_foot,1121696354,DA_OI_BackpackCharm_PinkRabbitsFoot,Pink Rabbit's Foot,
pocket_radar,1842264655,DA_OI_BackpackCharm_PocketRadar,Pocket Radar,
portable_jammer,-1953507044,DA_OI_BackpackCharm_PortableJammer_01_A,Portable Jammer,
rabbits_foot,-533704534,DA_OI_BackpackCharm_RabbitFoot,Rabbit's Foot,
oibackpackcharmradio01a,-2121438012,DA_OI_BackpackCharm_Radio_01_A,,
oibackpackcharmremovebeforeflight01a,812819110,DA_OI_BackpackCharm_RemoveBeforeFlight_01_A,,
rubber_duck,860043199,DA_OI_BackpackCharm_RubberDuck_01_A,Rubber Duck,
rubber_duck,828819479,DA_OI_BackpackCharm_RubberDuck_02_A,Rubber Duck,
oibackpackcharmsampletube01a,1347465776,DA_OI_BackpackCharm_SampleTube_01_A,,
gardening_sheers,-1032970942,DA_OI_BackpackCharm_Shears_01_A,Gardening Sheers,
space_shuttle_keychain,1375139869,DA_OI_BackpackCharm_ShuttleKeyChain_01_A,Space Shuttle Keychain,
snowglobe,-1079473934,DA_OI_BackpackCharm_SnowGlobe_01_A,Snowglobe,
soccer_finals_ticket,-1721654068,DA_OI_BackpackCharm_SoccerFinalsTicket_01_A,Soccer Finals Ticket,
soda_can,-168599984,DA_OI_BackpackCharm_SodaCan_01_A,Soda Can,
space_blaster,-665137117,DA_OI_BackpackCharm_SpaceBlaster,Space Blaster,
spotting_scope,823869160,DA_OI_BackpackCharm_SpottingScope_01_A,Spotting Scope,
stapler,-699326304,DA_OI_BackpackCharm_Stapler_01_A,Stapler,
sundial,231741991,DA_OI_BackpackCharm_Sundial,Sundial,
toy_plane,1037776659,DA_OI_BackpackCharm_ToyPlane_01_A,Toy Plane,
toy_robot,220109490,DA_OI_BackpackCharm_ToyRobot_01_A,Toy Robot,
twig_trinket,763263389,DA_OI_BackpackCharm_TwigTrinket_01_A,Twig Trinket,
vintage_mic,2024611007,DA_OI_BackpackCharm_VintageMic_01_A,Vintage Mic,
water_bottle,1034527592,DA_OI_BackpackCharm_WaterBottle_01_A,Water Bottle,
bottle,1906017095,DA_OI_BackpackCharm_WineBottle_01_A,Bottle,
oibackpackcontainer,1269472363,DA_OI_BackpackContainer,,
salvager,1041759434,DA_OI_BackpackContainer_ArcPack,Salvager,
color,-692220048,DA_OI_BackpackContainer_ArcPack_Color,Color,
black,201561274,DA_OI_BackpackContainer_ArcPack_Color_Black,Black,
green,1545658118,DA_OI_BackpackContainer_ArcPack_Color_Green,Green,
grey,1353579183,DA_OI_BackpackContainer_ArcPack_Color_Grey,Grey,
fuel_jockey,203796977,DA_OI_BackpackContainer_Barrel,Fuel Jockey,
color,3055587,DA_OI_BackpackContainer_Barrel_Color,Color,
blue,1820650771,DA_OI_BackpackContainer_Barrel_Color_Blue,Blue,
grey,1194418813,DA_OI_BackpackContainer_Barrel_Color_Grey,Grey,
oibackpackcontainerbasketbackpack,-1177265000,DA_OI_BackpackContainer_BasketBackpack,,
color,626633599,DA_OI_BackpackContainer_BasketBackpack_Color,Color,
basic,-599316100,DA_OI_BackpackContainer_BasketBackpack_Color_Basic,Basic,
red,2018679685,DA_OI_BackpackContainer_BasketBackpack_Color_Red,Red,
cartographer,-1319203648,DA_OI_BackpackContainer_Cartographer,Cartographer,
color,-932962330,DA_OI_BackpackContainer_Cartographer_Color,Color,
basic,-501311191,DA_OI_BackpackContainer_Cartographer_Color_Basic,Basic,
paramedic,-1640069353,DA_OI_BackpackContainer_Duffelbag,Paramedic,
color,-1780974246,DA_OI_BackpackContainer_Duffelbag_Color,Color,
basic,1094502604,DA_OI_BackpackContainer_Duffelbag_Color_Basic,Basic,
courier,1864921346,DA_OI_BackpackContainer_Hardcase,Courier,
color,-371792086,DA_OI_BackpackContainer_Hardcase_Color,Color,
black,-586788364,DA_OI_BackpackContainer_Hardcase_Color_Black,Black,
green,13398900,DA_OI_BackpackContainer_Hardcase_Color_Green,Green,
grey,-1196642210,DA_OI_BackpackContainer_Hardcase_Color_Grey,Grey,
hiker,-462157271,DA_OI_BackpackContainer_HikingBag,Hiker,
color,-514387476,DA_OI_BackpackContainer_HikingBag_Color,Color,
oibackpackcontainerhikingbagcolorblackbeige,-976629719,DA_OI_BackpackContainer_HikingBag_Color_BlackBeige,,
blue_orange,921923009,DA_OI_BackpackContainer_HikingBag_Color_BlueOrange,Blue Orange,
blue_white,-3960126,DA_OI_BackpackContainer_HikingBag_Color_BlueWhite,Blue White,
default,1006073070,DA_OI_BackpackContainer_HikingBag_Color_Default,Default,
oibackpackcontainerhikingbagcolorredgrey,-486004989,DA_OI_BackpackContainer_HikingBag_Color_RedGrey,,
oibackpackcontainerhikingbagcolorserverslam,1046524831,DA_OI_BackpackContainer_HikingBag_Color_ServerSlam,,
yellow,1169265362,DA_OI_BackpackContainer_HikingBag_Color_Yellow,Yellow,
oibackpackcontainerluggage,1171633768,DA_OI_BackpackContainer_Luggage,,
color,887651289,DA_OI_BackpackContainer_Luggage_Color,Color,
basic,1716526352,DA_OI_BackpackContainer_Luggage_Color_Basic,Basic,
diver,-449275775,DA_OI_BackpackContainer_OxygenTank,Diver,
color,732770759,DA_OI_BackpackContainer_OxygenTank_Color,Color,
basic,-1369086039,DA_OI_BackpackContainer_OxygenTank_Color_Basic,Basic,
white,-1437143229,DA_OI_BackpackContainer_OxygenTank_Color_White,White,
oibackpackcontainerpersistence,-639828491,DA_OI_BackpackContainer_Persistence,,
oibackpackcontainerportmanteau,468851010,DA_OI_BackpackContainer_Portmanteau,,
color,-294037319,DA_OI_BackpackContainer_Portmanteau_Color,Color,
basic,-5990074,DA_OI_BackpackContainer_Portmanteau_Color_Basic,Basic,
radio_mountaineer,-649100412,DA_OI_BackpackContainer_Rollupbackpack,Radio Mountaineer,
color,672880196,DA_OI_BackpackContainer_Rollupbackpack_Color,Color,
brown,2136368363,DA_OI_BackpackContainer_Rollupbackpack_Color_Brown,Brown,
orange,-458340509,DA_OI_BackpackContainer_Rollupbackpack_Color_Orange,Orange,
white,-1071187489,DA_OI_BackpackContainer_Rollupbackpack_Color_White,White,
oibackpackcontainerscout,-167875472,DA_OI_BackpackContainer_Scout,,
color,1368556209,DA_OI_BackpackContainer_Scout_Color,Color,
grey,1307179410,DA_OI_BackpackContainer_Scout_Color_Grey,Grey,
white,-2069842691,DA_OI_BackpackContainer_Scout_Color_White,White,
yellow,2024520640,DA_OI_BackpackContainer_Scout_Color_Yellow,Yellow,
sailor,-840204160,DA_OI_BackpackContainer_Seasack,Sailor,
color,334494190,DA_OI_BackpackContainer_Seasack_Color,Color,
basic,-1562111553,DA_OI_BackpackContainer_Seasack_Color_Basic,Basic,
brown,-2136405593,DA_OI_BackpackContainer_Seasack_Color_Brown,Brown,
origin,-1928249183,DA_OI_BackpackContainer_Standard,Origin,
color,-142101329,DA_OI_BackpackContainer_Standard_Color,Color,
basic,1911290765,DA_OI_BackpackContainer_Standard_Color_Basic,Basic,
pathfinder,-775997320,DA_OI_BackpackContainer_Survival,Pathfinder,
color,-143560104,DA_OI_BackpackContainer_Survival_Color,Color,
green_red,2035667857,DA_OI_BackpackContainer_Survival_Color_GreenRed,Green Red,
oibackpackcontainersurvivalcolorgreybeige,-708232981,DA_OI_BackpackContainer_Survival_Color_GreyBeige,,
bruiser,789243574,DA_OI_BackpackContainer_TechBag,Bruiser,
color,163860048,DA_OI_BackpackContainer_TechBag_Color,Color,
grey,-727999826,DA_OI_BackpackContainer_TechBag_Color_Grey,Grey,
white,-1092062365,DA_OI_BackpackContainer_TechBag_Color_White,White,
athlete,-16860888,DA_OI_BackpackContainer_TennisBag,Athlete,
color,-1419117429,DA_OI_BackpackContainer_TennisBag_Color,Color,
white,-359073283,DA_OI_BackpackContainer_TennisBag_Color_White,White,
oibackpackcontainertoolbox,1304498649,DA_OI_BackpackContainer_Toolbox,,
color,790263687,DA_OI_BackpackContainer_Toolbox_Color,Color,
basic,-418069016,DA_OI_BackpackContainer_Toolbox_Color_Basic,Basic,
green,1586941902,DA_OI_BackpackContainer_Toolbox_Color_Green,Green,
urchin_harvester,368717157,DA_OI_BackpackContainer_TreasureChest,Urchin Harvester,
color,1726616335,DA_OI_BackpackContainer_TreasureChest_Color,Color,
black,-199283887,DA_OI_BackpackContainer_TreasureChest_Color_Black,Black,
brown,-21984740,DA_OI_BackpackContainer_TreasureChest_Color_Brown,Brown,
grey,1585766557,DA_OI_BackpackContainer_TreasureChest_Color_Grey,Grey,
oibackpackcontainertreasurehunterbackpack,-191842298,DA_OI_BackpackContainer_TreasureHunterBackpack,,
color,-745050777,DA_OI_BackpackContainer_TreasureHunterBackpack_Color,Color,
basic,-1051523546,DA_OI_BackpackContainer_TreasureHunterBackpack_Color_Basic,Basic,
envoy,-1823908414,DA_OI_BackpackContainer_Trunk,Envoy,
color,1920957350,DA_OI_BackpackContainer_Trunk_Color,Color,
brown,1184225936,DA_OI_BackpackContainer_Trunk_Color_Brown,Brown,
oibackpackcontainertrunkcolorexpedition1,1967666810,DA_OI_BackpackContainer_Trunk_Color_Expedition1,,
electrician,1572194966,DA_OI_BackpackContainer_Tvoltpack,Electrician,
color,-1211616801,DA_OI_BackpackContainer_Tvoltpack_Color,Color,
black,2075143215,DA_OI_BackpackContainer_Tvoltpack_Color_Black,Black,
black_green,776746127,DA_OI_BackpackContainer_Tvoltpack_Color_BlackGreen,Black Green,
grey,1975212202,DA_OI_BackpackContainer_Tvoltpack_Color_Grey,Grey,
white,28110902,DA_OI_BackpackContainer_Tvoltpack_Color_White,White,
memorialist,-47092790,DA_OI_BackpackContainer_Urn,Memorialist,
color,-682337160,DA_OI_BackpackContainer_Urn_Color,Color,
blue,1254517466,DA_OI_BackpackContainer_Urn_Color_Blue,Blue,
grey,1892070379,DA_OI_BackpackContainer_Urn_Color_Grey,Grey,
engineer,932345099,DA_OI_BackpackContainer_Utility,Engineer,
color,-327112846,DA_OI_BackpackContainer_Utility_Color,Color,
green,-858741486,DA_OI_BackpackContainer_Utility_Color_Green,Green,
grey,-1516464267,DA_OI_BackpackContainer_Utility_Color_Grey,Grey,
red,1008090410,DA_OI_BackpackContainer_Utility_Color_Red,Red,
reliquary,-1037098441,DA_OI_BackpackContainer_Vessel,Reliquary,
color,420480705,DA_OI_BackpackContainer_Vessel_Color,Color,
basic,-1961284109,DA_OI_BackpackContainer_Vessel_Color_Basic,Basic,
hydrologist,-2057984878,DA_OI_BackpackContainer_WaterTank,Hydrologist,
color,-1556202082,DA_OI_BackpackContainer_WaterTank_Color,Color,
basic,-1891466728,DA_OI_BackpackContainer_WaterTank_Color_Basic,Basic,
oibackpackframe,1896315484,DA_OI_BackpackFrame,,
oibackpackframepersistence,-578881641,DA_OI_BackpackFrame_Persistence,,
default_backpack_frame,-618114534,DA_OI_BackpackFrame_Standard,Default Backpack Frame,
color,-1945669753,DA_OI_BackpackFrame_Standard_Color,Color,
basic,-1259687796,DA_OI_BackpackFrame_Standard_Color_Basic,Basic,
purple,1870991361,DA_OI_BackpackFrame_Standard_Color_Purple,Purple,
yellow,-330296643,DA_OI_BackpackFrame_Standard_Color_Yellow,Yellow,
back_alley_market,1959680150,DA_OI_BattlePass_BackAlleyMarket,Back-Alley Market,
oibattlepassdefault,-706981308,DA_OI_BattlePass_Default,,
oibattlepassgoalie,303537034,DA_OI_BattlePass_Goalie,,
barber_deck,473944134,DA_OI_BattlePass_Hairstyles,Barber Deck,
ryder_deck,-1239233428,DA_OI_BattlePass_Lemans,Ryder Deck,
secluded_courtyard,1038513741,DA_OI_BattlePass_SecludedCourtyard,Secluded Courtyard,
shuttered_storefront,-2063286985,DA_OI_BattlePass_ShutteredStorefront,Shuttered Storefront,
oibattlepasssurgeon,-1757354355,DA_OI_BattlePass_Surgeon,,
voyager_deck,-1732392412,DA_OI_BattlePass_Welder,Voyager Deck,
oibody,-1676492697,DA_OI_Body,,
body_type_a,-924058288,DA_OI_Body_BodyA,Body Type A,
body_type_b,-1880964748,DA_OI_Body_BodyB,Body Type B,
oichambergeneratorslot,407,DA_OI_ChamberGeneratorSlot,,
oicharactercustomizationstore,937517099,DA_OI_CharacterCustomizationStore,,
oicharacter01,1580756609,DA_OI_Character_01,,
oicharacter01persistence,-1406551826,DA_OI_Character_01_Persistence,,
oicolonyrun,489435858,DA_OI_ColonyRun,,
oiface,1993528497,DA_OI_Face,,
face_style,1930942009,DA_OI_FaceStyle,Face Style,
acne_scar,-2075859127,DA_OI_FaceStyle_AcneScar,Acne Scar,
bandaid_cheek,-1861238756,DA_OI_FaceStyle_BandaidCheek,Bandaid Cheek,
bandaid_nose,2053872668,DA_OI_FaceStyle_BandaidNose,Bandaid Nose,
black_eye,-193563651,DA_OI_FaceStyle_BlackEye,Black Eye,
bruised,-1010952123,DA_OI_FaceStyle_Bruised,Bruised,
dirt_full,717506671,DA_OI_FaceStyle_DirtFull,Dirt Full,
dirt_spray,939712037,DA_OI_FaceStyle_DirtSpray,Dirt Spray,
eye_band,-2034992061,DA_OI_FaceStyle_EyeBand,Eye Band,
eyeliner,-290382040,DA_OI_FaceStyle_Eyeliner,Eyeliner,
eye_scar,519701803,DA_OI_FaceStyle_EyeScar,Eye Scar,
eye_stripe,450395575,DA_OI_FaceStyle_EyeStripe,Eye Stripe,
freckles,-1254761697,DA_OI_FaceStyle_Freckles,Freckles,
gel_patches,2107249390,DA_OI_FaceStyle_GelPatches,Gel Patches,
henna,2013768215,DA_OI_FaceStyle_HennaTattoo,Henna,
oifacestylehennatattoored,727271464,DA_OI_FaceStyle_HennaTattooRed,,
lip_scar,1845388826,DA_OI_FaceStyle_LipScar,Lip Scar,
military_paint,-394233447,DA_OI_FaceStyle_MilitaryPaint,Military Paint,
military_paint_white,-1511325079,DA_OI_FaceStyle_MilitaryPaintWhite,Military Paint White,
neutral_makeup,-389457683,DA_OI_FaceStyle_NeutralMakeup,Neutral Makeup,
none,690231976,DA_OI_FaceStyle_None,None,
nose_stripe,-744393353,DA_OI_FaceStyle_NoseStripe,Nose Stripe,
oil_splatter,-1021321019,DA_OI_FaceStyle_OilSplatter,Oil Splatter,
painted_mask,-1913787639,DA_OI_FaceStyle_PaintedMask,Painted Mask,
painted_mask_black,1582041750,DA_OI_FaceStyle_PaintedMaskBlack,Painted Mask Black,
shark_bite,-1187017172,DA_OI_FaceStyle_SharkBite,Shark Bite,
smokey_eye,1756165969,DA_OI_FaceStyle_SmokeyEye,Smokey Eye,
smokey_eye_red,1246743456,DA_OI_FaceStyle_SmokeyEyeRed,Smokey Eye Red,
sot,320523516,DA_OI_FaceStyle_Sot,Sot,
blue_forehead_paint,-368932213,DA_OI_FaceStyle_SOTBlue,Blue Forehead Paint,
speckled_face_art,-734651836,DA_OI_FaceStyle_SpeckledFaceArt,Speckled Face Art,
sport_face_paint,2099617945,DA_OI_FaceStyle_SportFacePaint,Sport Face Paint,
sport_face_paint_blue,-866185106,DA_OI_FaceStyle_SportFacePaintBlue,Sport Face Paint Blue,
sprayed_eyes,-881132168,DA_OI_FaceStyle_SprayedEyes,Sprayed Eyes,
sprayed_eyes_red,1059828852,DA_OI_FaceStyle_SprayedEyesRed,Sprayed Eyes Red,
kraken_tattoo,242039238,DA_OI_FaceStyle_TattooKraken,Kraken Tattoo,
snake_tattoo,798853100,DA_OI_FaceStyle_TattooSnake,Snake Tattoo,
tribal_eye,413786447,DA_OI_FaceStyle_TribalEye,Tribal Eye,
face_01,-985581001,DA_OI_Face_Face_01_Pio,Face 01,
face_02,-341295132,DA_OI_Face_Face_02_Pio,Face 02,
face_03,1323303762,DA_OI_Face_Face_03_Pio,Face 03,
face_04,-1697100791,DA_OI_Face_Face_04_Pio,Face 04,
face_05,998158721,DA_OI_Face_Face_05_Pio,Face 05,
face_06,1968797101,DA_OI_Face_Face_06_Pio,Face 06,
face_07,-86979233,DA_OI_Face_Face_07_Pio,Face 07,
face_08,-1702458231,DA_OI_Face_Face_08_Pio,Face 08,
face_09,-1203612746,DA_OI_Face_Face_09_Pio,Face 09,
face_10,387386628,DA_OI_Face_Face_10_Pio,Face 10,
face_11,-1823783642,DA_OI_Face_Face_11_Pio,Face 11,
face_12,753285227,DA_OI_Face_Face_12_Pio,Face 12,
face_13,1411897210,DA_OI_Face_Face_13_Pio,Face 13,
face_14,1124937991,DA_OI_Face_Face_14_Pio,Face 14,
face_15,316059420,DA_OI_Face_Face_15_Pio,Face 15,
face_18,-480123730,DA_OI_Face_Face_18_Pio,Face 18,
face_19,-2084412649,DA_OI_Face_Face_19_Pio,Face 19,
face_20,-571723644,DA_OI_Face_Face_20_Pio,Face 20,
oifacepersistence,-1863030297,DA_OI_Face_Persistence,,
oifacialhair,-786318470,DA_OI_FacialHair,,
full_beard,-766288644,DA_OI_FacialHair_BeardFull,Full Beard,
color,-788270880,DA_OI_FacialHair_BeardFull_Color,Color,
black,-1773875135,DA_OI_FacialHair_BeardFull_Color_Black,Black,
blonde,-743686801,DA_OI_FacialHair_BeardFull_Color_Blonde,Blonde,
brown,-1024303558,DA_OI_FacialHair_BeardFull_Color_Brown,Brown,
grey,-1755193878,DA_OI_FacialHair_BeardFull_Color_Grey,Grey,
red,2064907604,DA_OI_FacialHair_BeardFull_Color_Red,Red,
mustache,-1423023010,DA_OI_FacialHair_MoustacheRegular,Mustache,
color,356345100,DA_OI_FacialHair_MoustacheRegular_Color,Color,
black,-957603735,DA_OI_FacialHair_MoustacheRegular_Color_Black,Black,
blonde,1659135138,DA_OI_FacialHair_MoustacheRegular_Color_Blonde,Blonde,
brown,1985585225,DA_OI_FacialHair_MoustacheRegular_Color_Brown,Brown,
grey,1446720077,DA_OI_FacialHair_MoustacheRegular_Color_Grey,Grey,
red,1294046071,DA_OI_FacialHair_MoustacheRegular_Color_Red,Red,
mutton_chops,2024309669,DA_OI_FacialHair_MuttonChops,Mutton Chops,
color,632671652,DA_OI_FacialHair_MuttonChops_Color,Color,
black,-1176102982,DA_OI_FacialHair_MuttonChops_Color_Black,Black,
blonde,963184236,DA_OI_FacialHair_MuttonChops_Color_Blonde,Blonde,
brown,406926600,DA_OI_FacialHair_MuttonChops_Color_Brown,Brown,
grey,-1821863836,DA_OI_FacialHair_MuttonChops_Color_Grey,Grey,
red,-1461811016,DA_OI_FacialHair_MuttonChops_Color_Red,Red,
none,2029957090,DA_OI_FacialHair_None,None,
sideburns,1818144613,DA_OI_FacialHair_SideBurns,Sideburns,
color,175522012,DA_OI_FacialHair_SideBurns_Color,Color,
black,-1725361996,DA_OI_FacialHair_SideBurns_Color_Black,Black,
blonde,1428097035,DA_OI_FacialHair_SideBurns_Color_Blonde,Blonde,
brown,-1335667310,DA_OI_FacialHair_SideBurns_Color_Brown,Brown,
grey,-115041026,DA_OI_FacialHair_SideBurns_Color_Grey,Grey,
red,-699136615,DA_OI_FacialHair_SideBurns_Color_Red,Red,
stubble,-1378660176,DA_OI_FacialHair_Stubble,Stubble,
short_tidy_beard,-2324538,DA_OI_FacialHair_StubbleShort,Short Tidy Beard,
color,1855047011,DA_OI_FacialHair_StubbleShort_Color,Color,
black,1852954932,DA_OI_FacialHair_StubbleShort_Color_Black,Black,
blonde,1404506322,DA_OI_FacialHair_StubbleShort_Color_Blonde,Blonde,
brown,2133890540,DA_OI_FacialHair_StubbleShort_Color_Brown,Brown,
grey,148679855,DA_OI_FacialHair_StubbleShort_Color_Grey,Grey,
red,1207293047,DA_OI_FacialHair_StubbleShort_Color_Red,Red,
color,778309174,DA_OI_FacialHair_Stubble_Color,Color,
black,975173817,DA_OI_FacialHair_Stubble_Color_Black,Black,
blonde,-609885039,DA_OI_FacialHair_Stubble_Color_Blonde,Blonde,
brown,-1145439863,DA_OI_FacialHair_Stubble_Color_Brown,Brown,
grey,-1244120658,DA_OI_FacialHair_Stubble_Color_Grey,Grey,
red,641003786,DA_OI_FacialHair_Stubble_Color_Red,Red,
oifieldcraftingofferowner,510,DA_OI_FieldCraftingOfferOwner,,
oifieldsalvageofferowner,511,DA_OI_FieldSalvageOfferOwner,,
oihair,-1290889114,DA_OI_Hair,,
afro_fade,797242666,DA_OI_Hair_AfroFade,Afro Fade,
color,995979626,DA_OI_Hair_AfroFade_Color,Color,
black,1414847610,DA_OI_Hair_AfroFade_Color_Black,Black,
blonde,-29743837,DA_OI_Hair_AfroFade_Color_Blonde,Blonde,
brown,-4668712,DA_OI_Hair_AfroFade_Color_Brown,Brown,
grey,631491197,DA_OI_Hair_AfroFade_Color_Grey,Grey,
red,1928011832,DA_OI_Hair_AfroFade_Color_Red,Red,
long_afro,-1666161734,DA_OI_Hair_AfroLong,Long Afro,
color,906304875,DA_OI_Hair_AfroLong_Color,Color,
black,1928678902,DA_OI_Hair_AfroLong_Color_Black,Black,
blonde,-1346206133,DA_OI_Hair_AfroLong_Color_Blonde,Blonde,
brown,1108094364,DA_OI_Hair_AfroLong_Color_Brown,Brown,
grey,1507707160,DA_OI_Hair_AfroLong_Color_Grey,Grey,
red,-1980205582,DA_OI_Hair_AfroLong_Color_Red,Red,
slickback_messy,1360425568,DA_OI_Hair_BackSlickMessy,Slickback Messy,
color,719196987,DA_OI_Hair_BackSlickMessy_Color,Color,
black,-1896708583,DA_OI_Hair_BackSlickMessy_Color_Black,Black,
blonde,1966574095,DA_OI_Hair_BackSlickMessy_Color_Blonde,Blonde,
brown,196509684,DA_OI_Hair_BackSlickMessy_Color_Brown,Brown,
grey,367062001,DA_OI_Hair_BackSlickMessy_Color_Grey,Grey,
red,224141958,DA_OI_Hair_BackSlickMessy_Color_Red,Red,
bald,439318886,DA_OI_Hair_Bald,Bald,
slick_short,231923225,DA_OI_Hair_BobSlick,Slick Short,
color,220274827,DA_OI_Hair_BobSlick_Color,Color,
black,-343049367,DA_OI_Hair_BobSlick_Color_Black,Black,
blonde,1647724872,DA_OI_Hair_BobSlick_Color_Blonde,Blonde,
brown,-1607832387,DA_OI_Hair_BobSlick_Color_Brown,Brown,
grey,1943607055,DA_OI_Hair_BobSlick_Color_Grey,Grey,
red,-2103695047,DA_OI_Hair_BobSlick_Color_Red,Red,
messy_bowl_cut,2052748760,DA_OI_Hair_BowlCutMessy,Messy Bowl Cut,
color,1693158049,DA_OI_Hair_BowlCutMessy_Color,Color,
black,-921914415,DA_OI_Hair_BowlCutMessy_Color_Black,Black,
blonde,-130546644,DA_OI_Hair_BowlCutMessy_Color_Blonde,Blonde,
brown,-903007975,DA_OI_Hair_BowlCutMessy_Color_Brown,Brown,
grey,1493386907,DA_OI_Hair_BowlCutMessy_Color_Grey,Grey,
red,-481376921,DA_OI_Hair_BowlCutMessy_Color_Red,Red,
braided_bun,516292676,DA_OI_Hair_BraidedBun,Braided Bun,
color,1758249948,DA_OI_Hair_BraidedBun_Color,Color,
black,-1752863333,DA_OI_Hair_BraidedBun_Color_Black,Black,
blonde,615418600,DA_OI_Hair_BraidedBun_Color_Blonde,Blonde,
brown,1688731636,DA_OI_Hair_BraidedBun_Color_Brown,Brown,
grey,1567123748,DA_OI_Hair_BraidedBun_Color_Grey,Grey,
red,-1561831952,DA_OI_Hair_BraidedBun_Color_Red,Red,
buzzcut,750281747,DA_OI_Hair_Buzzcut,Buzzcut,
color,722281880,DA_OI_Hair_Buzzcut_Color,Color,
black,-1661121418,DA_OI_Hair_Buzzcut_Color_Black,Black,
blonde,1864584005,DA_OI_Hair_Buzzcut_Color_Blonde,Blonde,
brown,-673527262,DA_OI_Hair_Buzzcut_Color_Brown,Brown,
grey,1362832339,DA_OI_Hair_Buzzcut_Color_Grey,Grey,
red,154443698,DA_OI_Hair_Buzzcut_Color_Red,Red,
short_curly,1322617791,DA_OI_Hair_CurlyShort,Short Curly,
color,1297269716,DA_OI_Hair_CurlyShort_Color,Color,
black,-403340948,DA_OI_Hair_CurlyShort_Color_Black,Black,
blonde,-1879190060,DA_OI_Hair_CurlyShort_Color_Blonde,Blonde,
brown,1144932629,DA_OI_Hair_CurlyShort_Color_Brown,Brown,
grey,-1986209291,DA_OI_Hair_CurlyShort_Color_Grey,Grey,
red,1097098892,DA_OI_Hair_CurlyShort_Color_Red,Red,
curtain_fade,1978741826,DA_OI_Hair_CurtainFade,Curtain Fade,
color,-836850809,DA_OI_Hair_CurtainFade_Color,Color,
black,-780857400,DA_OI_Hair_CurtainFade_Color_Black,Black,
blonde,530546160,DA_OI_Hair_CurtainFade_Color_Blonde,Blonde,
brown,443320779,DA_OI_Hair_CurtainFade_Color_Brown,Brown,
grey,2143453132,DA_OI_Hair_CurtainFade_Color_Grey,Grey,
red,-208412000,DA_OI_Hair_CurtainFade_Color_Red,Red,
sidecut_dreads,-1302452813,DA_OI_Hair_DreadsSidecut,Sidecut Dreads,
color,-762129062,DA_OI_Hair_DreadsSidecut_Color,Color,
black,-422324340,DA_OI_Hair_DreadsSidecut_Color_Black,Black,
blonde,-894301613,DA_OI_Hair_DreadsSidecut_Color_Blonde,Blonde,
brown,-1979615845,DA_OI_Hair_DreadsSidecut_Color_Brown,Brown,
grey,-1644632768,DA_OI_Hair_DreadsSidecut_Color_Grey,Grey,
red,2078270653,DA_OI_Hair_DreadsSidecut_Color_Red,Red,
french_braids,-1858538350,DA_OI_Hair_FrenchBraids,French Braids,
color,-753294758,DA_OI_Hair_FrenchBraids_Color,Color,
black,-170036776,DA_OI_Hair_FrenchBraids_Color_Black,Black,
blonde,963137718,DA_OI_Hair_FrenchBraids_Color_Blonde,Blonde,
brown,717827477,DA_OI_Hair_FrenchBraids_Color_Brown,Brown,
grey,246215416,DA_OI_Hair_FrenchBraids_Color_Grey,Grey,
red,1725500639,DA_OI_Hair_FrenchBraids_Color_Red,Red,
low_bun,1059854545,DA_OI_Hair_LowBun,Low Bun,
color,-855519727,DA_OI_Hair_LowBun_Color,Color,
black,1871486389,DA_OI_Hair_LowBun_Color_Black,Black,
blonde,-663546873,DA_OI_Hair_LowBun_Color_Blonde,Blonde,
brown,40062375,DA_OI_Hair_LowBun_Color_Brown,Brown,
grey,-906288492,DA_OI_Hair_LowBun_Color_Grey,Grey,
red,1160829470,DA_OI_Hair_LowBun_Color_Red,Red,
middle_fade,2130418374,DA_OI_Hair_MiddleFade,Middle Fade,
color,956861920,DA_OI_Hair_MiddleFade_Color,Color,
black,-899864252,DA_OI_Hair_MiddleFade_Color_Black,Black,
blonde,-1028091179,DA_OI_Hair_MiddleFade_Color_Blonde,Blonde,
brown,548224039,DA_OI_Hair_MiddleFade_Color_Brown,Brown,
green,-608122409,DA_OI_Hair_MiddleFade_Color_Green,Green,
grey,1584238694,DA_OI_Hair_MiddleFade_Color_Grey,Grey,
red,-1242592611,DA_OI_Hair_MiddleFade_Color_Red,Red,
mohawk,2082939526,DA_OI_Hair_MohawkMessy,Mohawk,
color,92766062,DA_OI_Hair_MohawkMessy_Color,Color,
black,-956645270,DA_OI_Hair_MohawkMessy_Color_Black,Black,
blonde,535140107,DA_OI_Hair_MohawkMessy_Color_Blonde,Blonde,
blue,-861857737,DA_OI_Hair_MohawkMessy_Color_Blue,Blue,
brown,-1723585361,DA_OI_Hair_MohawkMessy_Color_Brown,Brown,
grey,-988268722,DA_OI_Hair_MohawkMessy_Color_Grey,Grey,
red,-852056770,DA_OI_Hair_MohawkMessy_Color_Red,Red,
mullet,261883191,DA_OI_Hair_Mullet,Mullet,
curly_mullet,236474731,DA_OI_Hair_MulletCurly,Curly Mullet,
color,166237282,DA_OI_Hair_MulletCurly_Color,Color,
black,986399871,DA_OI_Hair_MulletCurly_Color_Black,Black,
blonde,785338711,DA_OI_Hair_MulletCurly_Color_Blonde,Blonde,
brown,1939767236,DA_OI_Hair_MulletCurly_Color_Brown,Brown,
grey,285302934,DA_OI_Hair_MulletCurly_Color_Grey,Grey,
red,18763065,DA_OI_Hair_MulletCurly_Color_Red,Red,
color,-1451190528,DA_OI_Hair_Mullet_Color,Color,
black,-1368597602,DA_OI_Hair_Mullet_Color_Black,Black,
blonde,-1545213951,DA_OI_Hair_Mullet_Color_Blonde,Blonde,
brown,-2107184721,DA_OI_Hair_Mullet_Color_Brown,Brown,
grey,536269353,DA_OI_Hair_Mullet_Color_Grey,Grey,
red,-926812918,DA_OI_Hair_Mullet_Color_Red,Red,
oihairmulletcolortwotonered,1438626054,DA_OI_Hair_Mullet_Color_TwoToneRed,,
curly_ponytail,-1818071978,DA_OI_Hair_PonytailBigCurly,Curly Ponytail,
color,-1971632209,DA_OI_Hair_PonytailBigCurly_Color,Color,
black,1132566252,DA_OI_Hair_PonytailBigCurly_Color_Black,Black,
blonde,-890484718,DA_OI_Hair_PonytailBigCurly_Color_Blonde,Blonde,
brown,526122872,DA_OI_Hair_PonytailBigCurly_Color_Brown,Brown,
grey,960552658,DA_OI_Hair_PonytailBigCurly_Color_Grey,Grey,
red,2079190545,DA_OI_Hair_PonytailBigCurly_Color_Red,Red,
receding,720910232,DA_OI_Hair_RecedeMessy,Receding,
color,1194222212,DA_OI_Hair_RecedeMessy_Color,Color,
black,1282852325,DA_OI_Hair_RecedeMessy_Color_Black,Black,
blonde,1316742325,DA_OI_Hair_RecedeMessy_Color_Blonde,Blonde,
brown,-579922382,DA_OI_Hair_RecedeMessy_Color_Brown,Brown,
grey,-2034536159,DA_OI_Hair_RecedeMessy_Color_Grey,Grey,
red,1635970234,DA_OI_Hair_RecedeMessy_Color_Red,Red,
medium_wavy,-465176259,DA_OI_Hair_ShortWavy,Medium Wavy,
color,377065719,DA_OI_Hair_ShortWavy_Color,Color,
black,-1618570866,DA_OI_Hair_ShortWavy_Color_Black,Black,
blonde,-954585580,DA_OI_Hair_ShortWavy_Color_Blonde,Blonde,
brown,1433272974,DA_OI_Hair_ShortWavy_Color_Brown,Brown,
grey,1832224536,DA_OI_Hair_ShortWavy_Color_Grey,Grey,
red,-1141154727,DA_OI_Hair_ShortWavy_Color_Red,Red,
oihairsidesweptfringecolorblackpersistence,1119603570,DA_OI_Hair_SideSweptFringe_Color_Black_Persistence,,
oihairsidesweptfringecolorbrownpersistence,-863411341,DA_OI_Hair_SideSweptFringe_Color_Brown_Persistence,,
oihairsidesweptfringecolorpersistence,-1765022146,DA_OI_Hair_SideSweptFringe_Color_Persistence,,
oihairsidesweptfringepersistence,-1978197553,DA_OI_Hair_SideSweptFringe_Persistence,,
outfit,1181725795,DA_OI_Outfit,Outfit,
cosmo,-2140294840,DA_OI_Outfit_AbandonedAstronaut,Cosmo,
color,-545372250,DA_OI_Outfit_AbandonedAstronaut_Color,Color,
basic,-1204716205,DA_OI_Outfit_AbandonedAstronaut_Color_Basic,Basic,
orange,-938767068,DA_OI_Outfit_AbandonedAstronaut_Color_Orange,Orange,
white_camo,-98924280,DA_OI_Outfit_AbandonedAstronaut_Color_WhiteCamo,White Camo,
headgear,886258006,DA_OI_Outfit_AbandonedAstronaut_Headgear,Headgear,
off,541839910,DA_OI_Outfit_AbandonedAstronaut_Headgear_Off,Off,
on,-1322190868,DA_OI_Outfit_AbandonedAstronaut_Headgear_On,On,
meshtoggle1,-1792956276,DA_OI_Outfit_AbandonedAstronaut_MeshToggle1,MeshToggle1,
off,-197401063,DA_OI_Outfit_AbandonedAstronaut_MeshToggle1_Off,Off,
on,-436261315,DA_OI_Outfit_AbandonedAstronaut_MeshToggle1_On,On,
meshtoggle2,-2036686649,DA_OI_Outfit_AbandonedAstronaut_MeshToggle2,MeshToggle2,
off,909546299,DA_OI_Outfit_AbandonedAstronaut_MeshToggle2_Off,Off,
on,1178842322,DA_OI_Outfit_AbandonedAstronaut_MeshToggle2_On,On,
meshtoggle3,31762897,DA_OI_Outfit_AbandonedAstronaut_MeshToggle3,MeshToggle3,
off,-688552015,DA_OI_Outfit_AbandonedAstronaut_MeshToggle3_Off,Off,
on,-1504191939,DA_OI_Outfit_AbandonedAstronaut_MeshToggle3_On,On,
abyss,650928282,DA_OI_Outfit_Abyss,Abyss,
color,-1483564554,DA_OI_Outfit_Abyss_Color,Color,
basic,1972768038,DA_OI_Outfit_Abyss_Color_Basic,Basic,
black_yellow,-1139566437,DA_OI_Outfit_Abyss_Color_BlackYellow,Black Yellow,
white_green,-18288501,DA_OI_Outfit_Abyss_Color_WhiteGreen,White Green,
meshtoggle1,-464059127,DA_OI_Outfit_Abyss_MeshToggle1,MeshToggle1,
off,9443344,DA_OI_Outfit_Abyss_MeshToggle1_Off,Off,
on,-1496560727,DA_OI_Outfit_Abyss_MeshToggle1_On,On,
meshtoggle2,327744913,DA_OI_Outfit_Abyss_MeshToggle2,MeshToggle2,
off,-1086426975,DA_OI_Outfit_Abyss_MeshToggle2_Off,Off,
on,-1865058250,DA_OI_Outfit_Abyss_MeshToggle2_On,On,
visor,-1343433048,DA_OI_Outfit_Abyss_MeshToggle2_Visor,Visor,
meshtoggle3,-1031746285,DA_OI_Outfit_Abyss_MeshToggle3,MeshToggle3,
off,404477236,DA_OI_Outfit_Abyss_MeshToggle3_Off,Off,
on,647326041,DA_OI_Outfit_Abyss_MeshToggle3_On,On,
mesh_toggle_4,823896479,DA_OI_Outfit_Abyss_MeshToggle4,Mesh Toggle 4,
off,-720707905,DA_OI_Outfit_Abyss_MeshToggle4_Off,Off,
on,417663453,DA_OI_Outfit_Abyss_MeshToggle4_On,On,
astrolite,568796837,DA_OI_Outfit_AgileAstronaut,Astrolite,
color,-2102242465,DA_OI_Outfit_AgileAstronaut_Color,Color,
basic,1714329596,DA_OI_Outfit_AgileAstronaut_Color_Basic,Basic,
green,-1805845756,DA_OI_Outfit_AgileAstronaut_Color_Green,Green,
white,-932826325,DA_OI_Outfit_AgileAstronaut_Color_White,White,
headgear,-228221403,DA_OI_Outfit_AgileAstronaut_Headgear,Headgear,
off,-1543272310,DA_OI_Outfit_AgileAstronaut_Headgear_Off,Off,
on,-1661944363,DA_OI_Outfit_AgileAstronaut_Headgear_On,On,
visor_up,920614849,DA_OI_Outfit_AgileAstronaut_Headgear_VisorUp,Visor Up,
meshtoggle1,153848860,DA_OI_Outfit_AgileAstronaut_MeshToggle1,MeshToggle1,
off,-1125556495,DA_OI_Outfit_AgileAstronaut_MeshToggle1_Off,Off,
on,889783460,DA_OI_Outfit_AgileAstronaut_MeshToggle1_On,On,
meshtoggle2,-139648153,DA_OI_Outfit_AgileAstronaut_MeshToggle2,MeshToggle2,
off,291822648,DA_OI_Outfit_AgileAstronaut_MeshToggle2_Off,Off,
on,592172132,DA_OI_Outfit_AgileAstronaut_MeshToggle2_On,On,
castaway,576452510,DA_OI_Outfit_Angler,Castaway,
oioutfitanglercoat,2038513850,DA_OI_Outfit_Angler_Coat,,
off,-994572685,DA_OI_Outfit_Angler_Coat_Off,Off,
on,344396377,DA_OI_Outfit_Angler_Coat_On,On,
color,-1294705458,DA_OI_Outfit_Angler_Color,Color,
black,-1615410241,DA_OI_Outfit_Angler_Color_Black,Black,
blue_yellow,1170515686,DA_OI_Outfit_Angler_Color_YellowBlue,Blue Yellow,
green_yellow,-1389765532,DA_OI_Outfit_Angler_Color_YellowGreen,Green Yellow,
oioutfitangleremissive,-995957272,DA_OI_Outfit_Angler_Emissive,,
off,1278236256,DA_OI_Outfit_Angler_Emissive_Off,Off,
on,1100957277,DA_OI_Outfit_Angler_Emissive_On,On,
headgear,2033064585,DA_OI_Outfit_Angler_Headgear,Headgear,
no_visor,-127946501,DA_OI_Outfit_Angler_Headgear_NoVisor,No Visor,
off,-1648924995,DA_OI_Outfit_Angler_Headgear_Off,Off,
on,570621307,DA_OI_Outfit_Angler_Headgear_On,On,
meshtoggle1,376959478,DA_OI_Outfit_Angler_MeshToggle1,MeshToggle1,
off,-2135781867,DA_OI_Outfit_Angler_MeshToggle1_Off,Off,
on,771326474,DA_OI_Outfit_Angler_MeshToggle1_On,On,
meshtoggle2,1207710162,DA_OI_Outfit_Angler_MeshToggle2,MeshToggle2,
off,1188091618,DA_OI_Outfit_Angler_MeshToggle2_Off,Off,
on,973682812,DA_OI_Outfit_Angler_MeshToggle2_On,On,
meshtoggle3,39149939,DA_OI_Outfit_Angler_MeshToggle3,MeshToggle3,
off,-1391722808,DA_OI_Outfit_Angler_MeshToggle3_Off,Off,
on,-1635658115,DA_OI_Outfit_Angler_MeshToggle3_On,On,
mesh_toggle_4,1135134702,DA_OI_Outfit_Angler_MeshToggle4,Mesh Toggle 4,
off,88669059,DA_OI_Outfit_Angler_MeshToggle4_Off,Off,
on,-1163926984,DA_OI_Outfit_Angler_MeshToggle4_On,On,
oioutfitanglermeshtoggle5,-1079534704,DA_OI_Outfit_Angler_MeshToggle5,,
off,-837936131,DA_OI_Outfit_Angler_MeshToggle5_Off,Off,
on,-249272863,DA_OI_Outfit_Angler_MeshToggle5_On,On,
bonecrown,-271787308,DA_OI_Outfit_AntlerShaman,Bonecrown,
color,-1933668585,DA_OI_Outfit_AntlerShaman_Color,Color,
orange_white,-2110894888,DA_OI_Outfit_AntlerShaman_Color_OrangeWhite,Orange White,
red,1409910763,DA_OI_Outfit_AntlerShaman_Color_Red,Red,
white_black,-2015658237,DA_OI_Outfit_AntlerShaman_Color_WhiteBlack,White Black,
white_green,282414481,DA_OI_Outfit_AntlerShaman_Color_WhiteGreen,White Green,
headgear,567559731,DA_OI_Outfit_AntlerShaman_Headgear,Headgear,
off,656672814,DA_OI_Outfit_AntlerShaman_Headgear_Off,Off,
on,252199427,DA_OI_Outfit_AntlerShaman_Headgear_On,On,
meshtoggle1,460702648,DA_OI_Outfit_AntlerShaman_MeshToggle1,MeshToggle1,
off,-1590366796,DA_OI_Outfit_AntlerShaman_MeshToggle1_Off,Off,
on,-1176200523,DA_OI_Outfit_AntlerShaman_MeshToggle1_On,On,
meshtoggle2,257360946,DA_OI_Outfit_AntlerShaman_MeshToggle2,MeshToggle2,
off,-1883329466,DA_OI_Outfit_AntlerShaman_MeshToggle2_Off,Off,
on,2113966734,DA_OI_Outfit_AntlerShaman_MeshToggle2_On,On,
meshtoggle3,-1156828812,DA_OI_Outfit_AntlerShaman_MeshToggle3,MeshToggle3,
off,590529079,DA_OI_Outfit_AntlerShaman_MeshToggle3_Off,Off,
on,-1340783308,DA_OI_Outfit_AntlerShaman_MeshToggle3_On,On,
mesh_toggle_4,779064918,DA_OI_Outfit_AntlerShaman_MeshToggle4,Mesh Toggle 4,
off,433598397,DA_OI_Outfit_AntlerShaman_MeshToggle4_Off,Off,
on,-410130258,DA_OI_Outfit_AntlerShaman_MeshToggle4_On,On,
oioutfitarccore,-1682309083,DA_OI_Outfit_ArcCore,,
oioutfitarccorechestbag,747810384,DA_OI_Outfit_ArcCore_ChestBag,,
off,407499825,DA_OI_Outfit_ArcCore_ChestBag_Off,Off,
on,1512523393,DA_OI_Outfit_ArcCore_ChestBag_On,On,
color,-1292428867,DA_OI_Outfit_ArcCore_Color,Color,
basic,1988431397,DA_OI_Outfit_ArcCore_Color_Basic,Basic,
blue,429234680,DA_OI_Outfit_ArcCore_Color_Blue,Blue,
orange,532009696,DA_OI_Outfit_ArcCore_Color_Orange,Orange,
yellow,793482373,DA_OI_Outfit_ArcCore_Color_Yellow,Yellow,
helmet,-990881504,DA_OI_Outfit_ArcCore_Helmet,Helmet,
no_outer_helmet,2021083274,DA_OI_Outfit_ArcCore_Helmet_NoOuterHelmet,No Outer Helmet,
no_tech,2019057891,DA_OI_Outfit_ArcCore_Helmet_NoTech,No Tech,
off,1073075524,DA_OI_Outfit_ArcCore_Helmet_Off,Off,
on,1109729127,DA_OI_Outfit_ArcCore_Helmet_On,On,
oioutfitarccorejacketsleeves,-778099757,DA_OI_Outfit_ArcCore_JacketSleeves,,
off,1869411481,DA_OI_Outfit_ArcCore_JacketSleeves_Off,Off,
on,1148467804,DA_OI_Outfit_ArcCore_JacketSleeves_On,On,
mask,-1484444538,DA_OI_Outfit_ArcCore_Mask,Mask,
off,1986529264,DA_OI_Outfit_ArcCore_Mask_Off,Off,
on,-578574029,DA_OI_Outfit_ArcCore_Mask_On,On,
meshtoggle1,-444228885,DA_OI_Outfit_ArcCore_MeshToggle1,MeshToggle1,
off,317302591,DA_OI_Outfit_ArcCore_MeshToggle1_Off,Off,
on,-1491750428,DA_OI_Outfit_ArcCore_MeshToggle1_On,On,
shoulder_pad,1054728074,DA_OI_Outfit_ArcCore_ShoulderPad,Shoulder Pad,
off,1827460044,DA_OI_Outfit_ArcCore_ShoulderPad_Off,Off,
on,1866496038,DA_OI_Outfit_ArcCore_ShoulderPad_On,On,
fiero,62552928,DA_OI_Outfit_Aviator,Fiero,
color,1357395339,DA_OI_Outfit_Aviator_Color,Color,
basic,-1578704451,DA_OI_Outfit_Aviator_Color_Basic,Basic,
black_white,-2100970921,DA_OI_Outfit_Aviator_Color_BlackWhite,Black White,
red_green,-1036561586,DA_OI_Outfit_Aviator_Color_RedGreen,Red Green,
headgear,-1854287259,DA_OI_Outfit_Aviator_Headgear,Headgear,
off,180419135,DA_OI_Outfit_Aviator_Headgear_Off,Off,
on,-604155605,DA_OI_Outfit_Aviator_Headgear_On,On,
mask,186889785,DA_OI_Outfit_Aviator_Mask,Mask,
off,1092411213,DA_OI_Outfit_Aviator_Mask_Off,Off,
on,508439585,DA_OI_Outfit_Aviator_Mask_On,On,
meshtoggle1,1318519014,DA_OI_Outfit_Aviator_MeshToggle1,MeshToggle1,
off,37063796,DA_OI_Outfit_Aviator_MeshToggle1_Off,Off,
on,-994292149,DA_OI_Outfit_Aviator_MeshToggle1_On,On,
scarf,-2017114606,DA_OI_Outfit_Aviator_Scarf,Scarf,
off,368970528,DA_OI_Outfit_Aviator_Scarf_Off,Off,
on,224526353,DA_OI_Outfit_Aviator_Scarf_On,On,
boonie,1723879437,DA_OI_Outfit_Beekeeper,Boonie,
color,1068526108,DA_OI_Outfit_Beekeeper_Color,Color,
blue_yellow,647255138,DA_OI_Outfit_Beekeeper_Color_BlueYellow,Blue Yellow,
oioutfitbeekeepercolorcyanorange,892576042,DA_OI_Outfit_Beekeeper_Color_CyanOrange,,
green_orange,-1687726698,DA_OI_Outfit_Beekeeper_Color_GreenOrange,Green Orange,
headgear,-1804130002,DA_OI_Outfit_Beekeeper_Headgear,Headgear,
off,1692365609,DA_OI_Outfit_Beekeeper_Headgear_Off,Off,
on,-1681529626,DA_OI_Outfit_Beekeeper_Headgear_On,On,
meshtoggle1,-10872751,DA_OI_Outfit_Beekeeper_MeshToggle1,MeshToggle1,
off,1852675371,DA_OI_Outfit_Beekeeper_MeshToggle1_Off,Off,
on,220615143,DA_OI_Outfit_Beekeeper_MeshToggle1_On,On,
meshtoggle2,2034664098,DA_OI_Outfit_Beekeeper_MeshToggle2,MeshToggle2,
off,875387393,DA_OI_Outfit_Beekeeper_MeshToggle2_Off,Off,
on,1841241931,DA_OI_Outfit_Beekeeper_MeshToggle2_On,On,
meshtoggle3,966075729,DA_OI_Outfit_Beekeeper_MeshToggle3,MeshToggle3,
off,898229045,DA_OI_Outfit_Beekeeper_MeshToggle3_Off,Off,
on,-990314563,DA_OI_Outfit_Beekeeper_MeshToggle3_On,On,
striker,-922062118,DA_OI_Outfit_Bomber,Striker,
color,-578444560,DA_OI_Outfit_Bomber_Color,Color,
orange,-1642395778,DA_OI_Outfit_Bomber_Color_Orange,Orange,
red,373182740,DA_OI_Outfit_Bomber_Color_Red,Red,
yellow_gray,1987830461,DA_OI_Outfit_Bomber_Color_YellowGray,Yellow Gray,
gas_mask,-1312514449,DA_OI_Outfit_Bomber_Gasmask,Gas Mask,
off,-1616505845,DA_OI_Outfit_Bomber_Gasmask_Off,Off,
on,-1817273688,DA_OI_Outfit_Bomber_Gasmask_On,On,
helmet,-1899529728,DA_OI_Outfit_Bomber_Helmet,Helmet,
off,-230543265,DA_OI_Outfit_Bomber_Helmet_Off,Off,
on,-395201445,DA_OI_Outfit_Bomber_Helmet_On,On,
meshtoggle1,187517567,DA_OI_Outfit_Bomber_MeshToggle1,MeshToggle1,
off,664262935,DA_OI_Outfit_Bomber_MeshToggle1_Off,Off,
on,449354822,DA_OI_Outfit_Bomber_MeshToggle1_On,On,
meshtoggle2,156219308,DA_OI_Outfit_Bomber_MeshToggle2,MeshToggle2,
off,956328025,DA_OI_Outfit_Bomber_MeshToggle2_Off,Off,
on,131505618,DA_OI_Outfit_Bomber_MeshToggle2_On,On,
aviator,773563887,DA_OI_Outfit_CasualPilot,Aviator,
color,-868726117,DA_OI_Outfit_CasualPilot_Color,Color,
orange_black,-1029540104,DA_OI_Outfit_CasualPilot_Color_BlackOrange,Orange Black,
red_black,-1058148364,DA_OI_Outfit_CasualPilot_Color_RedBlack,Red Black,
white_red,-1418053739,DA_OI_Outfit_CasualPilot_Color_RedWhite,White Red,
white_teal,19054358,DA_OI_Outfit_CasualPilot_Color_WhiteTeal,White Teal,
blue_yellow,-1331760043,DA_OI_Outfit_CasualPilot_Color_YellowBlue,Blue Yellow,
headgear,-1364658463,DA_OI_Outfit_CasualPilot_Headgear,Headgear,
off,670827838,DA_OI_Outfit_CasualPilot_Headgear_Off,Off,
on,-1058913308,DA_OI_Outfit_CasualPilot_Headgear_On,On,
luna,-2008308189,DA_OI_Outfit_Cosmonaut,Luna,
color,1384397223,DA_OI_Outfit_Cosmonaut_Color,Color,
blue,2116530760,DA_OI_Outfit_Cosmonaut_Color_Blue,Blue,
orange,480897323,DA_OI_Outfit_Cosmonaut_Color_Orange,Orange,
white,-957163065,DA_OI_Outfit_Cosmonaut_Color_White,White,
headgear,-669413168,DA_OI_Outfit_Cosmonaut_Headgear,Headgear,
off,2097482628,DA_OI_Outfit_Cosmonaut_Headgear_Off,Off,
on,-33834631,DA_OI_Outfit_Cosmonaut_Headgear_On,On,
open,2093947641,DA_OI_Outfit_Cosmonaut_Headgear_Open,Open,
meshtoggle1,-2113928619,DA_OI_Outfit_Cosmonaut_MeshToggle1,MeshToggle1,
off,813405676,DA_OI_Outfit_Cosmonaut_MeshToggle1_Off,Off,
on,469154055,DA_OI_Outfit_Cosmonaut_MeshToggle1_On,On,
meshtoggle2,1719797422,DA_OI_Outfit_Cosmonaut_MeshToggle2,MeshToggle2,
off,210647814,DA_OI_Outfit_Cosmonaut_MeshToggle2_Off,Off,
on,-1214877651,DA_OI_Outfit_Cosmonaut_MeshToggle2_On,On,
valente,-1158354732,DA_OI_Outfit_CowboyMissionary,Valente,
color,489635859,DA_OI_Outfit_CowboyMissionary_Color,Color,
beige,737841255,DA_OI_Outfit_CowboyMissionary_Color_Beige,Beige,
blue,1290337839,DA_OI_Outfit_CowboyMissionary_Color_Blue,Blue,
green_yellow,1490521478,DA_OI_Outfit_CowboyMissionary_Color_YellowGreen,Green Yellow,
headgear,1089799934,DA_OI_Outfit_CowboyMissionary_Headgear,Headgear,
off,-1626920025,DA_OI_Outfit_CowboyMissionary_Headgear_Off,Off,
on,-1279568966,DA_OI_Outfit_CowboyMissionary_Headgear_On,On,
meshtoggle1,1645214366,DA_OI_Outfit_CowboyMissionary_MeshToggle1,MeshToggle1,
off,-1506904775,DA_OI_Outfit_CowboyMissionary_MeshToggle1_Off,Off,
on,1193145480,DA_OI_Outfit_CowboyMissionary_MeshToggle1_On,On,
meshtoggle2,1743504371,DA_OI_Outfit_CowboyMissionary_MeshToggle2,MeshToggle2,
off,-367515974,DA_OI_Outfit_CowboyMissionary_MeshToggle2_Off,Off,
on,-85155038,DA_OI_Outfit_CowboyMissionary_MeshToggle2_On,On,
meshtoggle3,545876505,DA_OI_Outfit_CowboyMissionary_MeshToggle3,MeshToggle3,
off,-1019346293,DA_OI_Outfit_CowboyMissionary_MeshToggle3_Off,Off,
on,1646000682,DA_OI_Outfit_CowboyMissionary_MeshToggle3_On,On,
mesh_toggle_4,-658699031,DA_OI_Outfit_CowboyMissionary_MeshToggle4,Mesh Toggle 4,
off,1527238147,DA_OI_Outfit_CowboyMissionary_MeshToggle4_Off,Off,
on,1597575571,DA_OI_Outfit_CowboyMissionary_MeshToggle4_On,On,
sandveil,138186216,DA_OI_Outfit_Dashwood,Sandveil,
color,-204100952,DA_OI_Outfit_Dashwood_Color,Color,
basic,-1489743346,DA_OI_Outfit_Dashwood_Color_Basic,Basic,
black_silver,-1223758935,DA_OI_Outfit_Dashwood_Color_BlackSilver,Black Silver,
green_gold,-1583771035,DA_OI_Outfit_Dashwood_Color_GreenGold,Green Gold,
headgear,-773313173,DA_OI_Outfit_Dashwood_Headgear,Headgear,
mask,872284346,DA_OI_Outfit_Dashwood_Headgear_Mask,Mask,
off,-173707729,DA_OI_Outfit_Dashwood_Headgear_Off,Off,
on,-1623917422,DA_OI_Outfit_Dashwood_Headgear_On,On,
meshtoggle1,1620625903,DA_OI_Outfit_Dashwood_MeshToggle1,MeshToggle1,
off,704051138,DA_OI_Outfit_Dashwood_MeshToggle1_Off,Off,
on,1778886136,DA_OI_Outfit_Dashwood_MeshToggle1_On,On,
meshtoggle2,-1810237004,DA_OI_Outfit_Dashwood_MeshToggle2,MeshToggle2,
off,370095311,DA_OI_Outfit_Dashwood_MeshToggle2_Off,Off,
on,1807339543,DA_OI_Outfit_Dashwood_MeshToggle2_On,On,
meshtoggle3,-1702474193,DA_OI_Outfit_Dashwood_MeshToggle3,MeshToggle3,
off,1179034067,DA_OI_Outfit_Dashwood_MeshToggle3_Off,Off,
on,-399556275,DA_OI_Outfit_Dashwood_MeshToggle3_On,On,
leviathan,-337836035,DA_OI_Outfit_DeepSeaDiver,Leviathan,
color,1623721651,DA_OI_Outfit_DeepSeaDiver_Color,Color,
black,208928365,DA_OI_Outfit_DeepSeaDiver_Color_Black,Black,
copper,-487837743,DA_OI_Outfit_DeepSeaDiver_Color_Copper,Copper,
eight_ball,1366294707,DA_OI_Outfit_DeepSeaDiver_Color_EightBall,Eight Ball,
red,281137349,DA_OI_Outfit_DeepSeaDiver_Color_Red,Red,
white_blue,-1579071568,DA_OI_Outfit_DeepSeaDiver_Color_WhiteBlue,White Blue,
headgear,1667193721,DA_OI_Outfit_DeepSeaDiver_Headgear,Headgear,
off,-117547548,DA_OI_Outfit_DeepSeaDiver_Headgear_Off,Off,
on,-518699369,DA_OI_Outfit_DeepSeaDiver_Headgear_On,On,
meshtoggle1,-1208984728,DA_OI_Outfit_DeepSeaDiver_MeshToggle1,MeshToggle1,
off,1611449698,DA_OI_Outfit_DeepSeaDiver_MeshToggle1_Off,Off,
on,806352405,DA_OI_Outfit_DeepSeaDiver_MeshToggle1_On,On,
alpino,2027565926,DA_OI_Outfit_Drafty,Alpino,
color,-83786097,DA_OI_Outfit_Drafty_Color,Color,
blue_orange,1981374083,DA_OI_Outfit_Drafty_Color_BlueOrange,Blue Orange,
green_black,-2075237908,DA_OI_Outfit_Drafty_Color_GreenBlack,Green Black,
pink_brown,-504424863,DA_OI_Outfit_Drafty_Color_PinkBrown,Pink Brown,
headgear,-2110969419,DA_OI_Outfit_Drafty_Headgear,Headgear,
off,1787498977,DA_OI_Outfit_Drafty_Headgear_Off,Off,
on,11463062,DA_OI_Outfit_Drafty_Headgear_On,On,
meshtoggle1,-580621212,DA_OI_Outfit_Drafty_MeshToggle1,MeshToggle1,
off,683345528,DA_OI_Outfit_Drafty_MeshToggle1_Off,Off,
on,405645323,DA_OI_Outfit_Drafty_MeshToggle1_On,On,
driftcoat,2125123291,DA_OI_Outfit_Driftcoat,Driftcoat,
airbox,52875129,DA_OI_Outfit_Driftcoat_Airbox,Airbox,
off,1181668144,DA_OI_Outfit_Driftcoat_Airbox_Off,Off,
on,2113161988,DA_OI_Outfit_Driftcoat_Airbox_On,On,
color,-1319161422,DA_OI_Outfit_Driftcoat_Color,Color,
basic,568134209,DA_OI_Outfit_Driftcoat_Color_Basic,Basic,
blue,-442467893,DA_OI_Outfit_Driftcoat_Color_Blue,Blue,
green,1198899950,DA_OI_Outfit_Driftcoat_Color_Green,Green,
headgear,511940420,DA_OI_Outfit_Driftcoat_Headgear,Headgear,
off,-1761328444,DA_OI_Outfit_Driftcoat_Headgear_Off,Off,
on,-469641587,DA_OI_Outfit_Driftcoat_Headgear_On,On,
visor,1242703905,DA_OI_Outfit_Driftcoat_Headgear_Visor,Visor,
jacket,495747028,DA_OI_Outfit_Driftcoat_Jacket,Jacket,
off,683739116,DA_OI_Outfit_Driftcoat_Jacket_Off,Off,
on,-1515714940,DA_OI_Outfit_Driftcoat_Jacket_On,On,
vest,1535701035,DA_OI_Outfit_Driftcoat_Jacket_Vest,Vest,
sforza,628489460,DA_OI_Outfit_Enforcer,Sforza,
color,931327272,DA_OI_Outfit_Enforcer_Color,Color,
black_white,-1941060921,DA_OI_Outfit_Enforcer_Color_BlackWhite,Black White,
grey_yellow,-1891671423,DA_OI_Outfit_Enforcer_Color_GreyYellow,Grey Yellow,
orange_blue,-734321727,DA_OI_Outfit_Enforcer_Color_OrangeBlue,Orange Blue,
red,1386052525,DA_OI_Outfit_Enforcer_Color_Red,Red,
white_blue,1499441857,DA_OI_Outfit_Enforcer_Color_WhiteBlue,White Blue,
gas_mask,112639524,DA_OI_Outfit_Enforcer_Gasmask,Gas Mask,
off,-2144948459,DA_OI_Outfit_Enforcer_Gasmask_Off,Off,
on,-1983838015,DA_OI_Outfit_Enforcer_Gasmask_On,On,
goggles,1558770568,DA_OI_Outfit_Enforcer_Goggles,Goggles,
off,-458872839,DA_OI_Outfit_Enforcer_Goggles_Off,Off,
on,-752349691,DA_OI_Outfit_Enforcer_Goggles_On,On,
headgear,415590446,DA_OI_Outfit_Enforcer_Headgear,Headgear,
off,-1231809489,DA_OI_Outfit_Enforcer_Headgear_Off,Off,
on,-819704561,DA_OI_Outfit_Enforcer_Headgear_On,On,
meshtoggle1,-1541419663,DA_OI_Outfit_Enforcer_MeshToggle1,MeshToggle1,
off,1450805996,DA_OI_Outfit_Enforcer_MeshToggle1_Off,Off,
on,184142154,DA_OI_Outfit_Enforcer_MeshToggle1_On,On,
meshtoggle2,-1911193360,DA_OI_Outfit_Enforcer_MeshToggle2,MeshToggle2,
off,992526201,DA_OI_Outfit_Enforcer_MeshToggle2_Off,Off,
on,-276656800,DA_OI_Outfit_Enforcer_MeshToggle2_On,On,
expeditioner,946723000,DA_OI_Outfit_Expeditioner,Expeditioner,
color,1512806203,DA_OI_Outfit_Expeditioner_Color,Color,
black_green,410013400,DA_OI_Outfit_Expeditioner_Color_BlackGreen,Black Green,
orange_black,-1732453847,DA_OI_Outfit_Expeditioner_Color_BlackOrange,Orange Black,
grey,-531360157,DA_OI_Outfit_Expeditioner_Color_Grey,Grey,
white_red,-1448502914,DA_OI_Outfit_Expeditioner_Color_WhiteRed,White Red,
green_yellow,1913237008,DA_OI_Outfit_Expeditioner_Color_YellowGreen,Green Yellow,
goggles,-669847245,DA_OI_Outfit_Expeditioner_Goggles,Goggles,
off,-1204398921,DA_OI_Outfit_Expeditioner_Goggles_Off,Off,
on,-2125634926,DA_OI_Outfit_Expeditioner_Goggles_On,On,
headgear,-1671157619,DA_OI_Outfit_Expeditioner_Headgear,Headgear,
off,-933186894,DA_OI_Outfit_Expeditioner_Headgear_Off,Off,
on,-1779180355,DA_OI_Outfit_Expeditioner_Headgear_On,On,
helmet,351513025,DA_OI_Outfit_Expeditioner_Helmet,Helmet,
off,855935708,DA_OI_Outfit_Expeditioner_Helmet_Off,Off,
on,-1117091925,DA_OI_Outfit_Expeditioner_Helmet_On,On,
mask,256546611,DA_OI_Outfit_Expeditioner_Mask,Mask,
off,2067499807,DA_OI_Outfit_Expeditioner_Mask_Off,Off,
on,339017722,DA_OI_Outfit_Expeditioner_Mask_On,On,
meshtoggle1,1020880407,DA_OI_Outfit_Expeditioner_MeshToggle1,MeshToggle1,
off,-1656400525,DA_OI_Outfit_Expeditioner_MeshToggle1_Off,Off,
on,-1991114818,DA_OI_Outfit_Expeditioner_MeshToggle1_On,On,
meshtoggle2,565382537,DA_OI_Outfit_Expeditioner_MeshToggle2,MeshToggle2,
off,1182789982,DA_OI_Outfit_Expeditioner_MeshToggle2_Off,Off,
on,1549533828,DA_OI_Outfit_Expeditioner_MeshToggle2_On,On,
meshtoggle3,1714230368,DA_OI_Outfit_Expeditioner_MeshToggle3,MeshToggle3,
off,-1257652471,DA_OI_Outfit_Expeditioner_MeshToggle3_Off,Off,
on,387591960,DA_OI_Outfit_Expeditioner_MeshToggle3_On,On,
mesh_toggle_4,749071126,DA_OI_Outfit_Expeditioner_MeshToggle4,Mesh Toggle 4,
off,-1510441129,DA_OI_Outfit_Expeditioner_MeshToggle4_Off,Off,
on,718424759,DA_OI_Outfit_Expeditioner_MeshToggle4_On,On,
marco,-1698475222,DA_OI_Outfit_Explorer,Marco,
camera,-1031505574,DA_OI_Outfit_Explorer_Camera,Camera,
off,-920339401,DA_OI_Outfit_Explorer_Camera_Off,Off,
on,-1345522009,DA_OI_Outfit_Explorer_Camera_On,On,
color,-59993645,DA_OI_Outfit_Explorer_Color,Color,
basic,1149503116,DA_OI_Outfit_Explorer_Color_Basic,Basic,
green,-347284221,DA_OI_Outfit_Explorer_Color_Green,Green,
grey,1985885058,DA_OI_Outfit_Explorer_Color_Grey,Grey,
headgear,-4910589,DA_OI_Outfit_Explorer_Headgear,Headgear,
off,1729927614,DA_OI_Outfit_Explorer_Headgear_Off,Off,
on,90847506,DA_OI_Outfit_Explorer_Headgear_On,On,
riposta,-167286060,DA_OI_Outfit_Fencer,Riposta,
color,-2036033629,DA_OI_Outfit_Fencer_Color,Color,
green,-1266447293,DA_OI_Outfit_Fencer_Color_Green,Green,
white,718838873,DA_OI_Outfit_Fencer_Color_White,White,
yellow,28895195,DA_OI_Outfit_Fencer_Color_Yellow,Yellow,
headgear,631481555,DA_OI_Outfit_Fencer_Headgear,Headgear,
goggles,1850095650,DA_OI_Outfit_Fencer_Headgear_Goggles,Goggles,
off,1322326648,DA_OI_Outfit_Fencer_Headgear_Off,Off,
on,1233777484,DA_OI_Outfit_Fencer_Headgear_On,On,
meshtoggle1,-14269825,DA_OI_Outfit_Fencer_MeshToggle1,MeshToggle1,
off,418335741,DA_OI_Outfit_Fencer_MeshToggle1_Off,Off,
on,1299161347,DA_OI_Outfit_Fencer_MeshToggle1_On,On,
meshtoggle2,-1354504276,DA_OI_Outfit_Fencer_MeshToggle2,MeshToggle2,
off,136699312,DA_OI_Outfit_Fencer_MeshToggle2_Off,Off,
on,626116367,DA_OI_Outfit_Fencer_MeshToggle2_On,On,
mesh_toggle_4,-947687985,DA_OI_Outfit_Fencer_MeshToggle4,Mesh Toggle 4,
off,1391185577,DA_OI_Outfit_Fencer_MeshToggle4_Off,Off,
on,-268015164,DA_OI_Outfit_Fencer_MeshToggle4_On,On,
hawker,-1338109834,DA_OI_Outfit_FighterPilot,Hawker,
color,1746686825,DA_OI_Outfit_FighterPilot_Color,Color,
blue,-174801005,DA_OI_Outfit_FighterPilot_Color_Blue,Blue,
red_black,1820978231,DA_OI_Outfit_FighterPilot_Color_RedBlack,Red Black,
white_blue,1262964500,DA_OI_Outfit_FighterPilot_Color_WhiteBlue,White Blue,
headgear,1245145741,DA_OI_Outfit_FighterPilot_Headgear,Headgear,
off,-2120999451,DA_OI_Outfit_FighterPilot_Headgear_Off,Off,
on,1104062222,DA_OI_Outfit_FighterPilot_Headgear_On,On,
visor_up,571554236,DA_OI_Outfit_FighterPilot_Headgear_VisorUp,Visor Up,
meshtoggle1,-1937071075,DA_OI_Outfit_FighterPilot_MeshToggle1,MeshToggle1,
off,-688789120,DA_OI_Outfit_FighterPilot_MeshToggle1_Off,Off,
on,1420189836,DA_OI_Outfit_FighterPilot_MeshToggle1_On,On,
meshtoggle2,58302737,DA_OI_Outfit_FighterPilot_MeshToggle2,MeshToggle2,
off,513366766,DA_OI_Outfit_FighterPilot_MeshToggle2_Off,Off,
on,-777298646,DA_OI_Outfit_FighterPilot_MeshToggle2_On,On,
nascosto,-823705555,DA_OI_Outfit_Ghillie,Nascosto,
color,-190070949,DA_OI_Outfit_Ghillie_Color,Color,
basic,1577195896,DA_OI_Outfit_Ghillie_Color_Basic,Basic,
black,2130940922,DA_OI_Outfit_Ghillie_Color_Black,Black,
green,-1225052376,DA_OI_Outfit_Ghillie_Color_Green,Green,
gloves,-526542178,DA_OI_Outfit_Ghillie_Gloves,Gloves,
attachment,1056171376,DA_OI_Outfit_Ghillie_Gloves_Attachment,Attachment,
off,901249889,DA_OI_Outfit_Ghillie_Gloves_Off,Off,
on,-1803744315,DA_OI_Outfit_Ghillie_Gloves_On,On,
hood,-1884407893,DA_OI_Outfit_Ghillie_Hood,Hood,
off,-282239206,DA_OI_Outfit_Ghillie_Hood_Off,Off,
on,-1062478924,DA_OI_Outfit_Ghillie_Hood_On,On,
mask,538273508,DA_OI_Outfit_Ghillie_Mask,Mask,
off,611549990,DA_OI_Outfit_Ghillie_Mask_Off,Off,
on,373743604,DA_OI_Outfit_Ghillie_Mask_On,On,
open,-492655717,DA_OI_Outfit_Ghillie_Mask_Open,Open,
meshtoggle1,2134439702,DA_OI_Outfit_Ghillie_MeshToggle1,MeshToggle1,
no_outer,535125629,DA_OI_Outfit_Ghillie_MeshToggle1_NoOuter,No Outer,
off,567064414,DA_OI_Outfit_Ghillie_MeshToggle1_Off,Off,
on,-2026353740,DA_OI_Outfit_Ghillie_MeshToggle1_On,On,
open,-1530877781,DA_OI_Outfit_Ghillie_MeshToggle1_Open,Open,
mesh_toggle_4,2125381878,DA_OI_Outfit_Ghillie_MeshToggle4,Mesh Toggle 4,
no_tech,61643686,DA_OI_Outfit_Ghillie_MeshToggle4_NoTech,No Tech,
off,382799445,DA_OI_Outfit_Ghillie_MeshToggle4_Off,Off,
on,-678372742,DA_OI_Outfit_Ghillie_MeshToggle4_On,On,
oioutfitghilliemeshtoggle5,-1077870333,DA_OI_Outfit_Ghillie_MeshToggle5,,
off,-106021575,DA_OI_Outfit_Ghillie_MeshToggle5_Off,Off,
on,1662197945,DA_OI_Outfit_Ghillie_MeshToggle5_On,On,
goalie,572665710,DA_OI_Outfit_Goalie,Goalie,
color,-960908718,DA_OI_Outfit_Goalie_Color,Color,
basic,-173311004,DA_OI_Outfit_Goalie_Color_Basic,Basic,
oioutfitgoaliecolorcyanwhite,2013837969,DA_OI_Outfit_Goalie_Color_CyanWhite,,
green_white,143492008,DA_OI_Outfit_Goalie_Color_GreenWhite,Green White,
yellow_black,743365934,DA_OI_Outfit_Goalie_Color_YellowBlack,Yellow Black,
headgear,-36035856,DA_OI_Outfit_Goalie_Headgear,Headgear,
off,-742044292,DA_OI_Outfit_Goalie_Headgear_Off,Off,
on,1047213473,DA_OI_Outfit_Goalie_Headgear_On,On,
visor_up,305829133,DA_OI_Outfit_Goalie_Headgear_VisorUp,Visor Up,
meshtoggle1,1058171131,DA_OI_Outfit_Goalie_MeshToggle1,MeshToggle1,
off,-1862754619,DA_OI_Outfit_Goalie_MeshToggle1_Off,Off,
on,-1891127514,DA_OI_Outfit_Goalie_MeshToggle1_On,On,
meshtoggle2,-1925917144,DA_OI_Outfit_Goalie_MeshToggle2,MeshToggle2,
off,-322960297,DA_OI_Outfit_Goalie_MeshToggle2_Off,Off,
on,1517895029,DA_OI_Outfit_Goalie_MeshToggle2_On,On,
oioutfitgoalieshirt,811623435,DA_OI_Outfit_Goalie_Shirt,,
off,-1327579751,DA_OI_Outfit_Goalie_Shirt_Off,Off,
on,574103940,DA_OI_Outfit_Goalie_Shirt_On,On,
visor,1417726946,DA_OI_Outfit_Goalie_Visor,Visor,
off,1257843075,DA_OI_Outfit_Goalie_Visor_Off,Off,
on,1213117304,DA_OI_Outfit_Goalie_Visor_On,On,
torque,283785507,DA_OI_Outfit_GrandRacer,Torque,
color,-193937689,DA_OI_Outfit_GrandRacer_Color,Color,
basic,1635026386,DA_OI_Outfit_GrandRacer_Color_Basic,Basic,
red,1680150458,DA_OI_Outfit_GrandRacer_Color_Red,Red,
white,253734133,DA_OI_Outfit_GrandRacer_Color_White,White,
headgear,-1308743306,DA_OI_Outfit_GrandRacer_Headgear,Headgear,
off,-1045337687,DA_OI_Outfit_GrandRacer_Headgear_Off,Off,
on,-329556380,DA_OI_Outfit_GrandRacer_Headgear_On,On,
visor_up,1343970847,DA_OI_Outfit_GrandRacer_Headgear_VisorUp,Visor Up,
meshtoggle1,-1232908370,DA_OI_Outfit_GrandRacer_MeshToggle1,MeshToggle1,
off,-1593900710,DA_OI_Outfit_GrandRacer_MeshToggle1_Off,Off,
on,-337222395,DA_OI_Outfit_GrandRacer_MeshToggle1_On,On,
meshtoggle2,290503689,DA_OI_Outfit_GrandRacer_MeshToggle2,MeshToggle2,
off,1693002959,DA_OI_Outfit_GrandRacer_MeshToggle2_Off,Off,
on,830370712,DA_OI_Outfit_GrandRacer_MeshToggle2_On,On,
meshtoggle3,1517482374,DA_OI_Outfit_GrandRacer_MeshToggle3,MeshToggle3,
off,1718104996,DA_OI_Outfit_GrandRacer_MeshToggle3_Off,Off,
on,-1068223609,DA_OI_Outfit_GrandRacer_MeshToggle3_On,On,
mesh_toggle_4,-967672241,DA_OI_Outfit_GrandRacer_MeshToggle4,Mesh Toggle 4,
off,2051595348,DA_OI_Outfit_GrandRacer_MeshToggle4_Off,Off,
on,-1459186382,DA_OI_Outfit_GrandRacer_MeshToggle4_On,On,
oioutfitgrandracermeshtoggle5,-314065441,DA_OI_Outfit_GrandRacer_MeshToggle5,,
off,2109842342,DA_OI_Outfit_GrandRacer_MeshToggle5_Off,Off,
on,-1198467777,DA_OI_Outfit_GrandRacer_MeshToggle5_On,On,
patrol,-330744802,DA_OI_Outfit_Greenhorn,Patrol,
color,948845503,DA_OI_Outfit_Greenhorn_Color,Color,
oioutfitgreenhorncolorbrownorangepersistence,498800309,DA_OI_Outfit_Greenhorn_Color_BrownOrange_Persistence,,
green_white,-1864654464,DA_OI_Outfit_Greenhorn_Color_GreenWhite,Green White,
white_red,-566005407,DA_OI_Outfit_Greenhorn_Color_RedWhite,White Red,
headgear,-627403025,DA_OI_Outfit_Greenhorn_Headgear,Headgear,
off,706431782,DA_OI_Outfit_Greenhorn_Headgear_Off,Off,
on,183156034,DA_OI_Outfit_Greenhorn_Headgear_On,On,
g_suit,301654889,DA_OI_Outfit_Gsuit,G-Suit,
color,1364954585,DA_OI_Outfit_Gsuit_Color,Color,
blue,1449053159,DA_OI_Outfit_Gsuit_Color_Blue,Blue,
grey,-1740732726,DA_OI_Outfit_Gsuit_Color_Grey,Grey,
white,-95653671,DA_OI_Outfit_Gsuit_Color_White,White,
headgear,-803599174,DA_OI_Outfit_Gsuit_Headgear,Headgear,
no_outer_helmet,-2139366001,DA_OI_Outfit_Gsuit_Headgear_NoOuterHelmet,No Outer Helmet,
off,931112434,DA_OI_Outfit_Gsuit_Headgear_Off,Off,
on,1317569497,DA_OI_Outfit_Gsuit_Headgear_On,On,
visor,-1140563261,DA_OI_Outfit_Gsuit_Headgear_Visor,Visor,
meshtoggle1,-1368221413,DA_OI_Outfit_Gsuit_MeshToggle1,MeshToggle1,
off,-225892643,DA_OI_Outfit_Gsuit_MeshToggle1_Off,Off,
on,-787657989,DA_OI_Outfit_Gsuit_MeshToggle1_On,On,
meshtoggle2,2084012458,DA_OI_Outfit_Gsuit_MeshToggle2,MeshToggle2,
off,2057986988,DA_OI_Outfit_Gsuit_MeshToggle2_Off,Off,
on,-1265348629,DA_OI_Outfit_Gsuit_MeshToggle2_On,On,
chap,1556959544,DA_OI_Outfit_GWRanger,Chap,
color,1847684772,DA_OI_Outfit_GWRanger_Color,Color,
brown_green,-190813946,DA_OI_Outfit_GWRanger_Color_BrownGreen,Brown Green,
cyan,459258431,DA_OI_Outfit_GWRanger_Color_Cyan,Cyan,
white,-985928623,DA_OI_Outfit_GWRanger_Color_White,White,
headgear,-756845964,DA_OI_Outfit_GWRanger_Headgear,Headgear,
goggles,-436761160,DA_OI_Outfit_GWRanger_Headgear_Goggles,Goggles,
no_goggles,-418864231,DA_OI_Outfit_GWRanger_Headgear_NoGoggles,No Goggles,
off,-616800783,DA_OI_Outfit_GWRanger_Headgear_Off,Off,
on,-363611193,DA_OI_Outfit_GWRanger_Headgear_On,On,
meshtoggle1,349458645,DA_OI_Outfit_GWRanger_MeshToggle1,MeshToggle1,
long,400238960,DA_OI_Outfit_GWRanger_MeshToggle1_Long,Long,
short,560278330,DA_OI_Outfit_GWRanger_MeshToggle1_Short,Short,
meshtoggle2,-2044310444,DA_OI_Outfit_GWRanger_MeshToggle2,MeshToggle2,
off,-1289941615,DA_OI_Outfit_GWRanger_MeshToggle2_Off,Off,
on,2110737053,DA_OI_Outfit_GWRanger_MeshToggle2_On,On,
meshtoggle3,-1553768363,DA_OI_Outfit_GWRanger_MeshToggle3,MeshToggle3,
off,1328256331,DA_OI_Outfit_GWRanger_MeshToggle3_Off,Off,
on,21404299,DA_OI_Outfit_GWRanger_MeshToggle3_On,On,
helix,1035518432,DA_OI_Outfit_Helix,Helix,
color,-1423790726,DA_OI_Outfit_Helix_Color,Color,
basic,-115197701,DA_OI_Outfit_Helix_Color_Basic,Basic,
black_green,-36743193,DA_OI_Outfit_Helix_Color_BlackGreen,Black Green,
white_black,-16689608,DA_OI_Outfit_Helix_Color_WhiteBlack,White Black,
oioutfithelixheadscarf,-615620667,DA_OI_Outfit_Helix_Headscarf,,
off,-367411646,DA_OI_Outfit_Helix_Headscarf_Off,Off,
oioutfithelixheadscarfscarfdown,623832225,DA_OI_Outfit_Helix_Headscarf_ScarfDown,,
oioutfithelixheadscarfscarfup,-137860831,DA_OI_Outfit_Helix_Headscarf_ScarfUp,,
helmet,-1635257826,DA_OI_Outfit_Helix_Helmet,Helmet,
oioutfithelixhelmetfacehalfopen,-59215105,DA_OI_Outfit_Helix_Helmet_FaceHalfOpen,,
oioutfithelixhelmetfaceopen,-1059027058,DA_OI_Outfit_Helix_Helmet_FaceOpen,,
oioutfithelixhelmetmouthoff,-1780015527,DA_OI_Outfit_Helix_Helmet_MouthOff,,
off,-2072781892,DA_OI_Outfit_Helix_Helmet_Off,Off,
on,-288636000,DA_OI_Outfit_Helix_Helmet_On,On,
pants,-337598313,DA_OI_Outfit_Helix_Pants,Pants,
oioutfithelixpantspant,-1821831850,DA_OI_Outfit_Helix_Pants_Pant,,
shorts,448355035,DA_OI_Outfit_Helix_Pants_Shorts,Shorts,
oioutfithelixpauldron,-1857576593,DA_OI_Outfit_Helix_Pauldron,,
off,-445305920,DA_OI_Outfit_Helix_Pauldron_Off,Off,
on,1329983819,DA_OI_Outfit_Helix_Pauldron_On,On,
shoulder_pad,-1300567449,DA_OI_Outfit_Helix_ShoulderPad,Shoulder Pad,
off,1936308979,DA_OI_Outfit_Helix_ShoulderPad_Off,Off,
on,1181100159,DA_OI_Outfit_Helix_ShoulderPad_On,On,
oioutfithelixsidebag,-1656650897,DA_OI_Outfit_Helix_SideBag,,
off,1110228135,DA_OI_Outfit_Helix_SideBag_Off,Off,
on,1679985423,DA_OI_Outfit_Helix_SideBag_On,On,
oioutfithelixtechbox,451547545,DA_OI_Outfit_Helix_TechBox,,
off,-74835477,DA_OI_Outfit_Helix_TechBox_Off,Off,
on,-1331053827,DA_OI_Outfit_Helix_TechBox_On,On,
trailbyte,-854400478,DA_OI_Outfit_HiTechHiker,Trailbyte,
color,401311301,DA_OI_Outfit_HiTechHiker_Color,Color,
blue_camo,-1189523372,DA_OI_Outfit_HiTechHiker_Color_BlueCamo,Blue Camo,
orange,-1989783211,DA_OI_Outfit_HiTechHiker_Color_Orange,Orange,
teal,-1358396397,DA_OI_Outfit_HiTechHiker_Color_Teal,Teal,
white,357342340,DA_OI_Outfit_HiTechHiker_Color_White,White,
yellow_camo,1868941540,DA_OI_Outfit_HiTechHiker_Color_YellowCamo,Yellow Camo,
headgear,78302893,DA_OI_Outfit_HiTechHiker_Headgear,Headgear,
off,45021633,DA_OI_Outfit_HiTechHiker_Headgear_Off,Off,
on,1613312221,DA_OI_Outfit_HiTechHiker_Headgear_On,On,
meshtoggle1,847316320,DA_OI_Outfit_HiTechHiker_MeshToggle1,MeshToggle1,
off,798463210,DA_OI_Outfit_HiTechHiker_MeshToggle1_Off,Off,
on,-545128771,DA_OI_Outfit_HiTechHiker_MeshToggle1_On,On,
meshtoggle2,-693435897,DA_OI_Outfit_HiTechHiker_MeshToggle2,MeshToggle2,
off,1745241796,DA_OI_Outfit_HiTechHiker_MeshToggle2_Off,Off,
on,529860516,DA_OI_Outfit_HiTechHiker_MeshToggle2_On,On,
meshtoggle3,-753561069,DA_OI_Outfit_HiTechHiker_MeshToggle3,MeshToggle3,
off,2059723850,DA_OI_Outfit_HiTechHiker_MeshToggle3_Off,Off,
on,906655412,DA_OI_Outfit_HiTechHiker_MeshToggle3_On,On,
mesh_toggle_4,-36081394,DA_OI_Outfit_HiTechHiker_MeshToggle4,Mesh Toggle 4,
off,395923757,DA_OI_Outfit_HiTechHiker_MeshToggle4_Off,Off,
on,-2055560736,DA_OI_Outfit_HiTechHiker_MeshToggle4_On,On,
huntsman,-701258646,DA_OI_Outfit_Huntsman,Huntsman,
color,-764942860,DA_OI_Outfit_Huntsman_Color,Color,
basic,-455966676,DA_OI_Outfit_Huntsman_Color_Basic,Basic,
blue_grey,-926476080,DA_OI_Outfit_Huntsman_Color_BlueGrey,Blue Grey,
white_red,-1792170424,DA_OI_Outfit_Huntsman_Color_WhiteRed,White Red,
headgear,578860577,DA_OI_Outfit_Huntsman_Headgear,Headgear,
off,-1983568637,DA_OI_Outfit_Huntsman_Headgear_Off,Off,
on,1317833747,DA_OI_Outfit_Huntsman_Headgear_On,On,
meshtoggle1,-920029738,DA_OI_Outfit_Huntsman_MeshToggle1,MeshToggle1,
off,1817582253,DA_OI_Outfit_Huntsman_MeshToggle1_Off,Off,
on,-2107216081,DA_OI_Outfit_Huntsman_MeshToggle1_On,On,
meshtoggle2,396557069,DA_OI_Outfit_Huntsman_MeshToggle2,MeshToggle2,
off,-1487038531,DA_OI_Outfit_Huntsman_MeshToggle2_Off,Off,
on,-1857324103,DA_OI_Outfit_Huntsman_MeshToggle2_On,On,
meshtoggle3,1928641801,DA_OI_Outfit_Huntsman_MeshToggle3,MeshToggle3,
off,1263215371,DA_OI_Outfit_Huntsman_MeshToggle3_Off,Off,
on,-61057775,DA_OI_Outfit_Huntsman_MeshToggle3_On,On,
mesh_toggle_4,1292842430,DA_OI_Outfit_Huntsman_MeshToggle4,Mesh Toggle 4,
off,-1488484436,DA_OI_Outfit_Huntsman_MeshToggle4_Off,Off,
on,304196507,DA_OI_Outfit_Huntsman_MeshToggle4_On,On,
bog_walker,795988389,DA_OI_Outfit_HydroScav,Bog Walker,
color,626574973,DA_OI_Outfit_HydroScav_Color,Color,
cyan,-413346833,DA_OI_Outfit_HydroScav_Color_Cyan,Cyan,
orange,-197438700,DA_OI_Outfit_HydroScav_Color_Orange,Orange,
purple,314077500,DA_OI_Outfit_HydroScav_Color_Purple,Purple,
headgear,-835373151,DA_OI_Outfit_HydroScav_Headgear,Headgear,
no_visor,1054388189,DA_OI_Outfit_HydroScav_Headgear_NoVisor,No Visor,
off,413793690,DA_OI_Outfit_HydroScav_Headgear_Off,Off,
on,-766813566,DA_OI_Outfit_HydroScav_Headgear_On,On,
meshtoggle1,338173914,DA_OI_Outfit_HydroScav_MeshToggle1,MeshToggle1,
off,-409919568,DA_OI_Outfit_HydroScav_MeshToggle1_Off,Off,
on,-313689924,DA_OI_Outfit_HydroScav_MeshToggle1_On,On,
meshtoggle2,679192046,DA_OI_Outfit_HydroScav_MeshToggle2,MeshToggle2,
off,-1125488085,DA_OI_Outfit_HydroScav_MeshToggle2_Off,Off,
on,1023412081,DA_OI_Outfit_HydroScav_MeshToggle2_On,On,
meshtoggle3,1045504466,DA_OI_Outfit_HydroScav_MeshToggle3,MeshToggle3,
hood_down,-1267474312,DA_OI_Outfit_HydroScav_MeshToggle3_HoodDown,Hood Down,
hood_up,-1873315746,DA_OI_Outfit_HydroScav_MeshToggle3_HoodUp,Hood Up,
warden,392758538,DA_OI_Outfit_Janitor,Warden,
color,938296245,DA_OI_Outfit_Janitor_Color,Color,
blue,358391009,DA_OI_Outfit_Janitor_Color_Blue,Blue,
brown,107613301,DA_OI_Outfit_Janitor_Color_Brown,Brown,
patchwork,-180038169,DA_OI_Outfit_Janitor_Color_PatchWorkBlue,Patchwork,
sport,495512852,DA_OI_Outfit_Janitor_Color_SportBlue,Sport,
white,-2016539036,DA_OI_Outfit_Janitor_Color_White,White,
headgear,-1849367400,DA_OI_Outfit_Janitor_Headgear,Headgear,
off,-592536029,DA_OI_Outfit_Janitor_Headgear_Off,Off,
on,-734724819,DA_OI_Outfit_Janitor_Headgear_On,On,
basic,1463867410,DA_OI_Outfit_JetPilot_Color_Basic_Persistence,Basic,
color,-102355747,DA_OI_Outfit_JetPilot_Color_Persistence,Color,
off,-1781502450,DA_OI_Outfit_JetPilot_Headgear_Off_Persistence,Off,
headgear,-417458403,DA_OI_Outfit_JetPilot_Headgear_Persistence,Headgear,
on,-692912982,DA_OI_Outfit_JetPilot_MeshToggle1_On_Persistence,On,
meshtoggle1,302938079,DA_OI_Outfit_JetPilot_MeshToggle1_Persistence,MeshToggle1,
on,61590174,DA_OI_Outfit_JetPilot_MeshToggle2_On_Persistence,On,
meshtoggle2,-1603900069,DA_OI_Outfit_JetPilot_MeshToggle2_Persistence,MeshToggle2,
on,1522320968,DA_OI_Outfit_JetPilot_MeshToggle3_On_Persistence,On,
meshtoggle3,727240509,DA_OI_Outfit_JetPilot_MeshToggle3_Persistence,MeshToggle3,
on,616115414,DA_OI_Outfit_JetPilot_MeshToggle4_On_Persistence,On,
mesh_toggle_4,1242439816,DA_OI_Outfit_JetPilot_MeshToggle4_Persistence,Mesh Toggle 4,
jet_pilot,1817910131,DA_OI_Outfit_JetPilot_Persistence,Jet Pilot,
cavalier,-1135802747,DA_OI_Outfit_Jukebox,Cavalier,
color,1907524309,DA_OI_Outfit_Jukebox_Color,Color,
blue,1042734318,DA_OI_Outfit_Jukebox_Color_Blue,Blue,
red,489484091,DA_OI_Outfit_Jukebox_Color_Red,Red,
yellow,844098598,DA_OI_Outfit_Jukebox_Color_Yellow,Yellow,
glasses,-1097319068,DA_OI_Outfit_Jukebox_Glasses,Glasses,
off,2096069607,DA_OI_Outfit_Jukebox_Glasses_Off,Off,
on,1900526508,DA_OI_Outfit_Jukebox_Glasses_On,On,
headgear,844264968,DA_OI_Outfit_Jukebox_Headgear,Headgear,
off,1754949156,DA_OI_Outfit_Jukebox_Headgear_Off,Off,
on,2107192245,DA_OI_Outfit_Jukebox_Headgear_On,On,
meshtoggle1,1373394816,DA_OI_Outfit_Jukebox_MeshToggle1,MeshToggle1,
off,1858787246,DA_OI_Outfit_Jukebox_MeshToggle1_Off,Off,
on,-1381612102,DA_OI_Outfit_Jukebox_MeshToggle1_On,On,
meshtoggle2,-1756433692,DA_OI_Outfit_Jukebox_MeshToggle2,MeshToggle2,
off,734059876,DA_OI_Outfit_Jukebox_MeshToggle2_Off,Off,
on,-1585822965,DA_OI_Outfit_Jukebox_MeshToggle2_On,On,
meshtoggle3,37576507,DA_OI_Outfit_Jukebox_MeshToggle3,MeshToggle3,
off,-1999862955,DA_OI_Outfit_Jukebox_MeshToggle3_Off,Off,
on,1632456658,DA_OI_Outfit_Jukebox_MeshToggle3_On,On,
ryder,-2088262734,DA_OI_Outfit_Lemans,Ryder,
color,-148166189,DA_OI_Outfit_Lemans_Color,Color,
orange_black,-1589207983,DA_OI_Outfit_Lemans_Color_BlackOrange,Orange Black,
blue,-427771354,DA_OI_Outfit_Lemans_Color_Blue,Blue,
red,-928475232,DA_OI_Outfit_Lemans_Color_Red,Red,
oioutfitlemanscolorwhiteorangepersistence,44362839,DA_OI_Outfit_Lemans_Color_WhiteOrange_Persistence,,
white_red,-267050383,DA_OI_Outfit_Lemans_Color_WhiteRed,White Red,
yellow,1374984629,DA_OI_Outfit_Lemans_Color_Yellow,Yellow,
gas_mask,-1182593423,DA_OI_Outfit_Lemans_Gasmask,Gas Mask,
off,1163250113,DA_OI_Outfit_Lemans_Gasmask_Off,Off,
on,-1290478685,DA_OI_Outfit_Lemans_Gasmask_On,On,
goggles,776728201,DA_OI_Outfit_Lemans_Goggles,Goggles,
off,1271659221,DA_OI_Outfit_Lemans_Goggles_Off,Off,
on,-1417796210,DA_OI_Outfit_Lemans_Goggles_On,On,
headgear,404453443,DA_OI_Outfit_Lemans_Headgear,Headgear,
off,-1271292832,DA_OI_Outfit_Lemans_Headgear_Off,Off,
on,-2108890624,DA_OI_Outfit_Lemans_Headgear_On,On,
helmet,1608571702,DA_OI_Outfit_Lemans_Helmet,Helmet,
off,389657367,DA_OI_Outfit_Lemans_Helmet_Off,Off,
on,-1275555503,DA_OI_Outfit_Lemans_Helmet_On,On,
macrame,1440900600,DA_OI_Outfit_Macrame,Macrame,
color,2064212459,DA_OI_Outfit_Macrame_Color,Color,
black_green,729535811,DA_OI_Outfit_Macrame_Color_BlackGreen,Black Green,
blue_white,975262233,DA_OI_Outfit_Macrame_Color_BlueWhite,Blue White,
oioutfitmacramecolorredbeige,-1392329508,DA_OI_Outfit_Macrame_Color_RedBeige,,
headgear,200903177,DA_OI_Outfit_Macrame_Headgear,Headgear,
off,1030340000,DA_OI_Outfit_Macrame_Headgear_Off,Off,
on,100761368,DA_OI_Outfit_Macrame_Headgear_On,On,
meshtoggle1,-2029567763,DA_OI_Outfit_Macrame_MeshToggle1,MeshToggle1,
off,197252621,DA_OI_Outfit_Macrame_MeshToggle1_Off,Off,
on,1481465730,DA_OI_Outfit_Macrame_MeshToggle1_On,On,
meshtoggle2,-254713447,DA_OI_Outfit_Macrame_MeshToggle2,MeshToggle2,
off,-223984801,DA_OI_Outfit_Macrame_MeshToggle2_Off,Off,
on,-808288904,DA_OI_Outfit_Macrame_MeshToggle2_On,On,
meshtoggle3,-836607666,DA_OI_Outfit_Macrame_MeshToggle3,MeshToggle3,
off,-563320577,DA_OI_Outfit_Macrame_MeshToggle3_Off,Off,
on,1396939461,DA_OI_Outfit_Macrame_MeshToggle3_On,On,
mesh_toggle_4,-814562604,DA_OI_Outfit_Macrame_MeshToggle4,Mesh Toggle 4,
off,1389365483,DA_OI_Outfit_Macrame_MeshToggle4_Off,Off,
on,798121850,DA_OI_Outfit_Macrame_MeshToggle4_On,On,
shoulder_pad,-57027748,DA_OI_Outfit_Macrame_ShoulderPad,Shoulder Pad,
off,-1956973103,DA_OI_Outfit_Macrame_ShoulderPad_Off,Off,
on,1791473243,DA_OI_Outfit_Macrame_ShoulderPad_On,On,
moonball,-1665359402,DA_OI_Outfit_Moonball,Moonball,
color,1860961434,DA_OI_Outfit_Moonball_Color,Color,
black_pink,-1253785433,DA_OI_Outfit_Moonball_Color_BlackPink,Black Pink,
red,605677754,DA_OI_Outfit_Moonball_Color_Red,Red,
white,1543843651,DA_OI_Outfit_Moonball_Color_White,White,
headgear,87910684,DA_OI_Outfit_Moonball_Headgear,Headgear,
no_outer,-1699914736,DA_OI_Outfit_Moonball_Headgear_NoOuter,No Outer,
off,-652361634,DA_OI_Outfit_Moonball_Headgear_Off,Off,
on,1011104822,DA_OI_Outfit_Moonball_Headgear_On,On,
meshtoggle1,442472199,DA_OI_Outfit_Moonball_MeshToggle1,MeshToggle1,
off,715654138,DA_OI_Outfit_Moonball_MeshToggle1_Off,Off,
on,-1752272356,DA_OI_Outfit_Moonball_MeshToggle1_On,On,
meshtoggle2,-1702340802,DA_OI_Outfit_Moonball_MeshToggle2,MeshToggle2,
off,394561988,DA_OI_Outfit_Moonball_MeshToggle2_Off,Off,
on,472364633,DA_OI_Outfit_Moonball_MeshToggle2_On,On,
meshtoggle3,-2065625408,DA_OI_Outfit_Moonball_MeshToggle3,MeshToggle3,
off,1129796083,DA_OI_Outfit_Moonball_MeshToggle3_Off,Off,
on,-1256773358,DA_OI_Outfit_Moonball_MeshToggle3_on,On,
mesh_toggle_4,1153401866,DA_OI_Outfit_Moonball_MeshToggle4,Mesh Toggle 4,
off,-203954215,DA_OI_Outfit_Moonball_MeshToggle4_Off,Off,
on,1362125900,DA_OI_Outfit_Moonball_MeshToggle4_On,On,
gearshifter,371211524,DA_OI_Outfit_MotoRacer,Gearshifter,
color,1792058708,DA_OI_Outfit_MotoRacer_Color,Color,
basic,-697258842,DA_OI_Outfit_MotoRacer_Color_Basic,Basic,
black,1326168061,DA_OI_Outfit_MotoRacer_Color_Black,Black,
white,-1097278613,DA_OI_Outfit_MotoRacer_Color_White,White,
headgear,-242381649,DA_OI_Outfit_MotoRacer_Headgear,Headgear,
no_visor,1122046106,DA_OI_Outfit_MotoRacer_Headgear_NoVisor,No Visor,
off,-195976881,DA_OI_Outfit_MotoRacer_Headgear_Off,Off,
on,-1309364601,DA_OI_Outfit_MotoRacer_Headgear_On,On,
vest,-387584347,DA_OI_Outfit_MotoRacer_Vest,Vest,
off,-1625250703,DA_OI_Outfit_MotoRacer_Vest_Off,Off,
on,1496074836,DA_OI_Outfit_MotoRacer_Vest_On,On,
cresta,-1545783537,DA_OI_Outfit_Mountaineer,Cresta,
color,-33559120,DA_OI_Outfit_Mountaineer_Color,Color,
green_red,-357701040,DA_OI_Outfit_Mountaineer_Color_GreenRed,Green Red,
white_camo,1145126228,DA_OI_Outfit_Mountaineer_Color_WhiteCamo,White Camo,
yellow,356070018,DA_OI_Outfit_Mountaineer_Color_Yellow,Yellow,
headgear,333190693,DA_OI_Outfit_Mountaineer_Headgear,Headgear,
goggles,442735383,DA_OI_Outfit_Mountaineer_Headgear_Goggles,Goggles,
off,-146728491,DA_OI_Outfit_Mountaineer_Headgear_Off,Off,
on,-1632341522,DA_OI_Outfit_Mountaineer_Headgear_On,On,
meshtoggle1,-1928588065,DA_OI_Outfit_Mountaineer_MeshToggle1,MeshToggle1,
off,-396493302,DA_OI_Outfit_Mountaineer_MeshToggle1_Off,Off,
on,-1834917805,DA_OI_Outfit_Mountaineer_MeshToggle1_On,On,
meshtoggle2,1244068805,DA_OI_Outfit_Mountaineer_MeshToggle2,MeshToggle2,
off,-1691548,DA_OI_Outfit_Mountaineer_MeshToggle2_Off,Off,
on,1347461578,DA_OI_Outfit_Mountaineer_MeshToggle2_On,On,
meshtoggle3,-888944468,DA_OI_Outfit_Mountaineer_MeshToggle3,MeshToggle3,
off,-1499258833,DA_OI_Outfit_Mountaineer_MeshToggle3_Off,Off,
on,-542101983,DA_OI_Outfit_Mountaineer_MeshToggle3_On,On,
rawhide,-2101241585,DA_OI_Outfit_NomadShroud,Rawhide,
color,941347874,DA_OI_Outfit_NomadShroud_Color,Color,
basic,-401575366,DA_OI_Outfit_NomadShroud_Color_Basic,Basic,
oioutfitnomadshroudcolorgreencamo,-2065295200,DA_OI_Outfit_NomadShroud_Color_GreenCamo,,
white,148506963,DA_OI_Outfit_NomadShroud_Color_White,White,
headgear,226882123,DA_OI_Outfit_NomadShroud_Headgear,Headgear,
off,-1010104284,DA_OI_Outfit_NomadShroud_Headgear_Off,Off,
on,524155659,DA_OI_Outfit_NomadShroud_Headgear_On,On,
mask,524573700,DA_OI_Outfit_NomadShroud_Mask,Mask,
off,343364393,DA_OI_Outfit_NomadShroud_Mask_Off,Off,
on,1653594118,DA_OI_Outfit_NomadShroud_Mask_On,On,
oioutfitnomadshroudtecharm,-528871848,DA_OI_Outfit_NomadShroud_TechArm,,
off,-1624212466,DA_OI_Outfit_NomadShroud_TechArm_Off,Off,
on,168788180,DA_OI_Outfit_NomadShroud_TechArm_On,On,
vest,1430376292,DA_OI_Outfit_NomadShroud_Vest,Vest,
off,1335931414,DA_OI_Outfit_NomadShroud_Vest_Off,Off,
on,-2053518872,DA_OI_Outfit_NomadShroud_Vest_On,On,
solare,799632303,DA_OI_Outfit_Nova,Solare,
color,1201900998,DA_OI_Outfit_Nova_Color,Color,
black_gold,-1938422329,DA_OI_Outfit_Nova_Color_BlackGold,Black Gold,
black_green,-841571862,DA_OI_Outfit_Nova_Color_BlackGreen,Black Green,
orange_white,-1655009884,DA_OI_Outfit_Nova_Color_OrangeWhite,Orange White,
gauntlet,5449705,DA_OI_Outfit_Nova_Gauntlet,Gauntlet,
off,-1080939723,DA_OI_Outfit_Nova_Gauntlet_Off,Off,
on,1479750148,DA_OI_Outfit_Nova_Gauntlet_On,On,
headgear,-27184037,DA_OI_Outfit_Nova_Headgear,Headgear,
no_crown,-1330145607,DA_OI_Outfit_Nova_Headgear_NoCrown,No Crown,
no_visor,-679453808,DA_OI_Outfit_Nova_Headgear_NoVisor,No Visor,
off,115653599,DA_OI_Outfit_Nova_Headgear_Off,Off,
on,52636328,DA_OI_Outfit_Nova_Headgear_On,On,
oioutfitnovaheadgearvisoronly,1105061086,DA_OI_Outfit_Nova_Headgear_VisorOnly,,
hood,558321571,DA_OI_Outfit_Nova_Hood,Hood,
off,-1274210746,DA_OI_Outfit_Nova_Hood_Off,Off,
on,1685588878,DA_OI_Outfit_Nova_Hood_On,On,
meshtoggle1,-1935128580,DA_OI_Outfit_Nova_MeshToggle1,MeshToggle1,
off,126235279,DA_OI_Outfit_Nova_MeshToggle1_Off,Off,
on,-2101460711,DA_OI_Outfit_Nova_MeshToggle1_On,On,
meshtoggle2,-1423612461,DA_OI_Outfit_Nova_MeshToggle2,MeshToggle2,
off,1011660197,DA_OI_Outfit_Nova_MeshToggle2_Off,Off,
on,-1366477346,DA_OI_Outfit_Nova_MeshToggle2_On,On,
surgeon,284941991,DA_OI_Outfit_Nurse,Surgeon,
color,93882202,DA_OI_Outfit_Nurse_Color,Color,
basic,1307166677,DA_OI_Outfit_Nurse_Color_Basic,Basic,
cyan,1428251626,DA_OI_Outfit_Nurse_Color_Cyan,Cyan,
red,2126323586,DA_OI_Outfit_Nurse_Color_Red,Red,
headgear,-465796664,DA_OI_Outfit_Nurse_Headgear,Headgear,
oioutfitnurseheadgearaddhatpart,-1007175575,DA_OI_Outfit_Nurse_Headgear_AddHatPart,,
off,-1959454018,DA_OI_Outfit_Nurse_Headgear_Off,Off,
on,2064541958,DA_OI_Outfit_Nurse_Headgear_On,On,
mask,-1449045365,DA_OI_Outfit_Nurse_Mask,Mask,
off,-1018001215,DA_OI_Outfit_Nurse_Mask_Off,Off,
on,379977714,DA_OI_Outfit_Nurse_Mask_On,On,
meshtoggle1,1834332304,DA_OI_Outfit_Nurse_MeshToggle1,MeshToggle1,
oioutfitnursemeshtoggle1gear,-1013050868,DA_OI_Outfit_Nurse_MeshToggle1_Gear,,
off,-1916337127,DA_OI_Outfit_Nurse_MeshToggle1_Off,Off,
on,692128281,DA_OI_Outfit_Nurse_MeshToggle1_On,On,
meshtoggle2,-1496176360,DA_OI_Outfit_Nurse_MeshToggle2,MeshToggle2,
off,-1831020830,DA_OI_Outfit_Nurse_MeshToggle2_Off,Off,
on,-261640937,DA_OI_Outfit_Nurse_MeshToggle2_On,On,
torpedo,240473261,DA_OI_Outfit_Pauldroid,Torpedo,
color,116129132,DA_OI_Outfit_Pauldroid_Color,Color,
oioutfitpauldroidcolorbeigered,1748709375,DA_OI_Outfit_Pauldroid_Color_BeigeRed,,
black_blue,1784167667,DA_OI_Outfit_Pauldroid_Color_BlackBlue,Black Blue,
green_orange,1257419155,DA_OI_Outfit_Pauldroid_Color_GreenOrange,Green Orange,
goggles,-2012443122,DA_OI_Outfit_Pauldroid_Goggles,Goggles,
off,-1553443826,DA_OI_Outfit_Pauldroid_Goggles_Off,Off,
on,1295578750,DA_OI_Outfit_Pauldroid_Goggles_On,On,
headgear,241953382,DA_OI_Outfit_Pauldroid_Headgear,Headgear,
off,-1640011826,DA_OI_Outfit_Pauldroid_Headgear_Off,Off,
on,1424532350,DA_OI_Outfit_Pauldroid_Headgear_On,On,
helmet,1913010062,DA_OI_Outfit_Pauldroid_Helmet,Helmet,
off,1835030176,DA_OI_Outfit_Pauldroid_Helmet_Off,Off,
on,-1056049438,DA_OI_Outfit_Pauldroid_Helmet_On,On,
mask,1791694662,DA_OI_Outfit_Pauldroid_Mask,Mask,
off,2106383477,DA_OI_Outfit_Pauldroid_Mask_Off,Off,
on,34100326,DA_OI_Outfit_Pauldroid_Mask_On,On,
meshtoggle1,1300046748,DA_OI_Outfit_Pauldroid_MeshToggle1,MeshToggle1,
off,-1165848731,DA_OI_Outfit_Pauldroid_MeshToggle1_Off,Off,
on,1034539507,DA_OI_Outfit_Pauldroid_MeshToggle1_On,On,
meshtoggle2,1729309657,DA_OI_Outfit_Pauldroid_MeshToggle2,MeshToggle2,
off,-338427638,DA_OI_Outfit_Pauldroid_MeshToggle2_Off,Off,
on,-654905982,DA_OI_Outfit_Pauldroid_MeshToggle2_On,On,
meshtoggle3,1513985294,DA_OI_Outfit_Pauldroid_MeshToggle3,MeshToggle3,
off,-1227065044,DA_OI_Outfit_Pauldroid_MeshToggle3_Off,Off,
on,-1746192253,DA_OI_Outfit_Pauldroid_MeshToggle3_On,On,
outfit,-1877513771,DA_OI_Outfit_Persistence,Outfit,
riot,-938042033,DA_OI_Outfit_Picket,Riot,
color,1539163248,DA_OI_Outfit_Picket_Color,Color,
black,-1665687655,DA_OI_Outfit_Picket_Color_Black,Black,
blue,874180365,DA_OI_Outfit_Picket_Color_Blue,Blue,
red,1633468508,DA_OI_Outfit_Picket_Color_Red,Red,
gloves,-1166094524,DA_OI_Outfit_Picket_Gloves,Gloves,
off,875471512,DA_OI_Outfit_Picket_Gloves_Off,Off,
on,-123749020,DA_OI_Outfit_Picket_Gloves_On,On,
headgear,-1770179953,DA_OI_Outfit_Picket_Headgear,Headgear,
off,46524640,DA_OI_Outfit_Picket_Headgear_Off,Off,
on,1082439261,DA_OI_Outfit_Picket_Headgear_On,On,
visor_down,1897970190,DA_OI_Outfit_Picket_Headgear_VisorDown,Visor Down,
corsaro,1501811243,DA_OI_Outfit_Pirate,Corsaro,
cape,339739303,DA_OI_Outfit_Pirate_Cape,Cape,
off,1892838643,DA_OI_Outfit_Pirate_Cape_Off,Off,
on,658963046,DA_OI_Outfit_Pirate_Cape_On,On,
color,166843810,DA_OI_Outfit_Pirate_Color,Color,
basic,158740410,DA_OI_Outfit_Pirate_Color_Basic,Basic,
blue_white,1619780709,DA_OI_Outfit_Pirate_Color_BlueWhite,Blue White,
red,2078162728,DA_OI_Outfit_Pirate_Color_Red,Red,
goggles,-1688118013,DA_OI_Outfit_Pirate_Goggles,Goggles,
oioutfitpirategogglesmouthoff,1359941977,DA_OI_Outfit_Pirate_Goggles_MouthOff,,
off,-1818218577,DA_OI_Outfit_Pirate_Goggles_Off,Off,
on,667738992,DA_OI_Outfit_Pirate_Goggles_On,On,
gun_holster,-243414595,DA_OI_Outfit_Pirate_GunHolster,Gun Holster,
off,-1167428140,DA_OI_Outfit_Pirate_GunHolster_Off,Off,
on,433853407,DA_OI_Outfit_Pirate_GunHolster_On,On,
hat,1863824889,DA_OI_Outfit_Pirate_Hat,Hat,
off,1709269667,DA_OI_Outfit_Pirate_Hat_Off,Off,
on,-1497352069,DA_OI_Outfit_Pirate_Hat_On,On,
jacket,1743575625,DA_OI_Outfit_Pirate_Jacket,Jacket,
off,-1771056859,DA_OI_Outfit_Pirate_Jacket_Off,Off,
on,-1610268448,DA_OI_Outfit_Pirate_Jacket_On,On,
radio_box,692087198,DA_OI_Outfit_Pirate_Radiobox,Radio Box,
off,197963043,DA_OI_Outfit_Pirate_Radiobox_Off,Off,
on,-952363380,DA_OI_Outfit_Pirate_Radiobox_On,On,
shoulder_pad,1206454140,DA_OI_Outfit_Pirate_ShoulderPad,Shoulder Pad,
off,-869306736,DA_OI_Outfit_Pirate_ShoulderPad_Off,Off,
on,-1723842473,DA_OI_Outfit_Pirate_ShoulderPad_On,On,
blindspot,-1083067923,DA_OI_Outfit_Recon,Blindspot,
color,-867931970,DA_OI_Outfit_Recon_Color,Color,
basic,728400940,DA_OI_Outfit_Recon_Color_Basic,Basic,
beige_black,1505750137,DA_OI_Outfit_Recon_Color_BeigeBlack,Beige Black,
green_red,811459932,DA_OI_Outfit_Recon_Color_GreenRed,Green Red,
hat,2010755340,DA_OI_Outfit_Recon_Hat,Hat,
off,-1499723047,DA_OI_Outfit_Recon_Hat_Off,Off,
on,63796689,DA_OI_Outfit_Recon_Hat_On,On,
oioutfitreconhoodie,530675842,DA_OI_Outfit_Recon_Hoodie,,
hood_down,1432935223,DA_OI_Outfit_Recon_Hoodie_HoodDown,Hood Down,
oioutfitreconhoodiehoodoff,588019149,DA_OI_Outfit_Recon_Hoodie_HoodOff,,
hood_up,-1679668656,DA_OI_Outfit_Recon_Hoodie_HoodUp,Hood Up,
oioutfitreconinnervest,-1505852763,DA_OI_Outfit_Recon_InnerVest,,
off,-934237579,DA_OI_Outfit_Recon_InnerVest_Off,Off,
on,-15754756,DA_OI_Outfit_Recon_InnerVest_On,On,
mask,1245763151,DA_OI_Outfit_Recon_Mask,Mask,
oioutfitreconmasknoheadphone,1472347150,DA_OI_Outfit_Recon_Mask_NoHeadphone,,
no_visor,1502339550,DA_OI_Outfit_Recon_Mask_NoVisor,No Visor,
off,1230929976,DA_OI_Outfit_Recon_Mask_Off,Off,
on,-533816503,DA_OI_Outfit_Recon_Mask_On,On,
vest,-1754827273,DA_OI_Outfit_Recon_Vest,Vest,
off,1565441801,DA_OI_Outfit_Recon_Vest_Off,Off,
on,-1007503024,DA_OI_Outfit_Recon_Vest_On,On,
origin,1528101562,DA_OI_Outfit_Recruit,Origin,
color,-241770798,DA_OI_Outfit_Recruit_Color,Color,
black_white,-829247465,DA_OI_Outfit_Recruit_Color_BlackWhite,Black White,
blue,39979136,DA_OI_Outfit_Recruit_Color_Blue,Blue,
green,184818602,DA_OI_Outfit_Recruit_Color_Green,Green,
orange_camo,1709844671,DA_OI_Outfit_Recruit_Color_OrangeCamo,Orange Camo,
red,-461385124,DA_OI_Outfit_Recruit_Color_Red,Red,
oioutfitrecruitcolortt2,117705208,DA_OI_Outfit_Recruit_Color_TT2,,
white,1502225838,DA_OI_Outfit_Recruit_Color_White,White,
yellow,-924564326,DA_OI_Outfit_Recruit_Color_Yellow,Yellow,
headgear,-801164250,DA_OI_Outfit_Recruit_Headgear,Headgear,
off,-552045159,DA_OI_Outfit_Recruit_Headgear_Off,Off,
on,-1327748783,DA_OI_Outfit_Recruit_Headgear_On,On,
junkyard_astronaut,-291493415,DA_OI_Outfit_RelaxedAstronaut,Junkyard Astronaut,
color,1430894288,DA_OI_Outfit_RelaxedAstronaut_Color,Color,
basic,1553650708,DA_OI_Outfit_RelaxedAstronaut_Color_Basic,Basic,
grey_yellow,404994099,DA_OI_Outfit_RelaxedAstronaut_Color_GreyYellow,Grey Yellow,
oioutfitrelaxedastronautcolorredblue,-953268681,DA_OI_Outfit_RelaxedAstronaut_Color_RedBlue,,
headgear,-50165828,DA_OI_Outfit_RelaxedAstronaut_Headgear,Headgear,
off,717463839,DA_OI_Outfit_RelaxedAstronaut_Headgear_Off,Off,
on,-1210542814,DA_OI_Outfit_RelaxedAstronaut_Headgear_On,On,
helmet,-1059010146,DA_OI_Outfit_RelaxedAstronaut_Helmet,Helmet,
off,-1912395091,DA_OI_Outfit_RelaxedAstronaut_Helmet_Off,Off,
on,-1796595002,DA_OI_Outfit_RelaxedAstronaut_Helmet_On,On,
meshtoggle1,-1784026304,DA_OI_Outfit_RelaxedAstronaut_MeshToggle1,MeshToggle1,
off,-1211733548,DA_OI_Outfit_RelaxedAstronaut_MeshToggle1_Off,Off,
on,-1139348627,DA_OI_Outfit_RelaxedAstronaut_MeshToggle1_On,On,
meshtoggle2,379878514,DA_OI_Outfit_RelaxedAstronaut_MeshToggle2,MeshToggle2,
off,265357750,DA_OI_Outfit_RelaxedAstronaut_MeshToggle2_Off,Off,
on,-733863940,DA_OI_Outfit_RelaxedAstronaut_MeshToggle2_On,On,
meshtoggle3,-1120302789,DA_OI_Outfit_RelaxedAstronaut_MeshToggle3,MeshToggle3,
off,-1434566183,DA_OI_Outfit_RelaxedAstronaut_MeshToggle3_Off,Off,
on,653505302,DA_OI_Outfit_RelaxedAstronaut_MeshToggle3_On,On,
sandwalker,-552590848,DA_OI_Outfit_ScourgeRider,Sandwalker,
color,-1893734270,DA_OI_Outfit_ScourgeRider_Color,Color,
basic,932005207,DA_OI_Outfit_ScourgeRider_Color_Basic,Basic,
beige,946562925,DA_OI_Outfit_ScourgeRider_Color_Beige,Beige,
black,-1439324816,DA_OI_Outfit_ScourgeRider_Color_Black,Black,
gas_mask,1611224742,DA_OI_Outfit_ScourgeRider_Gasmask,Gas Mask,
off,178084386,DA_OI_Outfit_ScourgeRider_Gasmask_Off,Off,
on,-25960942,DA_OI_Outfit_ScourgeRider_Gasmask_On,On,
goggles,73619125,DA_OI_Outfit_ScourgeRider_Goggles,Goggles,
off,-426251251,DA_OI_Outfit_ScourgeRider_Goggles_Off,Off,
on,-1299400160,DA_OI_Outfit_ScourgeRider_Goggles_On,On,
oioutfitscourgeriderheadscarf,640815103,DA_OI_Outfit_ScourgeRider_Headscarf,,
off,-1448212724,DA_OI_Outfit_ScourgeRider_Headscarf_Off,Off,
on,711203395,DA_OI_Outfit_ScourgeRider_Headscarf_On,On,
radio_box,687508305,DA_OI_Outfit_ScourgeRider_Radiobox,Radio Box,
off,1690649718,DA_OI_Outfit_ScourgeRider_Radiobox_Off,Off,
on,1171578120,DA_OI_Outfit_ScourgeRider_Radiobox_On,On,
oioutfitscourgeridersidebag,2035742874,DA_OI_Outfit_ScourgeRider_Sidebag,,
off,1031656256,DA_OI_Outfit_ScourgeRider_Sidebag_Off,Off,
on,-1084927194,DA_OI_Outfit_ScourgeRider_Sidebag_On,On,
velati,1452596959,DA_OI_Outfit_Scout,Velati,
color,985971128,DA_OI_Outfit_Scout_Color,Color,
basic,831141632,DA_OI_Outfit_Scout_Color_Basic,Basic,
beige,1863205806,DA_OI_Outfit_Scout_Color_Beige,Beige,
red,2125194240,DA_OI_Outfit_Scout_Color_Red,Red,
headgear,428899076,DA_OI_Outfit_Scout_Headgear,Headgear,
off,-1142298120,DA_OI_Outfit_Scout_Headgear_Off,Off,
on,1410450233,DA_OI_Outfit_Scout_Headgear_On,On,
visor_up,374002786,DA_OI_Outfit_Scout_Headgear_VisorUp,Visor Up,
meshtoggle1,945712983,DA_OI_Outfit_Scout_MeshToggle1,MeshToggle1,
off,-1117485677,DA_OI_Outfit_Scout_MeshToggle1_Off,Off,
on,-385724409,DA_OI_Outfit_Scout_MeshToggle1_On,On,
meshtoggle2,9463775,DA_OI_Outfit_Scout_MeshToggle2,MeshToggle2,
off,1595030136,DA_OI_Outfit_Scout_MeshToggle2_Off,Off,
on,-1823241961,DA_OI_Outfit_Scout_MeshToggle2_On,On,
ombra,79568822,DA_OI_Outfit_Shroud,Ombra,
misthorn,1872079495,DA_OI_Outfit_ShroudHorns,Misthorn,
color,-745203269,DA_OI_Outfit_ShroudHorns_Color,Color,
black_gold,-1983923434,DA_OI_Outfit_ShroudHorns_Color_BlackGold,Black Gold,
brown,850573243,DA_OI_Outfit_ShroudHorns_Color_Brown,Brown,
cyan_copper,-699356168,DA_OI_Outfit_ShroudHorns_Color_CyanCopper,Cyan Copper,
headgear,241569973,DA_OI_Outfit_ShroudHorns_Headgear,Headgear,
no_face_cover,1179729243,DA_OI_Outfit_ShroudHorns_Headgear_NoFaceCover,No Face Cover,
off,-1286504172,DA_OI_Outfit_ShroudHorns_Headgear_Off,Off,
on,-109558901,DA_OI_Outfit_ShroudHorns_Headgear_On,On,
meshtoggle1,-1855794979,DA_OI_Outfit_ShroudHorns_MeshToggle1,MeshToggle1,
off,413537247,DA_OI_Outfit_ShroudHorns_MeshToggle1_Off,Off,
on,1318784136,DA_OI_Outfit_ShroudHorns_MeshToggle1_On,On,
meshtoggle2,1062098450,DA_OI_Outfit_ShroudHorns_MeshToggle2,MeshToggle2,
off,146726550,DA_OI_Outfit_ShroudHorns_MeshToggle2_Off,Off,
on,1316025197,DA_OI_Outfit_ShroudHorns_MeshToggle2_On,On,
oioutfitshroudchestbag,348281613,DA_OI_Outfit_Shroud_ChestBag,,
off,1260480510,DA_OI_Outfit_Shroud_ChestBag_Off,Off,
on,1112207955,DA_OI_Outfit_Shroud_ChestBag_On,On,
color,-1058796128,DA_OI_Outfit_Shroud_Color,Color,
basic,96211373,DA_OI_Outfit_Shroud_Color_Basic,Basic,
green,1114071514,DA_OI_Outfit_Shroud_Color_Green,Green,
red,-1310524160,DA_OI_Outfit_Shroud_Color_Red,Red,
oioutfitshroudfringebelt,1211521189,DA_OI_Outfit_Shroud_FringeBelt,,
off,1683792395,DA_OI_Outfit_Shroud_FringeBelt_Off,Off,
on,-893276306,DA_OI_Outfit_Shroud_FringeBelt_On,On,
headgear,-1668397666,DA_OI_Outfit_Shroud_Headgear,Headgear,
off,1536264607,DA_OI_Outfit_Shroud_Headgear_Off,Off,
on,630186536,DA_OI_Outfit_Shroud_Headgear_On,On,
voltedge,-1861255178,DA_OI_Outfit_SpaceChaps,Voltedge,
color,1365692976,DA_OI_Outfit_SpaceChaps_Color,Color,
black_green,935930912,DA_OI_Outfit_SpaceChaps_Color_BlackGreen,Black Green,
blue_white,-1565654261,DA_OI_Outfit_SpaceChaps_Color_BlueWhite,Blue White,
oioutfitspacechapscolororangepurple,-250656132,DA_OI_Outfit_SpaceChaps_Color_OrangePurple,,
headgear,1881551943,DA_OI_Outfit_SpaceChaps_Headgear,Headgear,
no_cap,-219789756,DA_OI_Outfit_SpaceChaps_Headgear_NoCap,No Cap,
no_tech,1110469712,DA_OI_Outfit_SpaceChaps_Headgear_NoTech,No Tech,
off,467462597,DA_OI_Outfit_SpaceChaps_Headgear_Off,Off,
on,-1510204980,DA_OI_Outfit_SpaceChaps_Headgear_On,On,
meshtoggle1,-1124577494,DA_OI_Outfit_SpaceChaps_MeshToggle1,MeshToggle1,
off,-16337244,DA_OI_Outfit_SpaceChaps_MeshToggle1_Off,Off,
on,-1229020666,DA_OI_Outfit_SpaceChaps_MeshToggle1_On,On,
meshtoggle2,-527417174,DA_OI_Outfit_SpaceChaps_MeshToggle2,MeshToggle2,
off,-816637309,DA_OI_Outfit_SpaceChaps_MeshToggle2_Off,Off,
on,1110977010,DA_OI_Outfit_SpaceChaps_MeshToggle2_On,On,
meshtoggle3,1934769140,DA_OI_Outfit_SpaceChaps_MeshToggle3,MeshToggle3,
off,-1777093910,DA_OI_Outfit_SpaceChaps_MeshToggle3_Off,Off,
on,1628111856,DA_OI_Outfit_SpaceChaps_MeshToggle3_On,On,
mesh_toggle_4,-856588015,DA_OI_Outfit_SpaceChaps_MeshToggle4,Mesh Toggle 4,
off,-126738193,DA_OI_Outfit_SpaceChaps_MeshToggle4_Off,Off,
on,-1581213754,DA_OI_Outfit_SpaceChaps_MeshToggle4_On,On,
oioutfitsport,1439868060,DA_OI_Outfit_Sport,,
color,1014869594,DA_OI_Outfit_Sport_Color,Color,
blue,1407987440,DA_OI_Outfit_Sport_Color_Blue,Blue,
grey_yellow,-1473837114,DA_OI_Outfit_Sport_Color_GreyYellow,Grey Yellow,
white_red,1590674110,DA_OI_Outfit_Sport_Color_RedWhite,White Red,
headgear,865329695,DA_OI_Outfit_Sport_Headgear,Headgear,
off,2094199649,DA_OI_Outfit_Sport_Headgear_Off,Off,
on,1229320004,DA_OI_Outfit_Sport_Headgear_On,On,
meshtoggle1,300375520,DA_OI_Outfit_Sport_MeshToggle1,MeshToggle1,
no_tech,1630664789,DA_OI_Outfit_Sport_MeshToggle1_NoTech,No Tech,
off,-1605111081,DA_OI_Outfit_Sport_MeshToggle1_Off,Off,
on,971949692,DA_OI_Outfit_Sport_MeshToggle1_On,On,
meshtoggle2,1264834152,DA_OI_Outfit_Sport_MeshToggle2,MeshToggle2,
off,-1263568291,DA_OI_Outfit_Sport_MeshToggle2_Off,Off,
on,-2016104513,DA_OI_Outfit_Sport_MeshToggle2_On,On,
meshtoggle3,-1879766213,DA_OI_Outfit_Sport_MeshToggle3,MeshToggle3,
off,-1032837797,DA_OI_Outfit_Sport_MeshToggle3_Off,Off,
on,-1486226218,DA_OI_Outfit_Sport_MeshToggle3_On,On,
volare,-437418283,DA_OI_Outfit_Stealth,Volare,
oioutfitstealthclimbinggear,480908328,DA_OI_Outfit_Stealth_ClimbingGear,,
off,-65713670,DA_OI_Outfit_Stealth_ClimbingGear_Off,Off,
on,-2063257818,DA_OI_Outfit_Stealth_ClimbingGear_On,On,
color,1629398129,DA_OI_Outfit_Stealth_Color,Color,
basic,1339496447,DA_OI_Outfit_Stealth_Color_Basic,Basic,
green_yellow,-648916213,DA_OI_Outfit_Stealth_Color_GreenYellow,Green Yellow,
red_black,2024452146,DA_OI_Outfit_Stealth_Color_RedBlack,Red Black,
oioutfitstealthhoodie,286713883,DA_OI_Outfit_Stealth_Hoodie,,
off,-943316428,DA_OI_Outfit_Stealth_Hoodie_Off,Off,
on,1161319161,DA_OI_Outfit_Stealth_Hoodie_On,On,
meshtoggle1,1805074962,DA_OI_Outfit_Stealth_MeshToggle1,MeshToggle1,
oioutfitstealthmeshtoggle1mouthcover,1020544860,DA_OI_Outfit_Stealth_MeshToggle1_Mouthcover,,
off,1216776491,DA_OI_Outfit_Stealth_MeshToggle1_Off,Off,
on,-2008314363,DA_OI_Outfit_Stealth_MeshToggle1_On,On,
visor_up,-1510337049,DA_OI_Outfit_Stealth_MeshToggle1_VisorUp,Visor Up,
meshtoggle2,1026525229,DA_OI_Outfit_Stealth_MeshToggle2,MeshToggle2,
off,1619176747,DA_OI_Outfit_Stealth_MeshToggle2_Off,Off,
on,-520904149,DA_OI_Outfit_Stealth_MeshToggle2_On,On,
mesh_toggle_4,-1964665203,DA_OI_Outfit_Stealth_MeshToggle4,Mesh Toggle 4,
off,-128713091,DA_OI_Outfit_Stealth_MeshToggle4_Off,Off,
on,-83789668,DA_OI_Outfit_Stealth_MeshToggle4_On,On,
junior,1750045134,DA_OI_Outfit_TheKid,Junior,
color,740302102,DA_OI_Outfit_TheKid_Color,Color,
oioutfitthekidcolorbabyblue,-1702228105,DA_OI_Outfit_TheKid_Color_BabyBlue,,
blue,-1388693662,DA_OI_Outfit_TheKid_Color_Blue,Blue,
orange,-325430032,DA_OI_Outfit_TheKid_Color_Orange,Orange,
oioutfitthekidcolororangeteal,428274483,DA_OI_Outfit_TheKid_Color_OrangeTeal,,
oioutfitthekidcoloryellowgraffiti,616917863,DA_OI_Outfit_TheKid_Color_YellowGraffiti,,
headgear,1832405309,DA_OI_Outfit_TheKid_Headgear,Headgear,
off,-1822114323,DA_OI_Outfit_TheKid_Headgear_Off,Off,
on,-92948506,DA_OI_Outfit_TheKid_Headgear_On,On,
meshtoggle1,-1269667579,DA_OI_Outfit_TheKid_MeshToggle1,MeshToggle1,
off,-2074911519,DA_OI_Outfit_TheKid_MeshToggle1_Off,Off,
on,-1606987,DA_OI_Outfit_TheKid_MeshToggle1_On,On,
meshtoggle2,1204936929,DA_OI_Outfit_TheKid_MeshToggle2,MeshToggle2,
off,1160143630,DA_OI_Outfit_TheKid_MeshToggle2_Off,Off,
on,-409892516,DA_OI_Outfit_TheKid_MeshToggle2_On,On,
meshtoggle3,-42762103,DA_OI_Outfit_TheKid_MeshToggle3,MeshToggle3,
off,102226764,DA_OI_Outfit_TheKid_MeshToggle3_Off,Off,
on,1682171606,DA_OI_Outfit_TheKid_MeshToggle3_On,On,
radio_renegade,-1231818234,DA_OI_Outfit_Vale,Radio Renegade,
color,-1986014310,DA_OI_Outfit_Vale_Color,Color,
black,-542851547,DA_OI_Outfit_Vale_Color_Black,Black,
blue,1612197173,DA_OI_Outfit_Vale_Color_Blue,Blue,
grey,53575721,DA_OI_Outfit_Vale_Color_Grey,Grey,
red,2041559075,DA_OI_Outfit_Vale_Color_Red,Red,
yellow,1551829825,DA_OI_Outfit_Vale_Color_Yellow,Yellow,
goggles,9973755,DA_OI_Outfit_Vale_Goggles,Goggles,
off,-570604661,DA_OI_Outfit_Vale_Goggles_Off,Off,
on,-1385723520,DA_OI_Outfit_Vale_Goggles_On,On,
helmet,1132210647,DA_OI_Outfit_Vale_Helmet,Helmet,
off,-2140373449,DA_OI_Outfit_Vale_Helmet_Off,Off,
on,-389779085,DA_OI_Outfit_Vale_Helmet_On,On,
open,1481808658,DA_OI_Outfit_Vale_Helmet_Open,Open,
oioutfitvalepouch,1950843880,DA_OI_Outfit_Vale_Pouch,,
off,-396422554,DA_OI_Outfit_Vale_Pouch_Off,Off,
on,-1625937124,DA_OI_Outfit_Vale_Pouch_On,On,
vanguard,288931104,DA_OI_Outfit_Vanguard,Vanguard,
color,1811188552,DA_OI_Outfit_Vanguard_Color,Color,
basic,1917258499,DA_OI_Outfit_Vanguard_Color_Basic,Basic,
dark_blue,723469445,DA_OI_Outfit_Vanguard_Color_DarkBlue,Dark Blue,
green,-183959746,DA_OI_Outfit_Vanguard_Color_Green,Green,
helmet,-547282635,DA_OI_Outfit_Vanguard_Helmet,Helmet,
off,-618293493,DA_OI_Outfit_Vanguard_Helmet_Off,Off,
on,1980091461,DA_OI_Outfit_Vanguard_Helmet_On,On,
visor_up,1879395904,DA_OI_Outfit_Vanguard_Helmet_VisorUp,Visor Up,
mask,1061681885,DA_OI_Outfit_Vanguard_Mask,Mask,
off,-1660406172,DA_OI_Outfit_Vanguard_Mask_Off,Off,
on,810295556,DA_OI_Outfit_Vanguard_Mask_On,On,
meshtoggle1,-221870220,DA_OI_Outfit_Vanguard_MeshToggle1,MeshToggle1,
off,98682022,DA_OI_Outfit_Vanguard_MeshToggle1_Off,Off,
on,-29081270,DA_OI_Outfit_Vanguard_MeshToggle1_On,On,
meshtoggle2,-964990252,DA_OI_Outfit_Vanguard_MeshToggle2,MeshToggle2,
off,292469818,DA_OI_Outfit_Vanguard_MeshToggle2_Off,Off,
on,636699005,DA_OI_Outfit_Vanguard_MeshToggle2_On,On,
meshtoggle3,-2058707610,DA_OI_Outfit_Vanguard_MeshToggle3,MeshToggle3,
off,480241072,DA_OI_Outfit_Vanguard_MeshToggle3_Off,Off,
on,-620094330,DA_OI_Outfit_Vanguard_MeshToggle3_On,On,
shoulder_pad,1830952041,DA_OI_Outfit_Vanguard_ShoulderPad,Shoulder Pad,
off,2001233727,DA_OI_Outfit_Vanguard_ShoulderPad_Off,Off,
on,2125977234,DA_OI_Outfit_Vanguard_ShoulderPad_On,On,
sleeves,-981596082,DA_OI_Outfit_Vanguard_Sleeves,Sleeves,
off,-263921103,DA_OI_Outfit_Vanguard_Sleeves_Off,Off,
on,664538203,DA_OI_Outfit_Vanguard_Sleeves_On,On,
basic,-1616395318,DA_OI_Outfit_Vest_Color_Basic_Persistence,Basic,
color,2000375541,DA_OI_Outfit_Vest_Color_Persistence,Color,
off,1228049683,DA_OI_Outfit_Vest_Headgear_Off_Persistence,Off,
on,389903331,DA_OI_Outfit_Vest_Headgear_On_Persistence,On,
headgear,-1482166708,DA_OI_Outfit_Vest_Headgear_Persistence,Headgear,
oioutfitvestpersistence,-852007680,DA_OI_Outfit_Vest_Persistence,,
mirage,1327118567,DA_OI_Outfit_Wayfarer,Mirage,
color,-341965868,DA_OI_Outfit_Wayfarer_Color,Color,
beige,222039652,DA_OI_Outfit_Wayfarer_Color_Beige,Beige,
cyan,-264392805,DA_OI_Outfit_Wayfarer_Color_Cyan,Cyan,
orange,-572930379,DA_OI_Outfit_Wayfarer_Color_Orange,Orange,
headgear,349425312,DA_OI_Outfit_Wayfarer_Headgear,Headgear,
no_face_cover,175922132,DA_OI_Outfit_Wayfarer_Headgear_NoFaceCover,No Face Cover,
off,1444815866,DA_OI_Outfit_Wayfarer_Headgear_Off,Off,
on,-174254842,DA_OI_Outfit_Wayfarer_Headgear_On,On,
meshtoggle1,2132288685,DA_OI_Outfit_Wayfarer_MeshToggle1,MeshToggle1,
off,226969496,DA_OI_Outfit_Wayfarer_MeshToggle1_Off,Off,
on,-1531465581,DA_OI_Outfit_Wayfarer_MeshToggle1_On,On,
meshtoggle3,1664754740,DA_OI_Outfit_Wayfarer_MeshToggle3,MeshToggle3,
off,140360380,DA_OI_Outfit_Wayfarer_MeshToggle3_Off,Off,
on,1787038575,DA_OI_Outfit_Wayfarer_MeshToggle3_On,On,
mesh_toggle_4,-808479492,DA_OI_Outfit_Wayfarer_MeshToggle4,Mesh Toggle 4,
off,-1055880969,DA_OI_Outfit_Wayfarer_MeshToggle4_Off,Off,
on,156406756,DA_OI_Outfit_Wayfarer_MeshToggle4_On,On,
voyager,606920996,DA_OI_Outfit_Welder,Voyager,
color,-278648471,DA_OI_Outfit_Welder_Color,Color,
blue,-1941588719,DA_OI_Outfit_Welder_Color_Blue,Blue,
green,-1535813943,DA_OI_Outfit_Welder_Color_Green,Green,
white,633264329,DA_OI_Outfit_Welder_Color_White,White,
yellow,2027993634,DA_OI_Outfit_Welder_Color_Yellow,Yellow,
headgear,-340942737,DA_OI_Outfit_Welder_Headgear,Headgear,
goggles,1570288095,DA_OI_Outfit_Welder_Headgear_Goggles,Goggles,
off,-515124772,DA_OI_Outfit_Welder_Headgear_Off,Off,
on,296051593,DA_OI_Outfit_Welder_Headgear_On,On,
meshtoggle1,592407709,DA_OI_Outfit_Welder_MeshToggle1,MeshToggle1,
off,324475677,DA_OI_Outfit_Welder_MeshToggle1_Off,Off,
on,733272973,DA_OI_Outfit_Welder_MeshToggle1_On,On,
meshtoggle2,-747826742,DA_OI_Outfit_Welder_MeshToggle2,MeshToggle2,
off,826078665,DA_OI_Outfit_Welder_MeshToggle2_Off,Off,
on,10409952,DA_OI_Outfit_Welder_MeshToggle2_On,On,
devotee,-1093711589,DA_OI_Outfit_Yarnface,Devotee,
color,377358919,DA_OI_Outfit_Yarnface_Color,Color,
black_gold,-1475034256,DA_OI_Outfit_Yarnface_Color_BlackGold,Black Gold,
green_red,-1764546520,DA_OI_Outfit_Yarnface_Color_GreenRed,Green Red,
orange_black,-935010930,DA_OI_Outfit_Yarnface_Color_OrangeBlack,Orange Black,
headgear,427556874,DA_OI_Outfit_Yarnface_Headgear,Headgear,
mask,865586904,DA_OI_Outfit_Yarnface_Headgear_Mask,Mask,
off,799173970,DA_OI_Outfit_Yarnface_Headgear_Off,Off,
on,-892186405,DA_OI_Outfit_Yarnface_Headgear_On,On,
meshtoggle1,-396743816,DA_OI_Outfit_Yarnface_MeshToggle1,MeshToggle1,
off,758192797,DA_OI_Outfit_Yarnface_MeshToggle1_Off,Off,
on,955923063,DA_OI_Outfit_Yarnface_MeshToggle1_On,On,
meshtoggle2,-274577478,DA_OI_Outfit_Yarnface_MeshToggle2,MeshToggle2,
off,733498512,DA_OI_Outfit_Yarnface_MeshToggle2_Off,Off,
on,-1408051430,DA_OI_Outfit_Yarnface_MeshToggle2_On,On,
raider_tool,-507173618,DA_OI_RaiderTool,Raider Tool,
gilded_pickaxe,-1704403239,DA_OI_RaiderTool_10MilTool,Gilded Pickaxe,
oiraidertoolanthropologiststafftool,-1071124101,DA_OI_RaiderTool_AnthropologistStaffTool,,
oiraidertoolarctool,-844083575,DA_OI_RaiderTool_ArcTool,,
oiraidertooldefault,1130491934,DA_OI_RaiderTool_Default,,
hockey_stick,901790311,DA_OI_RaiderTool_GoalieTool,Hockey Stick,
whaler,2069746413,DA_OI_RaiderTool_MobyDick,Whaler,
space_wrench,-820135418,DA_OI_RaiderTool_RelaxedAustronautTool,Space Wrench,
sledgehammer,-460526838,DA_OI_RaiderTool_RiotSledgeHammer,Sledgehammer,
oiraidertoolshroudhornstool,1095503944,DA_OI_RaiderTool_ShroudHornsTool,,
oiraidertoolthekidtool,-534054996,DA_OI_RaiderTool_TheKidTool,,
oiraidertoolurchinharvestertool,-377517504,DA_OI_RaiderTool_UrchinHarvesterTool,,
oirecycleofferowner,505,DA_OI_RecycleOfferOwner,,
oiroosterbody,-1670299268,DA_OI_RoosterBody,,
austra_white,1795242302,DA_OI_RoosterBody_AustriaWhite,Austra White,
ayam_cemani,1980044539,DA_OI_RoosterBody_AyamCemani,Ayam Cemani,
buff_rock,608353380,DA_OI_RoosterBody_BuffRock,Buff Rock,
oiroosterbodydefault,1703909321,DA_OI_RoosterBody_Default,,
speckled,-1504118640,DA_OI_RoosterBody_SpeckledSussex,Speckled,
welsummer,-21071780,DA_OI_RoosterBody_WelsummerRed,Welsummer,
oiroosteroutfit,569840077,DA_OI_RoosterOutfit,,
oiroosteroutfitagileastronaut,-2112699586,DA_OI_RoosterOutfit_AgileAstronaut,,
oiroosteroutfitarccore,243510117,DA_OI_RoosterOutfit_ArcCore,,
batting_helmet,1267484126,DA_OI_RoosterOutfit_Batter,Batting Helmet,
oiroosteroutfitbomber,31802189,DA_OI_RoosterOutfit_Bomber,,
beekeepers_veil,-860805204,DA_OI_RoosterOutfit_BoonieHat,Beekeeper's Veil,
bucket,1329588726,DA_OI_RoosterOutfit_Bucket,Bucket,
cowboy_hat,2129583258,DA_OI_RoosterOutfit_Cowboy,Cowboy Hat,
diver_helmet,458653832,DA_OI_RoosterOutfit_Diver,Diver Helmet,
oiroosteroutfitdrafty,-1273941139,DA_OI_RoosterOutfit_Drafty,,
fencer_glasses,-525903057,DA_OI_RoosterOutfit_Fencer,Fencer Glasses,
fez,1832844325,DA_OI_RoosterOutfit_Fez,Fez,
brigade_helmet,1151290091,DA_OI_RoosterOutfit_Helix,Brigade Helmet,
janitor_cap,1067564091,DA_OI_RoosterOutfit_JanitorCap,Janitor Cap,
oiroosteroutfitnone,-978004585,DA_OI_RoosterOutfit_None,,
surgeon_hat,1833458640,DA_OI_RoosterOutfit_Nurse,Surgeon Hat,
pilot_helmet,601727408,DA_OI_RoosterOutfit_Pilot,Pilot Helmet,
pirate_hat,11848669,DA_OI_RoosterOutfit_Pirate,Pirate Hat,
rainy_day_hat,1535162451,DA_OI_RoosterOutfit_RainHat,Rainy Day Hat,
turban,-1777081234,DA_OI_RoosterOutfit_Turban,Turban,
oiroosteroutfitvanguard,1136365171,DA_OI_RoosterOutfit_Vanguard,,
oiscrappyrooster,-684951495,DA_OI_Scrappy_Rooster,,
oiunlockbluegaterounds,-736810051,DA_OI_Unlock_BlueGate_Rounds,,
oiunlockburiedcityrounds,-1545942594,DA_OI_Unlock_BuriedCity_Rounds,,
advanced_mechanical_components_blueprint,-595587163,DA_OI_Unlock_CraftAdvancedMechanicalComponents,Advanced Mechanical Components Blueprint,Lets you craft Advanced Mechanical Components
advanced_technology_components_blueprint,1529762543,DA_OI_Unlock_CraftAdvancedTechnologyComponents,Advanced Technology Components Blueprint,Lets you craft Advanced Technology Components
angled_grip_ii_blueprint,1519179755,DA_OI_Unlock_CraftAngledGripII,Angled Grip II Blueprint,Lets you craft an Angled Grip II
angled_grip_iii_blueprint,-1952490497,DA_OI_Unlock_CraftAngledGripIII,Angled Grip III Blueprint,Lets you craft an Angled Grip III
anvil_blueprint,970997170,DA_OI_Unlock_CraftAnvil,Anvil Blueprint,Lets you craft an Anvil
aphelion_blueprint,-909352526,DA_OI_Unlock_CraftAphelion,Aphelion Blueprint,Lets you craft an Aphelion
arc_circuit_board_blueprint,-1978698646,DA_OI_Unlock_CraftARCCuircuitBoard,ARC Circuit Board Blueprint,Lets you craft an ARC Circuit Board
arc_mechanism_blueprint,737449244,DA_OI_Unlock_CraftARCMechanism,ARC Mechanism Blueprint,Lets you craft an ARC Mechanism
arpeggio_blueprint,1514359409,DA_OI_Unlock_CraftArpeggio,Arpeggio Blueprint,Lets you craft an Arpeggio
oiunlockcraftassaultrifleheavy,218815019,DA_OI_Unlock_CraftAssaultrifleHeavy,,
barricade_kit_blueprint,1012255499,DA_OI_Unlock_CraftBarricadeKit,Barricade Kit Blueprint,Lets you craft a Barricade Kit
blaze_grenade_blueprint,206763501,DA_OI_Unlock_CraftBlazeGrenade,Blaze Grenade Blueprint,Lets you craft a Blaze Grenade
blue_light_stick_blueprint,509253783,DA_OI_Unlock_CraftBlueGlowstick,Blue Light Stick Blueprint,Lets you craft a Blue Light Stick
bobcat_blueprint,-450846842,DA_OI_Unlock_CraftBobcat,Bobcat Blueprint,Lets you craft a Bobcat
burletta_blueprint,326105550,DA_OI_Unlock_CraftBurletta,Burletta Blueprint,Lets you craft a Burletta
canto_blueprint,1526462764,DA_OI_Unlock_CraftCanto,Canto Blueprint,
combat_mk_3_aggressive_blueprint,-1360643404,DA_OI_Unlock_CraftCombatAgumentT3Agressive,Combat Mk. 3 (Aggressive) Blueprint,
combat_mk_3_flanking_blueprint,-730785741,DA_OI_Unlock_CraftCombatAgumentT3Flanking,Combat Mk. 3 (Flanking) Blueprint,
compensator_ii_blueprint,1733423557,DA_OI_Unlock_CraftCompensatorII,Compensator II Blueprint,Lets you craft a Compensator II
compensator_iii_blueprint,-1822172140,DA_OI_Unlock_CraftCompensatorIII,Compensator III Blueprint,Lets you craft a Compensator III
complex_gun_parts_blueprint,413288544,DA_OI_Unlock_CraftComplexGunParts,Complex Gun Parts Blueprint,Lets you craft Complex Gun Parts
crash_mat_blueprint,-1006059188,DA_OI_Unlock_CraftCrashPad,Crash Mat Blueprint,Lets you craft a Crash Mat
defibrillator_blueprint,-588372902,DA_OI_Unlock_CraftDefibrillator,Defibrillator Blueprint,Lets you craft a Defibrillator
dolabra_blueprint,-1022136874,DA_OI_Unlock_CraftDolabra,Dolabra Blueprint,
door_blocker_blueprint,1700682331,DA_OI_Unlock_CraftDoorBlocker,Door Blocker Blueprint,Lets you craft a Door Blocker
oiunlockcraftenergyammo,221116676,DA_OI_Unlock_CraftEnergyAmmo,,
equalizer_blueprint,-242574218,DA_OI_Unlock_CraftEqualizer,Equalizer Blueprint,Lets you craft an Equalizer
extended_barrel_blueprint,-12855733,DA_OI_Unlock_CraftExtendedBarrel,Extended Barrel Blueprint,Lets you craft an Extended Barrel
extended_heavy_mag_ii_blueprint,1361814509,DA_OI_Unlock_CraftExtendedHeavyMagII,Extended Heavy Mag II Blueprint,Lets you craft an Extended Heavy Mag II
extended_heavy_mag_iii_blueprint,-1657831623,DA_OI_Unlock_CraftExtendedHeavyMagIII,Extended Heavy Mag III Blueprint,Lets you craft an Extended Heavy Mag III
extended_light_mag_ii_blueprint,686731287,DA_OI_Unlock_CraftExtendedLightMagII,Extended Light Mag II Blueprint,Lets you craft an Extended Light Mag II
extended_light_mag_iii_blueprint,1249311809,DA_OI_Unlock_CraftExtendedLightMagIII,Extended Light Mag III Blueprint,Lets you craft an Extended Light Mag III
extended_medium_mag_ii_blueprint,1685354223,DA_OI_Unlock_CraftExtendedMediumMagII,Extended Medium Mag II Blueprint,Lets you craft an Extended Medium Mag II
extended_medium_mag_iii_blueprint,1042923286,DA_OI_Unlock_CraftExtendedMediumMagIII,Extended Medium Mag III Blueprint,Lets you craft an Extended Medium Mag III
extended_shotgun_mag_ii_blueprint,1237171517,DA_OI_Unlock_CraftExtendedShotgunMagII,Extended Shotgun Mag II Blueprint,
extended_shotgun_mag_iii_blueprint,-2025344611,DA_OI_Unlock_CraftExtendedShotgunMagIII,Extended Shotgun Mag III Blueprint,
fireworks_box_blueprint,302973322,DA_OI_Unlock_CraftFireworksBox,Fireworks Box Blueprint,
gas_grenade_blueprint,2020602195,DA_OI_Unlock_CraftGasGrenade,Gas Grenade Blueprint,Lets you craft a Gas Grenade
gas_mine_blueprint,614092262,DA_OI_Unlock_CraftGasMine,Gas Mine Blueprint,Lets you craft a Gas Mine
green_light_stick_blueprint,-1389069418,DA_OI_Unlock_CraftGreenGlowstick,Green Light Stick Blueprint,Lets you craft a Light Stick
heavy_fuze_grenade_blueprint,-360306445,DA_OI_Unlock_CraftHeavyFuzeGrenade,Heavy Fuze Grenade Blueprint,Lets you craft a Heavy Fuze Grenade
heavy_gun_parts_blueprint,-964057226,DA_OI_Unlock_CraftHeavyGunParts,Heavy Gun Parts Blueprint,Lets you craft Heavy Gun Parts
seeker_grenade_blueprint,40017501,DA_OI_Unlock_CraftHomingMissileGrenade,Seeker Grenade Blueprint,Lets you craft a Seeker Grenade
hullcracker_blueprint,59893416,DA_OI_Unlock_CraftHullcracker,Hullcracker Blueprint,Lets you craft a Hullcracker
il_toro_blueprint,1936847679,DA_OI_Unlock_CraftIlToro,Il Toro Blueprint,Lets you craft an Il Toro
pulse_mine_blueprint,-937208525,DA_OI_Unlock_CraftImpulseMine,Pulse Mine Blueprint,Lets you craft a Pulse Mine
jolt_mine_blueprint,1736836885,DA_OI_Unlock_CraftJoltMine,Jolt Mine Blueprint,Lets you craft a Jolt Mine
explosive_mine_blueprint,-1295524363,DA_OI_Unlock_CraftJumpMine,Explosive Mine Blueprint,Lets you craft an Explosive Mine
jupiter_blueprint,1881542680,DA_OI_Unlock_CraftJupiter,Jupiter Blueprint,Lets you craft a Jupiter
light_gun_parts_blueprint,175876657,DA_OI_Unlock_CraftLightGunParts,Light Gun Parts Blueprint,Lets you craft Light Gun Parts
lightweight_stock_blueprint,651368508,DA_OI_Unlock_CraftLightweightStock,Lightweight Stock Blueprint,Lets you craft a Lightweight Stock
looting_mk_3_survivor_blueprint,2012717296,DA_OI_Unlock_CraftLootingAgumentT3DBNO,Looting Mk. 3 (Survivor) Blueprint,
lure_grenade_blueprint,-801495741,DA_OI_Unlock_CraftLureGrenade,Lure Grenade Blueprint,Lets you craft a Lure Grenade
medium_gun_parts_blueprint,756742443,DA_OI_Unlock_CraftMediumGunParts,Medium Gun Parts Blueprint,Lets you craft Medium Gun Parts
mod_components_blueprint,95601247,DA_OI_Unlock_CraftModComponents,Mod Components Blueprint,Lets you craft Mod Components
muzzle_brake_ii_blueprint,-157133671,DA_OI_Unlock_CraftMuzzleBrakeII,Muzzle Brake II Blueprint,Lets you craft a Muzzle Brake II
muzzle_brake_iii_blueprint,-365144095,DA_OI_Unlock_CraftMuzzleBrakeIII,Muzzle Brake III Blueprint,Lets you craft a Muzzle Brake III
osprey_blueprint,-416709269,DA_OI_Unlock_CraftOsprey,Osprey Blueprint,Lets you craft an Osprey
padded_stock_blueprint,-1579789796,DA_OI_Unlock_CraftPaddedStock,Padded Stock Blueprint,Lets you craft a Padded Stock
photoelectric_cloak_blueprint,-1641712795,DA_OI_Unlock_CraftPhotoelectricCloak,Photoelectric Cloak Blueprint,Lets you craft a Photoelectric Cloak
powered_descender_blueprint,-894917334,DA_OI_Unlock_CraftPoweredDescender,Powered Descender Blueprint,Lets you craft a Powered Descender
power_rod_blueprint,-623438508,DA_OI_Unlock_CraftPowerRod,Power Rod Blueprint,Lets you craft a Power Rod
raider_mk_4_revival_blueprint,751299797,DA_OI_Unlock_CraftRaiderAugmentT4Revival,Raider Mk. 4 (Revival) Blueprint,
raider_mk_4_safekeeper_blueprint,367109846,DA_OI_Unlock_CraftRaiderAugmentT4Safekeeper,Raider Mk. 4 (Safekeeper) Blueprint,
rattler_blueprint,1468203051,DA_OI_Unlock_CraftRattler,Rattler Blueprint,Lets you craft a Rattler
red_light_stick_blueprint,1992886157,DA_OI_Unlock_CraftRedGlowstick,Red Light Stick Blueprint,Lets you craft a Red Light Stick
remote_raider_flare_blueprint,-1902161080,DA_OI_Unlock_CraftRemoteRaiderFlair,Remote Raider Flare Blueprint,Lets you craft a Remote Raider Flair
remote_raider_flare_blueprint,123865075,DA_OI_Unlock_CraftRemoteRaiderFlare,Remote Raider Flare Blueprint,Lets you craft a Remote Raider Flair
renegade_blueprint,-716656556,DA_OI_Unlock_CraftRenegade,Renegade Blueprint,Lets you craft a Renegade
shield_recharger_blueprint,1739027894,DA_OI_Unlock_CraftShieldRecharger,Shield Recharger Blueprint,Lets you craft a Shield Recharger
shotgun_choke_ii_blueprint,-1390739979,DA_OI_Unlock_CraftShotgunChokeII,Shotgun Choke II Blueprint,Lets you craft a Shotgun Choke II
shotgun_choke_iii_blueprint,1435428724,DA_OI_Unlock_CraftShotgunChokeIII,Shotgun Choke III Blueprint,Lets you craft a Shotgun Choke III
shotgun_parts_blueprint,1959902024,DA_OI_Unlock_CraftShotgunParts,Shotgun Parts Blueprint,Lets you craft a Shotgun Parts
shotgun_silencer_blueprint,-1780991008,DA_OI_Unlock_CraftShotgunSilencer,Shotgun Silencer Blueprint,Lets you craft a Shotgun Silencer
showstopper_blueprint,466149401,DA_OI_Unlock_CraftShowstopper,Showstopper Blueprint,Lets you craft a Showstopper
silencer_i_blueprint,-1010295066,DA_OI_Unlock_CraftSilencerI,Silencer I Blueprint,Lets you craft a Silencer I
silencer_ii_blueprint,-663779021,DA_OI_Unlock_CraftSilencerII,Silencer II Blueprint,Lets you craft a Silencer II
smoke_grenade_blueprint,-803736734,DA_OI_Unlock_CraftSmokeGrenade,Smoke Grenade Blueprint,Lets you craft a Smoke Grenade
snap_blast_blueprint,2138756039,DA_OI_Unlock_CraftSnapBlast,Snap Blast Blueprint,Lets you craft a Snap Blast
snap_hook_blueprint,-531703784,DA_OI_Unlock_CraftSnapHook,Snap Hook Blueprint,Lets you craft a Snap Hook
stable_stock_ii_blueprint,-870082893,DA_OI_Unlock_CraftStableStockII,Stable Stock II Blueprint,Lets you craft a Stable Stock II
stable_stock_iii_blueprint,-306697197,DA_OI_Unlock_CraftStableStockIII,Stable Stock III Blueprint,Lets you craft a Stable Stock III
sterilized_bandage_blueprint,645449183,DA_OI_Unlock_CraftSterilizedBandage,Sterilized Bandage Blueprint,Lets you craft a Sterilized Bandage
surge_coil_blueprint,627013108,DA_OI_Unlock_CraftSurgeCoil,Surge Coil Blueprint,
tagging_grenade_blueprint,-1190614673,DA_OI_Unlock_CraftTaggingGrenade,Tagging Grenade Blueprint,Lets you craft a Tagging Grenade
tempest_blueprint,-1981166839,DA_OI_Unlock_CraftTempest,Tempest Blueprint,Lets you craft a Tempest
deadline_blueprint,638715068,DA_OI_Unlock_CraftTimedMine,Deadline Blueprint,Lets you craft a Deadline
torrente_blueprint,-55292130,DA_OI_Unlock_CraftTorrente,Torrente Blueprint,Lets you craft a Torrente
trailblazer_blueprint,-1713082013,DA_OI_Unlock_CraftTrailBlazer,Trailblazer Blueprint,Lets you craft a Trailblazer
trigger_nade_blueprint,-915275875,DA_OI_Unlock_CraftTriggerNade,Trigger Nade Blueprint,Lets you craft a Trigger 'Nade
tactical_mk_3_defensive_blueprint,-1640506554,DA_OI_Unlock_CraftUtilityAgumentT3Defensive,Tactical Mk. 3 (Defensive) Blueprint,
tactical_mk_3_healing_blueprint,1302277907,DA_OI_Unlock_CraftUtilityAgumentT3Healing,Tactical Mk. 3 (Healing) Blueprint,
tactical_mk3_smoke_blueprint,28032992,DA_OI_Unlock_CraftUtilityAugmentT3Smoke,Tactical Mk.3 (Smoke) Blueprint,
venator_blueprint,1923878358,DA_OI_Unlock_CraftVenator,Venator Blueprint,Lets you craft a Venator
vertical_grip_ii_blueprint,1429254806,DA_OI_Unlock_CraftVerticalGripII,Vertical Grip II Blueprint,Lets you craft a Vertical Grip II
vertical_grip_iii_blueprint,-895252912,DA_OI_Unlock_CraftVerticalGripIII,Vertical Grip III Blueprint,Lets you craft a Vertical Grip III
vita_shot_blueprint,-1954932051,DA_OI_Unlock_CraftVitaShot,Vita Shot Blueprint,Lets you craft a Vita Shot
vita_spray_blueprint,-2117381160,DA_OI_Unlock_CraftVitaSpray,Vita Spray Blueprint,Lets you craft a Vita Spray
vulcano_blueprint,2120820417,DA_OI_Unlock_CraftVulcano,Vulcano Blueprint,Lets you craft a Vulcano
white_flag_blueprint,-1409265407,DA_OI_Unlock_CraftWhiteFlag,White Flag Blueprint,Lets you craft a White Flag
wolfpack_blueprint,1626855254,DA_OI_Unlock_CraftWolfPack,Wolfpack Blueprint,Lets you craft a Wolfpack
yellow_light_stick_blueprint,-384208594,DA_OI_Unlock_CraftYellowGlowstick,Yellow Light Stick Blueprint,Lets you craft a Yellow Light Stick
zipline_blueprint,675411334,DA_OI_Unlock_CraftZipLine,Zipline Blueprint,
oiunlocklevel12,-1032535842,DA_OI_Unlock_Level12,,
oiunlocklevel20,1836847602,DA_OI_Unlock_Level20,,
oiunlocklevel7,-1678592007,DA_OI_Unlock_Level7,,
oiunlockliveeventsrounds,852581024,DA_OI_Unlock_LiveEvents_Rounds,,
oiunlockpracticerangerounds,-904901659,DA_OI_Unlock_PracticeRange_Rounds,,
oiunlockraiderprojectavianalarmrounds,95563781,DA_OI_Unlock_RaiderProject_AvianAlarm_Rounds,,
oiunlockraiderprojectsatellitedishrounds,-2010176884,DA_OI_Unlock_RaiderProject_SatelliteDish_Rounds,,
oiunlockraiderprojecttrophydisplayrounds,-1637494236,DA_OI_Unlock_RaiderProject_TrophyDisplay_Rounds,,
oiunlockraiderprojectweathermonitorrounds,352082497,DA_OI_Unlock_RaiderProject_WeatherMonitor_Rounds,,
oiunlockriventidesrounds,-990509864,DA_OI_Unlock_RivenTidesRounds,,
oiunlockspaceportrounds,-748382408,DA_OI_Unlock_Spaceport_Rounds,,
oiunlockstellamontisrounds,312047434,DA_OI_Unlock_StellaMontis_Rounds,,
oiunlockunlock10rounds,-2022071887,DA_OI_Unlock_Unlock10Rounds,,
oiunlockunlock11rounds,-238817754,DA_OI_Unlock_Unlock11Rounds,,
oiunlockunlock12rounds,1738689812,DA_OI_Unlock_Unlock12Rounds,,
oiunlockunlock1round,-725866263,DA_OI_Unlock_Unlock1Round,,
oiunlockunlock2rounds,838464867,DA_OI_Unlock_Unlock2Rounds,,
oiunlockunlock3rounds,-294046270,DA_OI_Unlock_Unlock3Rounds,,
oiunlockunlock4rounds,1632907849,DA_OI_Unlock_Unlock4Rounds,,
oiunlockunlock5rounds,-1356312230,DA_OI_Unlock_Unlock5Rounds,,
oiunlockunlock6rounds,-1663566435,DA_OI_Unlock_Unlock6Rounds,,
oiunlockunlock7rounds,702257828,DA_OI_Unlock_Unlock7Rounds,,
oiunlockunlock8rounds,-654814578,DA_OI_Unlock_Unlock8Rounds,,
oiunlockunlock9rounds,876020726,DA_OI_Unlock_Unlock9Rounds,,
oiunlockunlockcodexrounds,-1655837354,DA_OI_Unlock_UnlockCodex_Rounds,,
oiunlockunlockexpeditions,1882538420,DA_OI_Unlock_UnlockExpeditions,,
oiunlockunlockexpeditionslevel,1252663424,DA_OI_Unlock_UnlockExpeditions_Level,,
oiunlockunlocklonewolf,-249926565,DA_OI_Unlock_UnlockLoneWolf,,
oiunlockunlockmastery,1091875246,DA_OI_Unlock_UnlockMastery,,
oiunlockunlockmasterylevel,704592008,DA_OI_Unlock_UnlockMastery_Level,,
oiunlockunlockofferstier1level,-500614359,DA_OI_Unlock_UnlockOffersTier1_Level,,
oiunlockunlockofferstier2level,-1576971155,DA_OI_Unlock_UnlockOffersTier2_Level,,
oiunlockunlockofferstier3level,492330381,DA_OI_Unlock_UnlockOffersTier3_Level,,
oiworkshoproomslot,501,DA_OI_Workshop_RoomSlot,,
oiworkshoprooma01,-725542566,DA_OI_Workshop_Room_A_01,,
oiworkshoproomb01,-159098122,DA_OI_Workshop_Room_B_01,,
oiworkshoproomc01,-1462300809,DA_OI_Workshop_Room_C_01,,
oiworkshoproomd01,13529440,DA_OI_Workshop_Room_D_01,,
oiworkshoprootitem,-1264657974,DA_OI_Workshop_RootItem,,
persistencearmorxp,-1083540236,DA_Persistence_ArmorXP,,
persistencebattlepassgridlayoutlayout1,2009759482,DA_Persistence_BattlepassGridLayout_Layout_1,,
persistencebattlepassgridlayoutlayout51vh1v3,1256588356,DA_Persistence_BattlepassGridLayout_Layout_5_1VH_1V_3,,
persistencebattlepassgridlayoutlayout51v1vh03,981764183,DA_Persistence_BattlepassGridLayout_Layout_5_1V_1VH_03,,
persistencebattlepassgridlayoutlayout61vh5,-1535375243,DA_Persistence_BattlepassGridLayout_Layout_6_1VH_5,,
persistencebattlepassgridlayoutlayout62v1h3,637013238,DA_Persistence_BattlepassGridLayout_Layout_6_2V_1H_3,,
persistencebattlepassgridlayoutlayout621v3,-1962546082,DA_Persistence_BattlepassGridLayout_Layout_6_2_1V_3,,
persistencebattlepassgridlayoutlayout71h1v5,-807607752,DA_Persistence_BattlepassGridLayout_Layout_7_1H_1V_5,,
persistencebattlepassgridlayoutlayout71v1h5,1651794331,DA_Persistence_BattlepassGridLayout_Layout_7_1V_1H_5,,
persistencebattlepassgridlayoutlayout72h5,1358020638,DA_Persistence_BattlepassGridLayout_Layout_7_2H_5,,
persistencebattlepassgridlayoutlayout72v5,2073606973,DA_Persistence_BattlepassGridLayout_Layout_7_2V_5,,
persistencebattlepassgridlayoutlayout72v52,422572687,DA_Persistence_BattlepassGridLayout_Layout_7_2V_5_2,,
persistencebattlepassgridlayoutlayout72v53,-532917507,DA_Persistence_BattlepassGridLayout_Layout_7_2V_5_3,,
persistencebattlepassgridlayoutlayout81h7,-2037595939,DA_Persistence_BattlepassGridLayout_Layout_8_1H_7,,
persistencebattlepassgridlayoutlayout81v7,-1381670029,DA_Persistence_BattlepassGridLayout_Layout_8_1V_7,,
persistencebattlepassgridlayoutlayout9,1438478150,DA_Persistence_BattlepassGridLayout_Layout_9,,
persistencebilguuncharacterxp,1111130253,DA_Persistence_Bilguun_CharacterXP,,
persistencecareerxp,-431251557,DA_Persistence_CareerXP,,
persistencecelestecharacterxp,-1911953327,DA_Persistence_Celeste_CharacterXP,,
traveling_tinkerer,-1837396810,DA_CharacterSkill_BonusFieldCraftRecipes,Traveling Tinkerer,
broad_shoulders,-315200245,DA_CharacterSkill_CarryWeightIncrease,Broad Shoulders,+{0} Carry Weight
nimble_climber,-1964366385,DA_CharacterSkill_ClimbSpeed,Nimble Climber,{0}% Increased Climb Speed
suffer_in_silence,-490615165,DA_CharacterSkill_CriticalHealthMovementNoise,Suffer In Silence,
just_another_plant,293660876,DA_CharacterSkill_CrouchedImpairedAIVisibility,Just Another Plant,
revitalizing_squat,841973225,DA_CharacterSkill_CrouchedStaminaRegen,Revitalizing Squat,{0}% Increased Crouched Stamina Regen
agile_croucher,487458132,DA_CharacterSkill_CrouchSpeed,Agile Croucher,{0}% Increased Crouch Move Speed
crawl_before_you_walk,-194067812,DA_CharacterSkill_DBNOMovementSpeed,Crawl Before You Walk,{0}% Increased Downed Move Speed
effortless_roll,782183256,DA_CharacterSkill_DodgeRollStaminaCost,Effortless Roll,{0}% Reduced Dodge Roll Stamina Cost
looters_luck,-216088820,DA_CharacterSkill_DoubleLootReveal,Looter's Luck,{0}% Chance to Reveal Double Loot
three_deep_breaths,260984402,DA_CharacterSkill_ExhaustedStateExitThreshold,Three Deep Breaths,{0}% Reduced Exhausted State Time
sturdy_ankles,-838278801,DA_CharacterSkill_FallDamage,Sturdy Ankles,{0}% Reduced Fall Damage
one_raiders_scraps,990303217,DA_CharacterSkill_FieldCraftFind,One Raider's Scraps,{0}% Chance To Loot Field Craft Item
good_as_new,-1338374031,DA_CharacterSkill_HealingStaminaRegen,Good As New,{0}% Increased Stamina Regen
security_breach,1673354467,DA_CharacterSkill_LevelTwoBreach,Security Breach,
looters_instincts,882365006,DA_CharacterSkill_LootRevealSpeed,Looter's Instincts,{0}% Increased Loot Reveal Speed
youthful_lungs,-572130902,DA_CharacterSkill_MaxStamina,Youthful Lungs,+{0} Max Stamina
minesweeper,655822778,DA_CharacterSkill_MineDisarm,Minesweeper,
stubborn_mule,-648744166,DA_CharacterSkill_OverencumberedStaminaRegen,Stubborn Mule,+{0} Carry Weight Limit for Stamina Regen
ready_to_roll,-1751234875,DA_CharacterSkill_RecoveryRollWindow,Ready To Roll,{0}% Increased Recovery Roll Window
distracting_aura,1486004837,DA_CharacterSkill_ReducedAIAccuracy,Distracting Aura,
silent_scavenger,-1081018347,DA_CharacterSkill_ReducedLootingNoise,Silent Scavenger,{0}% Reduced Looting Noise
slip_and_slide,1884073680,DA_CharacterSkill_SlideFriction,Slip and Slide,{0}% Reduced Friction While Sliding
heroic_leap,-1836746099,DA_CharacterSkill_SprintDodgeRollDistance,Heroic Leap,{0}% Increased Sprint Dodge Roll Distance
carry_the_momentum,1589526333,DA_CharacterSkill_SprintDodgeRollSprintStamina,Carry The Momentum,
vaults_on_vaults_on_vaults,-790296655,DA_CharacterSkill_StaminaFreeVault,Vaults on Vaults on Vaults,
marathon_runner,-1006467082,DA_CharacterSkill_TraversalStaminaCost,Marathon Runner,{0}% Reduced Traversal Stamina Cost
in_round_crafting,1074497428,DA_CharacterSkill_UnlockFieldCraft,In-Round Crafting,
vault_spring,-1223360325,DA_CharacterSkill_VaultSpring,Vault Spring,
calming_stroll,289493464,DA_CharacterSkill_WalkingStaminaRegen,Calming Stroll,
off_the_wall,-1947610892,DA_CharacterSkill_WallLeapDistance,Off The Wall,{0}% Increased Wall Leap Distance
unrestricted_safe_pocket,-809315584,DA_Persistence_CharacterSkill_XLSafePocket,Unrestricted Safe Pocket,A Safe Pocket that allows any item to be stored.
persistenceclanbackground1,122658579,DA_Persistence_Clan_Background_1,,
persistenceclanbackground2,-342953325,DA_Persistence_Clan_Background_2,,
persistenceclanbackground3,-22306930,DA_Persistence_Clan_Background_3,,
persistenceclanbackground4,-225329352,DA_Persistence_Clan_Background_4,,
persistenceclanbackground5,1644101363,DA_Persistence_Clan_Background_5,,
persistenceclanborder1,-1845698516,DA_Persistence_Clan_Border_1,,
persistenceclanborder2,733315849,DA_Persistence_Clan_Border_2,,
persistenceclanborder3,1387450870,DA_Persistence_Clan_Border_3,,
persistenceclanborder4,219809817,DA_Persistence_Clan_Border_4,,
persistenceclanborder5,-987995204,DA_Persistence_Clan_Border_5,,
persistenceclanlogo1,2017887510,DA_Persistence_Clan_Logo_1,,
persistenceclanlogo2,1646223559,DA_Persistence_Clan_Logo_2,,
persistenceclanlogo3,86572884,DA_Persistence_Clan_Logo_3,,
persistenceclanlogo4,80243895,DA_Persistence_Clan_Logo_4,,
vigorous_vaulter,-271729785,DA_CharacterSkill_DisableExhaustedVault,Vigorous Vaulter,
persistencefirearmxp,1956168178,DA_Persistence_FirearmXP,,
persistencegenericmediaarcbombardierentrytile,-1918890564,DA_Persistence_GenericMedia_ARC_Bombardier_EntryTile,,
persistencegenericmediaarcbombardierlandscape,517187844,DA_Persistence_GenericMedia_ARC_Bombardier_Landscape,,
persistencegenericmediaarchornet,969299433,DA_Persistence_GenericMedia_ARC_Hornet,,
persistencegenericmediaarcrocketeer,-1870669852,DA_Persistence_GenericMedia_ARC_Rocketeer,,
persistencegenericmediaarcsentinelentrytile,2006174652,DA_Persistence_GenericMedia_ARC_Sentinel_EntryTile,,
persistencegenericmediaarcsentinellandscape,69747047,DA_Persistence_GenericMedia_ARC_Sentinel_Landscape,,
persistencegenericmediaarcshredderlandscape,-1426096689,DA_Persistence_GenericMedia_ARC_Shredder_Landscape,,
persistencegenericmediaarcsnitchentrytile,-1077958662,DA_Persistence_GenericMedia_ARC_Snitch_EntryTile,,
persistencegenericmediaarcstellamontisentrytile,-1880716855,DA_Persistence_GenericMedia_ARC_StellaMontis_EntryTile,,
persistencegenericmediaarcstellamontislandscape,342560930,DA_Persistence_GenericMedia_ARC_StellaMontis_Landscape,,
persistencegenericmediaarcvaporizerentrytile,1231288812,DA_Persistence_GenericMedia_ARC_Vaporizer_EntryTile,,
persistencegenericmediaarcvaporizerlandscape,283518005,DA_Persistence_GenericMedia_ARC_Vaporizer_Landscape,,
persistencegenericmediaarcwaterworksentrytile,287387502,DA_Persistence_GenericMedia_ARC_WaterWorks_EntryTile,,
persistencegenericmediaarcwaterworkslandscape,873823191,DA_Persistence_GenericMedia_ARC_WaterWorks_Landscape,,
persistencegenericmediacelestelandscape,-850034219,DA_Persistence_GenericMedia_Celeste_Landscape,,
persistencegenericmediacelesteportrait,-936329290,DA_Persistence_GenericMedia_Celeste_Portrait,,
persistencegenericmediacelestesquare,-1301807680,DA_Persistence_GenericMedia_Celeste_Square,,
persistencegenericmediacodexacerraspaceportentrytile,2055237781,DA_Persistence_GenericMedia_Codex_AcerraSpaceport_EntryTile,,
persistencegenericmediacodexacerraspaceportlandscape,-1476676118,DA_Persistence_GenericMedia_Codex_AcerraSpaceport_Landscape,,
persistencegenericmediacodexalcantaradamentrytile,-1884771443,DA_Persistence_GenericMedia_Codex_AlcantaraDam_EntryTile,,
persistencegenericmediacodexalcantaradamlandscape,399809120,DA_Persistence_GenericMedia_Codex_AlcantaraDam_Landscape,,
persistencegenericmediacodexandroidsentrytile,1068853025,DA_Persistence_GenericMedia_Codex_Androids_EntryTile,,
persistencegenericmediacodexandroidslandscape,-187149184,DA_Persistence_GenericMedia_Codex_Androids_Landscape,,
persistencegenericmediacodexapollo,432548954,DA_Persistence_GenericMedia_Codex_Apollo,,
persistencegenericmediacodexapolloalt,-2106962698,DA_Persistence_GenericMedia_Codex_Apollo_Alt,,
persistencegenericmediacodexapollomediafreeform,-928599955,DA_Persistence_GenericMedia_Codex_Apollo_Media_FreeForm,,
persistencegenericmediacodexarccourierentrytile,-1596986663,DA_Persistence_GenericMedia_Codex_ARCCourier_EntryTile,,
persistencegenericmediacodexarccourierlandscape,753039467,DA_Persistence_GenericMedia_Codex_ARCCourier_Landscape,,
persistencegenericmediacodexarcassessorentrytile,99411743,DA_Persistence_GenericMedia_Codex_ARC_Assessor_EntryTile,,
persistencegenericmediacodexarcassessorlandscape,-801871154,DA_Persistence_GenericMedia_Codex_ARC_Assessor_Landscape,,
persistencegenericmediacodexarccategorytile,-193905437,DA_Persistence_GenericMedia_Codex_ARC_CategoryTile,,
persistencegenericmediacodexarccometentrytile,-1578259037,DA_Persistence_GenericMedia_Codex_ARC_Comet_EntryTile,,
persistencegenericmediacodexarccometlandscape,-505154361,DA_Persistence_GenericMedia_Codex_ARC_Comet_Landscape,,
persistencegenericmediacodexarcentrytile,1837448349,DA_Persistence_GenericMedia_Codex_ARC_EntryTile,,
persistencegenericmediacodexarcfireballentrytile,-1361410781,DA_Persistence_GenericMedia_Codex_ARC_FireBall_EntryTile,,
persistencegenericmediacodexarcfireballlandscape,-1550654410,DA_Persistence_GenericMedia_Codex_ARC_Fireball_Landscape,,
persistencegenericmediacodexarcfireflyentrytile,-1202012233,DA_Persistence_GenericMedia_Codex_ARC_Firefly_EntryTile,,
persistencegenericmediacodexarcfireflylandscape,-210387100,DA_Persistence_GenericMedia_Codex_ARC_Firefly_Landscape,,
persistencegenericmediacodexarcharvesterentrytile,-884513042,DA_Persistence_GenericMedia_Codex_ARC_Harvester_EntryTile,,
persistencegenericmediacodexarcharvesterlandscape,-1525001224,DA_Persistence_GenericMedia_Codex_ARC_Harvester_Landscape,,
persistencegenericmediacodexarchornetentrytile,-579542719,DA_Persistence_GenericMedia_Codex_ARC_Hornet_EntryTile,,
persistencegenericmediacodexarchornetlandscape,2088700011,DA_Persistence_GenericMedia_Codex_ARC_Hornet_Landscape,,
persistencegenericmediacodexarclandscape,1199304116,DA_Persistence_GenericMedia_Codex_ARC_Landscape,,
persistencegenericmediacodexarcleaperentrytile,114084203,DA_Persistence_GenericMedia_Codex_ARC_Leaper_EntryTile,,
persistencegenericmediacodexarcleaperlandscape,-1897453813,DA_Persistence_GenericMedia_Codex_ARC_Leaper_Landscape,,
persistencegenericmediacodexarcmonolithentrytile,358447414,DA_Persistence_GenericMedia_Codex_ARC_Monolith_EntryTile,,
persistencegenericmediacodexarcmonolithlandscape,1089202879,DA_Persistence_GenericMedia_Codex_ARC_Monolith_Landscape,,
persistencegenericmediacodexarcpopentrytile,2143741041,DA_Persistence_GenericMedia_Codex_ARC_Pop_EntryTile,,
persistencegenericmediacodexarcpoplandscape,1516939749,DA_Persistence_GenericMedia_Codex_ARC_Pop_Landscape,,
persistencegenericmediacodexarcprobeentrytile,1067823904,DA_Persistence_GenericMedia_Codex_ARC_Probe_EntryTile,,
persistencegenericmediacodexarcprobelandscape,610685240,DA_Persistence_GenericMedia_Codex_ARC_Probe_Landscape,,
persistencegenericmediacodexarcqueenentrytile,1150951587,DA_Persistence_GenericMedia_Codex_ARC_Queen_EntryTile,,
persistencegenericmediacodexarcqueenlandscape,-1846717383,DA_Persistence_GenericMedia_Codex_ARC_Queen_Landscape,,
persistencegenericmediacodexarcrocketeerentrytile,-980625404,DA_Persistence_GenericMedia_Codex_ARC_Rocketeer_EntryTile,,
persistencegenericmediacodexarcrocketeerlandscape,-1331287540,DA_Persistence_GenericMedia_Codex_ARC_Rocketeer_Landscape,,
persistencegenericmediacodexarcshredderentrytile,1693950036,DA_Persistence_GenericMedia_Codex_ARC_Shredder_EntryTile,,
persistencegenericmediacodexarcsnitchentrytile,-389206442,DA_Persistence_GenericMedia_Codex_ARC_Snitch_EntryTile,,
persistencegenericmediacodexarcsnitchlandscape,-1874538905,DA_Persistence_GenericMedia_Codex_ARC_Snitch_Landscape,,
persistencegenericmediacodexarcspotterentrytile,-994192230,DA_Persistence_GenericMedia_Codex_ARC_Spotter_EntryTile,,
persistencegenericmediacodexarcspotterlandscape,-601620525,DA_Persistence_GenericMedia_Codex_ARC_Spotter_Landscape,,
persistencegenericmediacodexarcsurvevorentrytile,-605509253,DA_Persistence_GenericMedia_Codex_ARC_Survevor_EntryTile,,
persistencegenericmediacodexarcsurvevorlandscape,1669099786,DA_Persistence_GenericMedia_Codex_ARC_Survevor_Landscape,,
persistencegenericmediacodexarcticksentrytile,-951166705,DA_Persistence_GenericMedia_Codex_ARC_Ticks_EntryTile,,
persistencegenericmediacodexarctickslandscape,-238549460,DA_Persistence_GenericMedia_Codex_ARC_Ticks_Landscape,,
persistencegenericmediacodexarcturretentrytile,1294017316,DA_Persistence_GenericMedia_Codex_ARC_Turret_EntryTile,,
persistencegenericmediacodexarcturretlandscape,1434097587,DA_Persistence_GenericMedia_Codex_ARC_Turret_Landscape,,
persistencegenericmediacodexarcwaspentrytile,-654986751,DA_Persistence_GenericMedia_Codex_ARC_Wasp_EntryTile,,
persistencegenericmediacodexarcwasplandscape,1078848757,DA_Persistence_GenericMedia_Codex_ARC_Wasp_Landscape,,
persistencegenericmediacodexbaronentrytile,1930856542,DA_Persistence_GenericMedia_Codex_Baron_EntryTile,,
persistencegenericmediacodexbaronlandscape,1693503710,DA_Persistence_GenericMedia_Codex_Baron_Landscape,,
persistencegenericmediacodexbastionentrytile,1175552035,DA_Persistence_GenericMedia_Codex_Bastion_EntryTile,,
persistencegenericmediacodexbastionlandscape,-1074265459,DA_Persistence_GenericMedia_Codex_Bastion_Landscape,,
persistencegenericmediacodexbilguunshideoutentrytile,1556998549,DA_Persistence_GenericMedia_Codex_BilguunsHideout_EntryTile,,
persistencegenericmediacodexbilguunshideoutlandscape,597456350,DA_Persistence_GenericMedia_Codex_BilguunsHideout_Landscape,,
persistencegenericmediacodexbluegateentrytile,545409327,DA_Persistence_GenericMedia_Codex_BlueGate_EntryTile,,
persistencegenericmediacodexbluegateentrytiles,-387095925,DA_Persistence_GenericMedia_Codex_BlueGate_EntryTiles,,
persistencegenericmediacodexbluegatelandscape,-1254346326,DA_Persistence_GenericMedia_Codex_BlueGate_Landscape,,
persistencegenericmediacodexceleste,956389809,DA_Persistence_GenericMedia_Codex_Celeste,,
persistencegenericmediacodexcelestemediafreeform,-1906604181,DA_Persistence_GenericMedia_Codex_Celeste_Media_FreeForm,,
persistencegenericmediacodexcelestemedialandscape,-53044259,DA_Persistence_GenericMedia_Codex_Celeste_Media_Landscape,,
persistencegenericmediacodexdefaultnoimage,207067434,DA_Persistence_GenericMedia_Codex_Default_NoImage,,
persistencegenericmediacodexexodusentrytile,-985568281,DA_Persistence_GenericMedia_Codex_Exodus_EntryTile,,
persistencegenericmediacodexexoduslandscape,762030025,DA_Persistence_GenericMedia_Codex_Exodus_Landscape,,
persistencegenericmediacodexhistorycategorytile,210908777,DA_Persistence_GenericMedia_Codex_History_CategoryTile,,
persistencegenericmediacodexhistorydeforesterentrytile,-849255627,DA_Persistence_GenericMedia_Codex_History_Deforester_EntryTile,,
persistencegenericmediacodexhistorydeforesterlandscape,-774008973,DA_Persistence_GenericMedia_Codex_History_Deforester_Landscape,,
persistencegenericmediacodexhistorymajoraivaentrytile,75039200,DA_Persistence_GenericMedia_Codex_History_MajorAiva_EntryTile,,
persistencegenericmediacodexhistorymajoraivalandscape,-747292226,DA_Persistence_GenericMedia_Codex_History_MajorAiva_Landscape,,
persistencegenericmediacodexhistoryraidercampsentrytile,-1837307801,DA_Persistence_GenericMedia_Codex_History_RaiderCamps_EntryTile,,
persistencegenericmediacodexhistoryraidercampslandscape,-1746723886,DA_Persistence_GenericMedia_Codex_History_RaiderCamps_Landscape,,
persistencegenericmediacodexhistorysettlersentrytile,-1163702706,DA_Persistence_GenericMedia_Codex_History_Settlers_EntryTile,,
persistencegenericmediacodexhistorysettlerslandscape,958164154,DA_Persistence_GenericMedia_Codex_History_Settlers_Landscape,,
persistencegenericmediacodexhistorysunriseentrytile,-888526520,DA_Persistence_GenericMedia_Codex_History_Sunrise_EntryTile,,
persistencegenericmediacodexhistorysunriselandscape,1311428796,DA_Persistence_GenericMedia_Codex_History_Sunrise_Landscape,,
persistencegenericmediacodexhistorythebattlesofvictoryentrytile,-1931214558,DA_Persistence_GenericMedia_Codex_History_TheBattlesOfVictory_EntryTile,,
persistencegenericmediacodexhistorythebattlesofvictorylandscape,-65337537,DA_Persistence_GenericMedia_Codex_History_TheBattlesOfVictory_Landscape,,
persistencegenericmediacodexhistorythecollapseentrytile,1763422064,DA_Persistence_GenericMedia_Codex_History_TheCollapse_EntryTile,,
persistencegenericmediacodexhistorythecollapselandscape,1841599022,DA_Persistence_GenericMedia_Codex_History_TheCollapse_Landscape,,
persistencegenericmediacodexhistorythefirstwaveentrytile,-1190514378,DA_Persistence_GenericMedia_Codex_History_TheFirstWave_EntryTile,,
persistencegenericmediacodexhistorythefirstwavelandscape,1572461426,DA_Persistence_GenericMedia_Codex_History_TheFirstWave_Landscape,,
persistencegenericmediacodexhistorythesecondwaveentrytile,1329507660,DA_Persistence_GenericMedia_Codex_History_TheSecondWave_EntryTile,,
persistencegenericmediacodexhistorythesecondwavelandscape,104507909,DA_Persistence_GenericMedia_Codex_History_TheSecondWave_Landscape,,
persistencegenericmediacodexlance,241835016,DA_Persistence_GenericMedia_Codex_Lance,,
persistencegenericmediacodexlancemediafreeform,744730967,DA_Persistence_GenericMedia_Codex_Lance_Media_FreeForm,,
persistencegenericmediacodexmatriatchentrytile,908790522,DA_Persistence_GenericMedia_Codex_Matriatch_EntryTile,,
persistencegenericmediacodexmatriatchlandscape,-1420450604,DA_Persistence_GenericMedia_Codex_Matriatch_Landscape,,
persistencegenericmediacodexpeoplecategorytile,-1949205660,DA_Persistence_GenericMedia_Codex_People_CategoryTile,,
persistencegenericmediacodexpeoplerustbeltmutinyentrytile,-343652841,DA_Persistence_GenericMedia_Codex_People_RustBeltMutiny_EntryTile,,
persistencegenericmediacodexpeoplerustbeltmutinylandscape,-912100181,DA_Persistence_GenericMedia_Codex_People_RustBeltMutiny_Landscape,,
persistencegenericmediacodexpeoplestellamontisresearchersentrytile,-1791147166,DA_Persistence_GenericMedia_Codex_People_StellaMontisResearchers_EntryTile,,
persistencegenericmediacodexpeoplestellamontisresearcherslandscape,-981663546,DA_Persistence_GenericMedia_Codex_People_StellaMontisResearchers_Landscape,,
persistencegenericmediacodexprojectevergreenentrytile,1023762975,DA_Persistence_GenericMedia_Codex_ProjectEvergreen_EntryTile,,
persistencegenericmediacodexprojectevergreenlandscape,-130064930,DA_Persistence_GenericMedia_Codex_ProjectEvergreen_Landscape,,
persistencegenericmediacodexsecurityentrytile,1149760852,DA_Persistence_GenericMedia_Codex_Security_EntryTile,,
persistencegenericmediacodexsecuritylandscape,702878226,DA_Persistence_GenericMedia_Codex_Security_Landscape,,
persistencegenericmediacodexshani,1959404231,DA_Persistence_GenericMedia_Codex_Shani,,
persistencegenericmediacodexshanimediafreeform,313843683,DA_Persistence_GenericMedia_Codex_Shani_Media_FreeForm,,
persistencegenericmediacodexstrangeglyphentrytile,-1909063951,DA_Persistence_GenericMedia_Codex_StrangeGlyph_EntryTile,,
persistencegenericmediacodexstrangeglyphlandscape,-821147913,DA_Persistence_GenericMedia_Codex_StrangeGlyph_Landscape,,
persistencegenericmediacodexthetremorsentrytile,2040862971,DA_Persistence_GenericMedia_Codex_TheTremors_EntryTile,,
persistencegenericmediacodexthetremorslandscape,1867863914,DA_Persistence_GenericMedia_Codex_TheTremors_Landscape,,
persistencegenericmediacodextianwen,537164689,DA_Persistence_GenericMedia_Codex_TianWen,,
persistencegenericmediacodextianwenmediafreeform,1010173524,DA_Persistence_GenericMedia_Codex_TianWen_Media_FreeForm,,
persistencegenericmediacodextoledoblackmarketsentrytile,378197236,DA_Persistence_GenericMedia_Codex_Toledo_BlackMarkets_EntryTile,,
persistencegenericmediacodextoledoblackmarketslandscape,-1166238146,DA_Persistence_GenericMedia_Codex_Toledo_BlackMarkets_Landscape,,
persistencegenericmediacodextoledocargoelevatorsentrytile,888093068,DA_Persistence_GenericMedia_Codex_Toledo_CargoElevators_EntryTile,,
persistencegenericmediacodextoledocargoelevatorslandscape,1215568971,DA_Persistence_GenericMedia_Codex_Toledo_CargoElevators_Landscape,,
persistencegenericmediacodextoledocategorytile,1672876253,DA_Persistence_GenericMedia_Codex_Toledo_CategoryTile,,
persistencegenericmediacodextoledocategorytileentrytile,377808103,DA_Persistence_GenericMedia_Codex_Toledo_CategoryTile_EntryTile,,
persistencegenericmediacodextoledocategorytileentrytiles,45609265,DA_Persistence_GenericMedia_Codex_Toledo_CategoryTile_EntryTiles,,
persistencegenericmediacodextoledoelectricityentrytile,817383974,DA_Persistence_GenericMedia_Codex_Toledo_Electricity_EntryTile,,
persistencegenericmediacodextoledoelectricitylandscape,-902871663,DA_Persistence_GenericMedia_Codex_Toledo_Electricity_Landscape,,
persistencegenericmediacodextoledofielddepotentrytile,1975449651,DA_Persistence_GenericMedia_Codex_Toledo_FieldDepot_EntryTile,,
persistencegenericmediacodextoledofielddepotlandscape,273736921,DA_Persistence_GenericMedia_Codex_Toledo_FieldDepot_Landscape,,
persistencegenericmediacodextoledofoodcultivationentrytile,1928207788,DA_Persistence_GenericMedia_Codex_Toledo_FoodCultivation_EntryTile,,
persistencegenericmediacodextoledofoodcultivationlandscape,-64512094,DA_Persistence_GenericMedia_Codex_Toledo_FoodCultivation_Landscape,,
persistencegenericmediacodextoledoottmentrytile,-1395201051,DA_Persistence_GenericMedia_Codex_Toledo_OTTM_EntryTile,,
persistencegenericmediacodextoledoottmlandscape,344752994,DA_Persistence_GenericMedia_Codex_Toledo_OTTM_Landscape,,
persistencegenericmediacodextoledoraiderhatchesentrytile,617148067,DA_Persistence_GenericMedia_Codex_Toledo_RaiderHatches_EntryTile,,
persistencegenericmediacodextoledoraiderhatcheslandscape,692382223,DA_Persistence_GenericMedia_Codex_Toledo_RaiderHatches_Landscape,,
persistencegenericmediacodextoledosperanzaentrytile,-1442791895,DA_Persistence_GenericMedia_Codex_Toledo_Speranza_EntryTile,,
persistencegenericmediacodextoledosperanzalandscape,-2118490413,DA_Persistence_GenericMedia_Codex_Toledo_Speranza_Landscape,,
persistencegenericmediacodextoledosupplydropsentrytile,2101766213,DA_Persistence_GenericMedia_Codex_Toledo_SupplyDrops_EntryTile,,
persistencegenericmediacodextoledosupplydropslandscape,-380086697,DA_Persistence_GenericMedia_Codex_Toledo_SupplyDrops_Landscape,,
persistencegenericmediacodextoledothebackyardentrytile,-1063964946,DA_Persistence_GenericMedia_Codex_Toledo_TheBackyard_EntryTile,,
persistencegenericmediacodextoledothebackyardlandscape,1634686917,DA_Persistence_GenericMedia_Codex_Toledo_TheBackyard_Landscape,,
persistencegenericmediacodextoledotheraidersentrytile,-425674992,DA_Persistence_GenericMedia_Codex_Toledo_TheRaiders_EntryTile,,
persistencegenericmediacodextoledotheraiderslandscape,-386506445,DA_Persistence_GenericMedia_Codex_Toledo_TheRaiders_Landscape,,
persistencegenericmediacodextoledothetubesentrytile,988078154,DA_Persistence_GenericMedia_Codex_Toledo_TheTubes_EntryTile,,
persistencegenericmediacodextoledothetubeslandscape,-1270203673,DA_Persistence_GenericMedia_Codex_Toledo_TheTubes_Landscape,,
persistencegenericmediacodextoledotoledoentrytile,426279038,DA_Persistence_GenericMedia_Codex_Toledo_Toledo_EntryTile,,
persistencegenericmediacodextoledotoledolandscape,1311842128,DA_Persistence_GenericMedia_Codex_Toledo_Toledo_Landscape,,
persistencegenericmediacodextopsidebluegatenomadsentrytile,-1735250734,DA_Persistence_GenericMedia_Codex_Topside_BlueGateNomads_EntryTile,,
persistencegenericmediacodextopsidebluegatenomadsentrytiles,773003289,DA_Persistence_GenericMedia_Codex_Topside_BlueGateNomads_EntryTiles,,
persistencegenericmediacodextopsidebluegatenomadslandscape,-5604049,DA_Persistence_GenericMedia_Codex_Topside_BlueGateNomads_Landscape,,
persistencegenericmediacodextopsideburiedcityentrytile,2029900891,DA_Persistence_GenericMedia_Codex_Topside_BuriedCity_EntryTile,,
persistencegenericmediacodextopsideburiedcitylandscape,-357652447,DA_Persistence_GenericMedia_Codex_Topside_BuriedCity_Landscape,,
persistencegenericmediacodextopsidecategorytile,-1130837691,DA_Persistence_GenericMedia_Codex_Topside_CategoryTile,,
persistencegenericmediacodextopsidehydroponicdomesentrytile,1888321789,DA_Persistence_GenericMedia_Codex_Topside_HydroponicDomes_EntryTile,,
persistencegenericmediacodextopsidehydroponicdomeslandscape,925255533,DA_Persistence_GenericMedia_Codex_Topside_HydroponicDomes_Landscape,,
persistencegenericmediacodextopsidelaunchtowersentrytile,1401519559,DA_Persistence_GenericMedia_Codex_Topside_LaunchTowers_EntryTile,,
persistencegenericmediacodextopsidelaunchtowerslandscape,-1001388810,DA_Persistence_GenericMedia_Codex_Topside_LaunchTowers_Landscape,,
persistencegenericmediacodextopsideriventidesentrytile,-249573148,DA_Persistence_GenericMedia_Codex_Topside_RivenTides_EntryTile,,
persistencegenericmediacodextopsideriventideslandscape,493275232,DA_Persistence_GenericMedia_Codex_Topside_RivenTides_Landscape,,
persistencegenericmediacodextopsidethestormentrytile,-780092840,DA_Persistence_GenericMedia_Codex_Topside_TheStorm_EntryTile,,
persistencegenericmediacodextopsidethestormentrytile2,-919695029,DA_Persistence_GenericMedia_Codex_Topside_TheStorm_EntryTile2,,
persistencegenericmediacodextopsidethestormlandscape,-918113992,DA_Persistence_GenericMedia_Codex_Topside_TheStorm_Landscape,,
persistencegenericmediacodexwinterevententrytile1,1953902241,DA_Persistence_GenericMedia_Codex_WinterEvent_EntryTile_1,,
persistencegenericmediacodexwinterevententrytile2,-632398615,DA_Persistence_GenericMedia_Codex_WinterEvent_EntryTile_2,,
persistencegenericmediacodexwinterevententrytile3,1190376609,DA_Persistence_GenericMedia_Codex_WinterEvent_EntryTile_3,,
persistencegenericmediacodexwintereventfreeform,-1738363296,DA_Persistence_GenericMedia_Codex_WinterEvent_FreeForm,,
persistencegenericmediacodexwintereventlandscape1,-220055674,DA_Persistence_GenericMedia_Codex_WinterEvent_Landscape_1,,
persistencegenericmediacodexwintereventlandscape2,1456492464,DA_Persistence_GenericMedia_Codex_WinterEvent_Landscape_2,,
persistencegenericmediacodexwintereventlandscape3,559159532,DA_Persistence_GenericMedia_Codex_WinterEvent_Landscape_3,,
persistencegenericmediahornetlandscape,1064864600,DA_Persistence_GenericMedia_Hornet_Landscape,,
persistencegenericmediahornetportrait,-2139022397,DA_Persistence_GenericMedia_Hornet_Portrait,,
persistencegenericmediahornetsquare,-1042393345,DA_Persistence_GenericMedia_Hornet_Square,,
persistencegenericmedialiveevent03,-1343870140,DA_Persistence_GenericMedia_LiveEvent_03,,
persistencegenericmedialiveevent03phase,-406200372,DA_Persistence_GenericMedia_LiveEvent_03_Phase,,
persistencegenericmedialiveeventmapunlock,-1993154976,DA_Persistence_GenericMedia_LiveEvent_MapUnlock,,
persistencegenericmedialiveeventminiaturevoyages,415186473,DA_Persistence_GenericMedia_LiveEvent_MiniatureVoyages,,
persistencegenericmedialiveeventthetunnels,499530154,DA_Persistence_GenericMedia_LiveEvent_TheTunnels,,
persistencegenericmedialiveeventwinterevent,1358875572,DA_Persistence_GenericMedia_LiveEvent_WinterEvent,,
persistencegenericmediamastery1,-1616679009,DA_Persistence_GenericMedia_Mastery1,,
persistencegenericmediamastery12,-1456152419,DA_Persistence_GenericMedia_Mastery1_2,,
persistencegenericmediamastery13,50445772,DA_Persistence_GenericMedia_Mastery1_3,,
persistencegenericmediamastery2,-988336942,DA_Persistence_GenericMedia_Mastery2,,
persistencegenericmediamastery22,-615982829,DA_Persistence_GenericMedia_Mastery2_2,,
persistencegenericmediamastery23,1276491330,DA_Persistence_GenericMedia_Mastery2_3,,
persistencegenericmediamastery3,-1531785940,DA_Persistence_GenericMedia_Mastery3,,
persistencegenericmediamastery32,-185543819,DA_Persistence_GenericMedia_Mastery3_2,,
persistencegenericmediamastery33,11381594,DA_Persistence_GenericMedia_Mastery3_3,,
persistencegenericmediamastery4,-1803286369,DA_Persistence_GenericMedia_Mastery4,,
persistencegenericmediamastery42,-1265601291,DA_Persistence_GenericMedia_Mastery4_2,,
persistencegenericmediamastery43,1488921811,DA_Persistence_GenericMedia_Mastery4_3,,
persistencegenericmediamastery5,-976413022,DA_Persistence_GenericMedia_Mastery5,,
persistencegenericmediamastery6,-648133768,DA_Persistence_GenericMedia_Mastery6,,
persistencegenericmediaraidercampslandscape,1774167503,DA_Persistence_GenericMedia_RaiderCamps_Landscape,,
persistencegenericmediaraidercampsportrait,-785229802,DA_Persistence_GenericMedia_RaiderCamps_Portrait,,
persistencegenericmediaraidercampssquare,-274463207,DA_Persistence_GenericMedia_RaiderCamps_Square,,
persistencegenericmediasupplydropslandscape,-486374688,DA_Persistence_GenericMedia_SupplyDrops_Landscape,,
persistencegenericmediasupplydropsportrait,-1701712309,DA_Persistence_GenericMedia_SupplyDrops_Portrait,,
persistencegenericmediasupplydropssquare,-1718430097,DA_Persistence_GenericMedia_SupplyDrops_Square,,
persistencegenericmediatheraiderslandscape,-455321890,DA_Persistence_GenericMedia_TheRaiders_Landscape,,
persistencegenericmediatheraidersportrait,-192736909,DA_Persistence_GenericMedia_TheRaiders_Portrait,,
persistencegenericmediatheraiderssquare,1174102475,DA_Persistence_GenericMedia_TheRaiders_Square,,
persistencekalikacharacterxp,799551165,DA_Persistence_Kalika_CharacterXP,,
deprecated_data,-1307209689,DA_Persistence_KineticLeapGadget,Deprecated Data,Deprecated Data
persistencelancecharacterxp,-702564018,DA_Persistence_Lance_CharacterXP,,
persistencelauncherxp,240513302,DA_Persistence_LauncherXP,,
persistencelevelunknowndestination,-1749999215,DA_Persistence_Level_UnknownDestination,,
persistencemobilitygadgetxp,294696667,DA_Persistence_MobilityGadgetXP,,
persistencequestimageabandonedraidercache,146701771,DA_Persistence_QuestImage_AbandonedRaiderCache,,
persistencequestimageadeadend,1769385159,DA_Persistence_QuestImage_ADeadEnd,,
persistencequestimageanalyzer,90991003,DA_Persistence_QuestImage_Analyzer,,
persistencequestimageanewtypeofplant,1223232097,DA_Persistence_QuestImage_ANewTypeOfPlant,,
persistencequestimagearcprobe1,-118767545,DA_Persistence_QuestImage_ArcProbe1,,
persistencequestimagearcprobe2,304872931,DA_Persistence_QuestImage_ArcProbe2,,
persistencequestimagearisingtide,908885498,DA_Persistence_QuestImage_ARisingTide,,
persistencequestimagearmoredtransport,-293390730,DA_Persistence_QuestImage_ArmoredTransport,,
persistencequestimageatoxictrail,-173992308,DA_Persistence_QuestImage_AToxicTrail,,
persistencequestimageawrenchintheworks,1430952738,DA_Persistence_QuestImage_AWrenchInTheWorks,,
persistencequestimagebaronhusk,-1228308727,DA_Persistence_QuestImage_BaronHusk,,
persistencequestimagebastion,-1864210333,DA_Persistence_QuestImage_Bastion,,
persistencequestimagebatteningdown,-990096792,DA_Persistence_QuestImage_BatteningDown,,
persistencequestimagebees,1054745590,DA_Persistence_QuestImage_Bees,,
persistencequestimagebluegateintrodestruction,1919352685,DA_Persistence_QuestImage_BlueGateIntroDestruction,,
persistencequestimagebluegateintroinfrastructure,1597515468,DA_Persistence_QuestImage_BlueGateIntroInfrastructure,,
persistencequestimagebluegateintronomads,1741406563,DA_Persistence_QuestImage_BlueGateIntroNomads,,
persistencequestimagebrokenmonument,-405070011,DA_Persistence_QuestImage_BrokenMonument,,
persistencequestimagecantina,1827428963,DA_Persistence_QuestImage_Cantina,,
persistencequestimagecantinaconversation,-1793546693,DA_Persistence_QuestImage_CantinaConversation,,
persistencequestimagecelesteface,-941970041,DA_Persistence_QuestImage_CelesteFace,,
persistencequestimagecelesteroom,676367420,DA_Persistence_QuestImage_CelesteRoom,,
persistencequestimagecelestesjournals,852260980,DA_Persistence_QuestImage_CelestesJournals,,
persistencequestimageclamoringforattention,2021278730,DA_Persistence_QuestImage_ClamoringForAttention,,
persistencequestimagecollisioncourse,-2123070117,DA_Persistence_QuestImage_CollisionCourse,,
persistencequestimagecolonyfieldcrate,-1294916704,DA_Persistence_QuestImage_ColonyFieldCrate,,
persistencequestimagecommunicationhideout,656849930,DA_Persistence_QuestImage_Communication_Hideout,,
persistencequestimagecontrolleddemolition,-1941138547,DA_Persistence_QuestImage_Controlled_Demolition,,
persistencequestimagecontroltowerconnection,-323103166,DA_Persistence_QuestImage_Control_Tower_Connection,,
persistencequestimagedeafears,-1356748067,DA_Persistence_QuestImage_DeafEars,,
persistencequestimagedecipheringthedata,-319061282,DA_Persistence_QuestImage_DecipheringTheData,,
persistencequestimagedeliverfieldcrate,474383145,DA_Persistence_QuestImage_DeliverFieldCrate,,
persistencequestimagedescribethepharmacist,76280525,DA_Persistence_QuestImage_Describe_The_Pharmacist,,
persistencequestimagediggingupdirt,1890639170,DA_Persistence_QuestImage_Digging_Up_Dirt,,
persistencequestimagedocklevelsany,1370659961,DA_Persistence_QuestImage_DOCK_Levels_Any,,
persistencequestimagedocklevelsburiedcity,1065910928,DA_Persistence_QuestImage_DOCK_Levels_BuriedCity,,
persistencequestimagedocklevelsdam,-1071443296,DA_Persistence_QuestImage_DOCK_Levels_Dam,,
persistencequestimagedocklevelsspaceport,-1514085696,DA_Persistence_QuestImage_DOCK_Levels_Spaceport,,
persistencequestimagedustonthewire,-1781296578,DA_Persistence_QuestImage_DustOnTheWire,,
persistencequestimageespresso,1181764022,DA_Persistence_QuestImage_Espresso,,
persistencequestimagefinalarcpartone,-2099127997,DA_Persistence_QuestImage_Final_Arc_Part_One,,
persistencequestimagefinalarcparttwo,168320424,DA_Persistence_QuestImage_Final_Arc_Part_Two,,
persistencequestimagefindinglidarscanners,-182619926,DA_Persistence_QuestImage_FindingLidarScanners,,
persistencequestimagefireball,487101997,DA_Persistence_QuestImage_Fireball,,
persistencequestimagefireballburner,1808087264,DA_Persistence_QuestImage_Fireball_Burner,,
persistencequestimageforestexploration,1162389249,DA_Persistence_QuestImage_ForestExploration,,
persistencequestimageforestsqouting,-1184161811,DA_Persistence_QuestImage_ForestSqouting,,
persistencequestimagefragmentedlogs,-2044075450,DA_Persistence_QuestImage_FragmentedLogs,,
persistencequestimagefurtivemeetings,1202250131,DA_Persistence_QuestImage_FurtiveMeetings,,
persistencequestimagegeneric001,-378943211,DA_Persistence_QuestImage_Generic001,,
persistencequestimagegeneric002,-2140928703,DA_Persistence_QuestImage_Generic002,,
persistencequestimagegeneric003,-271051091,DA_Persistence_QuestImage_Generic003,,
persistencequestimagegeneric004,-914303507,DA_Persistence_QuestImage_Generic004,,
persistencequestimagegeneric005,436173703,DA_Persistence_QuestImage_Generic005,,
persistencequestimagegreasingherpalms,-1505652939,DA_Persistence_QuestImage_GreasingHerPalms,,
persistencequestimagegreenhousepartone,-1505249911,DA_Persistence_QuestImage_Greenhouse_Part_One,,
persistencequestimagegreenhouseparttwo,-147920974,DA_Persistence_QuestImage_Greenhouse_Part_Two,,
persistencequestimagegreenhousesolarpanel,-581734666,DA_Persistence_QuestImage_Greenhouse_Solar_Panel,,
persistencequestimagegroundbreaking,-1359015437,DA_Persistence_QuestImage_Groundbreaking,,
persistencequestimagehatch,1970456030,DA_Persistence_QuestImage_Hatch,,
persistencequestimagehatchopening,-1817040416,DA_Persistence_QuestImage_HatchOpening,,
persistencequestimagehatchrepairs,252427681,DA_Persistence_QuestImage_Hatch_Repairs,,
persistencequestimagehidingfromdrone,-90464517,DA_Persistence_QuestImage_HidingFromDrone,,
persistencequestimageindustrialespionage,-1744515297,DA_Persistence_QuestImage_IndustrialEspionage,,
persistencequestimageinvestigatearcpartfour,-1859759219,DA_Persistence_QuestImage_Investigate_Arc_Part_Four,,
persistencequestimageinvestigatearcpartthree,1264924445,DA_Persistence_QuestImage_Investigate_Arc_Part_Three,,
persistencequestimageinvestigatearcparttwo,259541153,DA_Persistence_QuestImage_Investigate_Arc_Part_Two,,
persistencequestimagekeepinganeyeout,-1518057503,DA_Persistence_QuestImage_KeepingAnEyeOut,,
persistencequestimagekeepingthememory,-1372032466,DA_Persistence_QuestImage_KeepingTheMemory,,
persistencequestimagelancesteaparty,332364151,DA_Persistence_QuestImage_Lances_Tea_Party,,
persistencequestimagelancebandages,2083360261,DA_Persistence_QuestImage_Lance_Bandages,,
persistencequestimagelastentry,873579457,DA_Persistence_QuestImage_LastEntry,,
persistencequestimagelaunchbay,1488305058,DA_Persistence_QuestImage_Launchbay,,
persistencequestimagelaunchtunnel,2051331300,DA_Persistence_QuestImage_LaunchTunnel,,
persistencequestimagelineinthesand,1246340965,DA_Persistence_QuestImage_LineInTheSand,,
persistencequestimagelockerroom,1936282013,DA_Persistence_QuestImage_LockerRoom,,
persistencequestimagelootmedicalareas,1133459169,DA_Persistence_QuestImage_LootMedicalAreas,,
persistencequestimagelootraidercamps,-88451148,DA_Persistence_QuestImage_Loot_Raider_Camps,,
persistencequestimagelootsupplydrop,-655310847,DA_Persistence_QuestImage_Loot_Supply_Drop,,
persistencequestimagemajorsfootlocker,-2008721012,DA_Persistence_QuestImage_MajorsFootlocker,,
persistencequestimagemap,680145830,DA_Persistence_QuestImage_Map,,
persistencequestimagemarkedfordeath,868775158,DA_Persistence_QuestImage_MarkedForDeath,,
persistencequestimagemarketcorrection,837239319,DA_Persistence_QuestImage_MarketCorrection,,
persistencequestimagemarkpatternhousethedam,1421710522,DA_Persistence_QuestImage_Mark_Pattern_House_The_Dam,,
persistencequestimagemarkpatternhousethedamparttwo,607144960,DA_Persistence_QuestImage_Mark_Pattern_House_The_Dam_Part_Two,,
persistencequestimagemedicine,-1223026772,DA_Persistence_QuestImage_Medicine,,
persistencequestimagemorearcpartone,-913383330,DA_Persistence_QuestImage_More_Arc_Part_One,,
persistencequestimagemorearcpartthree,-1972309993,DA_Persistence_QuestImage_More_Arc_Part_Three,,
persistencequestimagemorearcparttwo,-633134625,DA_Persistence_QuestImage_More_Arc_Part_Two,,
persistencequestimagemovienight,-1823135451,DA_Persistence_QuestImage_Movie_Night,,
persistencequestimagenightraid,-2013876787,DA_Persistence_QuestImage_NightRaid,,
persistencequestimageobjectcrate,1997759773,DA_Persistence_QuestImage_ObjectCrate,,
persistencequestimageobjectdoor,-1556144477,DA_Persistence_QuestImage_ObjectDoor,,
persistencequestimageonboardingarcalloy,-727424305,DA_Persistence_QuestImage_OnboardingARCAlloy,,
persistencequestimageonboardingfielddepotantennas,1691769301,DA_Persistence_QuestImage_OnboardingFieldDepotAntennas,,
persistencequestimageonboardinglootareas,59061302,DA_Persistence_QuestImage_OnboardingLootAreas,,
persistencequestimageonboardingrecycling,1436198122,DA_Persistence_QuestImage_OnboardingRecycling,,
persistencequestimageonthemap,790642658,DA_Persistence_QuestImage_OnTheMap,,
persistencequestimageoutstandingbalance,-537407030,DA_Persistence_QuestImage_OutstandingBalance,,
persistencequestimagepavingtheway,28707236,DA_Persistence_QuestImage_PavingTheWay,,
persistencequestimageplacelidarscanners,-192067216,DA_Persistence_QuestImage_PlaceLidarScanners,,
persistencequestimagepoweroutpartone,121907371,DA_Persistence_QuestImage_Power_Out_Part_One,,
persistencequestimagepoweroutparttwo,-87092923,DA_Persistence_QuestImage_Power_Out_Part_Two,,
persistencequestimageprimespecimen,-882210423,DA_Persistence_QuestImage_PrimeSpecimen,,
persistencequestimageradardisplay,-1744121838,DA_Persistence_QuestImage_RadarDisplay,,
persistencequestimageraiderdown,1922075369,DA_Persistence_QuestImage_RaiderDown,,
persistencequestimagerarebooks,774444336,DA_Persistence_QuestImage_Rare_Books,,
persistencequestimageratinfestation,-1818310715,DA_Persistence_QuestImage_Rat_Infestation,,
persistencequestimagerocketeer,-889817821,DA_Persistence_QuestImage_Rocketeer,,
persistencequestimagesafeharbor,-385631060,DA_Persistence_QuestImage_SafeHarbor,,
persistencequestimagesafepassage,398221846,DA_Persistence_QuestImage_Safe_Passage,,
persistencequestimagesearchvictoryridge,-931926883,DA_Persistence_QuestImage_SearchVictoryRidge,,
persistencequestimagesecurewaterpartone,1091745455,DA_Persistence_QuestImage_Secure_Water_Part_One,,
persistencequestimagesecurewaterpartthree,-265568518,DA_Persistence_QuestImage_Secure_Water_Part_Three,,
persistencequestimagesecurewaterparttwo,-956810848,DA_Persistence_QuestImage_Secure_Water_Part_Two,,
persistencequestimagesettledinfull,-1198162887,DA_Persistence_QuestImage_SettledInFull,,
persistencequestimageshelter,1426147444,DA_Persistence_QuestImage_Shelter,,
persistencequestimageshoringupdefenses,43176764,DA_Persistence_QuestImage_ShoringUpDefenses,,
persistencequestimagesnapblasthornet,-72152222,DA_Persistence_QuestImage_Snap_Blast_Hornet,,
persistencequestimagesneakup,-443768517,DA_Persistence_QuestImage_SneakUp,,
persistencequestimagesniping,-1126286282,DA_Persistence_QuestImage_Sniping,,
persistencequestimagesnitchdetection,1570741037,DA_Persistence_QuestImage_SnitchDetection,,
persistencequestimagesolarpanelflashflood,2099851498,DA_Persistence_QuestImage_Solar_Panel_Flash_Flood,,
persistencequestimagespaceport,727362569,DA_Persistence_QuestImage_Spaceport,,
persistencequestimagespotter,39308956,DA_Persistence_QuestImage_Spotter,,
persistencequestimagesquadheroic,2117747096,DA_Persistence_QuestImage_SquadHeroic,,
persistencequestimagesquadindam,549534992,DA_Persistence_QuestImage_SquadInDam,,
persistencequestimagesquadrevive,2025345566,DA_Persistence_QuestImage_SquadRevive,,
persistencequestimagesquadvista,-1809489624,DA_Persistence_QuestImage_SquadVista,,
persistencequestimagesquadwalking,-440962643,DA_Persistence_QuestImage_SquadWalking,,
persistencequestimagestablehousing,-1421917396,DA_Persistence_QuestImage_StableHousing,,
persistencequestimagestellamontis1,160328931,DA_Persistence_QuestImage_StellaMontis_1,,
persistencequestimagestellamontis2,1142349776,DA_Persistence_QuestImage_StellaMontis_2,,
persistencequestimagestellamontis3,1504778635,DA_Persistence_QuestImage_StellaMontis_3,,
persistencequestimagestraightrecord,-1948136827,DA_Persistence_QuestImage_StraightRecord,,
persistencequestimagestunarollbot,-1441580193,DA_Persistence_QuestImage_Stun_A_Rollbot,,
persistencequestimagesupplydrop,-1706733060,DA_Persistence_QuestImage_SupplyDrop,,
persistencequestimagesymbolofunification,-586792562,DA_Persistence_QuestImage_SymbolOfUnification,,
persistencequestimagetestcase,739044888,DA_Persistence_QuestImage_TestCase,,
persistencequestimagethecleandream,-1525274479,DA_Persistence_QuestImage_TheCleanDream,,
persistencequestimagethestenchofcorruption,1691976823,DA_Persistence_QuestImage_TheStenchOfCorruption,,
persistencequestimagetheleague,420400263,DA_Persistence_QuestImage_The_League,,
persistencequestimagetoledotribute,967519492,DA_Persistence_QuestImage_Toledo_Tribute,,
persistencequestimagetopside,72082337,DA_Persistence_QuestImage_Topside,,
persistencequestimagetrialsdamage_rocketeers,-130990579,DA_Persistence_QuestImage_TrialsDamage-Rocketeers,,
persistencequestimagetrialsdamage_wasps,12155230,DA_Persistence_QuestImage_TrialsDamage-Wasps,,
persistencequestimagetrialsdamageanyarcenemy,-1896946885,DA_Persistence_QuestImage_TrialsDamageAnyARCEnemy,,
persistencequestimagetrialsdamagearclightimpactgrenade,-324681601,DA_Persistence_QuestImage_TrialsDamageARCLightImpactGrenade,,
persistencequestimagetrialsdamagearcoldtown,-1900212023,DA_Persistence_QuestImage_TrialsDamageARCOldTown,,
persistencequestimagetrialsdamagearcriventidesbeach,-2141869424,DA_Persistence_QuestImage_TrialsDamageARCRivenTidesBeach,,
persistencequestimagetrialsdamagebastions,-1186281311,DA_Persistence_QuestImage_TrialsDamageBastions,,
persistencequestimagetrialsdamagebombardiers,-660668983,DA_Persistence_QuestImage_TrialsDamageBombardiers,,
persistencequestimagetrialsdamagecomets,1616998223,DA_Persistence_QuestImage_TrialsDamageComets,,
persistencequestimagetrialsdamagefireflies,-218176599,DA_Persistence_QuestImage_TrialsDamageFireflies,,
persistencequestimagetrialsdamageflyingarc,681464894,DA_Persistence_QuestImage_TrialsDamageFlyingARC,,
persistencequestimagetrialsdamageflyingarcspaceport,-774390936,DA_Persistence_QuestImage_TrialsDamageFlyingARCSpaceport,,
persistencequestimagetrialsdamagegroundbasedarc,-1083478374,DA_Persistence_QuestImage_TrialsDamageGroundBasedARC,,
persistencequestimagetrialsdamagehornets,-1000866086,DA_Persistence_QuestImage_TrialsDamageHornets,,
persistencequestimagetrialsdamageleapers,-1319586461,DA_Persistence_QuestImage_TrialsDamageLeapers,,
persistencequestimagetrialsdamagemonoliths,525347642,DA_Persistence_QuestImage_TrialsDamageMonoliths,,
persistencequestimagetrialsdamagequeensormatriarchs,-1979468164,DA_Persistence_QuestImage_TrialsDamageQueensOrMatriarchs,,
persistencequestimagetrialsdamageshredder,745737579,DA_Persistence_QuestImage_TrialsDamageShredder,,
persistencequestimagetrialsdamagespotters,512087150,DA_Persistence_QuestImage_TrialsDamageSpotters,,
persistencequestimagetrialsdamagevaporizers,1879688220,DA_Persistence_QuestImage_TrialsDamageVaporizers,,
persistencequestimagetrialsdelivercarriables,157929147,DA_Persistence_QuestImage_TrialsDeliverCarriables,,
persistencequestimagetrialsdestroyarcdamswamp,-288648888,DA_Persistence_QuestImage_TrialsDestroyARCDamSwamp,,
persistencequestimagetrialsdestroyfireballs,530649618,DA_Persistence_QuestImage_TrialsDestroyFireballs,,
persistencequestimagetrialsdestroypops,-2101737458,DA_Persistence_QuestImage_TrialsDestroyPops,,
persistencequestimagetrialsdestroyticks,-1652075261,DA_Persistence_QuestImage_TrialsDestroyTicks,,
persistencequestimagetrialsdestroyticksfireballspops,-1168914246,DA_Persistence_QuestImage_TrialsDestroyTicksFireballsPops,,
persistencequestimagetrialsdisablemineslockedgate,-1759026012,DA_Persistence_QuestImage_TrialsDisableMinesLockedGate,,
persistencequestimagetrialsdownloadinfohiddenbunker,1555265997,DA_Persistence_QuestImage_TrialsDownloadInfoHiddenBunker,,
persistencequestimagetrialsharvestplants,2137677971,DA_Persistence_QuestImage_TrialsHarvestPlants,,
persistencequestimagetrialskeepairpurifiers,-315642285,DA_Persistence_QuestImage_TrialsKeepAirPurifiers,,
persistencequestimagetrialslightning,-367759490,DA_Persistence_QuestImage_TrialsLightning,,
persistencequestimagetrialslootarc,820197334,DA_Persistence_QuestImage_TrialsLootARC,,
persistencequestimagetrialslootnestsbirdcity,1069380409,DA_Persistence_QuestImage_TrialsLootNestsBirdCity,,
persistencequestimagetrialsmeleedamagearc,336908926,DA_Persistence_QuestImage_TrialsMeleeDamageARC,,
persistencequestimagetrialsopenarcprobes,-1511876806,DA_Persistence_QuestImage_TrialsOpenARCProbes,,
persistencequestimagetrialsopenbluegatecontainers,480274310,DA_Persistence_QuestImage_TrialsOpenBlueGateContainers,,
persistencequestimagetrialsopencontainersriventideshotel,-266757339,DA_Persistence_QuestImage_TrialsOpenContainersRivenTidesHotel,,
persistencequestimagetrialsopenlockedgatecontainers,-793825953,DA_Persistence_QuestImage_TrialsOpenLockedGateContainers,,
persistencequestimagetrialssearchcontainersstellamedical,-274913729,DA_Persistence_QuestImage_TrialsSearchContainersStellaMedical,,
persistencequestimagetrialssearchfirstwavehusks,-959943638,DA_Persistence_QuestImage_TrialsSearchFirstWaveHusks,,
persistencequestimagetrialssearchfrozencontainer,259554288,DA_Persistence_QuestImage_TrialsSearchFrozenContainer,,
persistencequestimagetrialssearchkitchencabinets,1073740769,DA_Persistence_QuestImage_TrialsSearchKitchenCabinets,,
persistencequestimagetrialssearchlockers,-1699764428,DA_Persistence_QuestImage_TrialsSearchLockers,,
persistencequestimagetrialssearchprobescouriersassessors,-139979373,DA_Persistence_QuestImage_TrialsSearchProbesCouriersAssessors,,
persistencequestimagetrialssearchraidercaches,-1224445108,DA_Persistence_QuestImage_TrialsSearchRaiderCaches,,
persistencequestimagetrialssearchsupplydrops,-348394450,DA_Persistence_QuestImage_TrialsSearchSupplyDrops,,
persistencequestimagetrialsthermalrockstoxicswamp,-1989811907,DA_Persistence_QuestImage_TrialsThermalRocksToxicSwamp,,
persistencequestimagetrialsthrowsnowballatbastion,-701070547,DA_Persistence_QuestImage_TrialsThrowSnowballAtBastion,,
persistencequestimagetrialsthrowsnowballatrocketeer,-319942150,DA_Persistence_QuestImage_TrialsThrowSnowballAtRocketeer,,
persistencequestimagetrialsdamagesnitches,542568538,DA_Persistence_QuestImage_Trials_DamageSnitches,,
persistencequestimagetrialsdefaultnoimage,544801847,DA_Persistence_QuestImage_Trials_Default_NoImage,,
persistencequestimageturnabout,701511292,DA_Persistence_QuestImage_Turnabout,,
persistencequestimagewakingthegrid,326191593,DA_Persistence_QuestImage_WakingTheGrid,,
persistencequestimageweaponcase,-357212600,DA_Persistence_QuestImage_WeaponCase,,
persistencequestimagewheatpartone,-319962017,DA_Persistence_QuestImage_Wheat_Part_One,,
persistencequestimagewheatpartthree,766028908,DA_Persistence_QuestImage_Wheat_Part_Three,,
persistencequestimagewheatparttwo,751792514,DA_Persistence_QuestImage_Wheat_Part_Two,,
persistencequestimagewithaview,2058677577,DA_Persistence_QuestImage_WithAView,,
persistencequestimageworthyoursalt,-284454757,DA_Persistence_QuestImage_WorthYourSalt,,
persistencequestimagewreckage,1492847171,DA_Persistence_QuestImage_Wreckage,,
persistenceschematicxp,1585430599,DA_Persistence_SchematicXP,,
persistencesessionmodpowerrechargerate,655004794,DA_Persistence_SessionMod_PowerRechargeRate,,
persistencesessionmodrespawnforever,2013661866,DA_Persistence_SessionMod_Respawn_Forever,,
persistencesessionmodrespawnnone,-1564332261,DA_Persistence_SessionMod_Respawn_None,,
persistencesessionscore,732183126,DA_Persistence_SessionScore,,
persistencesniperrifleboltactionbullpup01,-997894289,DA_Persistence_SniperRifle_BoltAction_Bullpup_01,,
persistencesniperrifleboltactionbullpup01t0,-360767846,DA_Persistence_SniperRifle_BoltAction_Bullpup_01_T0,,
persistencestoregridlayoutdefault,758115684,DA_Persistence_StoreGridLayout_Default,,
persistencestoregridlayoutlayout1,-1957649468,DA_Persistence_StoreGridLayout_Layout1,,
persistencestoregridlayoutlayout2,-797739104,DA_Persistence_StoreGridLayout_Layout2,,
persistencestoregridlayoutlayout3,965232822,DA_Persistence_StoreGridLayout_Layout3,,
persistencetiancharacterxp,1365594489,DA_Persistence_Tian_CharacterXP,,
persistenceworkshop,-214902808,DA_Persistence_Workshop,,
persistencexpcombatbaronslayer,-2009357967,DA_Persistence_XP_Combat_Baron_Slayer,,
persistencexpcombatdoublekill,1143260219,DA_Persistence_XP_Combat_DoubleKill,,
persistencexpcombatkill,1599065380,DA_Persistence_XP_Combat_Kill,,
persistencexpcombatmeleekill,-1847396174,DA_Persistence_XP_Combat_MeleeKill,,
persistencexpcombatquadruplekill,-1013580400,DA_Persistence_XP_Combat_QuadrupleKill,,
persistencexpcombatqueenslayer,1209006446,DA_Persistence_XP_Combat_Queen_Slayer,,
persistencexpcombatscrapassist,1629287690,DA_Persistence_XP_Combat_Scrap_Assist,,
persistencexpcombatstunboss,-283218067,DA_Persistence_XP_Combat_Stun_Boss,,
persistencexpcombatstunminion,-1590370416,DA_Persistence_XP_Combat_Stun_Minion,,
persistencexpcombattriplekill,-684009575,DA_Persistence_XP_Combat_TripleKill,,
persistencexpexplorationactivateoutpost,879439524,DA_Persistence_XP_Exploration_Activate_Outpost,,
persistencexpexplorationactivateradar,-1891476527,DA_Persistence_XP_Exploration_Activate_Radar,,
persistencexpexplorationcraftfirstschematic,1317228262,DA_Persistence_XP_Exploration_Craft_FirstSchematic,,
persistencexpexplorationcraftlegendaryschematic,787294154,DA_Persistence_XP_Exploration_Craft_LegendarySchematic,,
persistencexpmatchdefeat,2105460563,DA_Persistence_XP_Match_Defeat,,
persistencexpmatchvictory,-772212335,DA_Persistence_XP_Match_Victory,,
persistencexpteamworkhealotherplayer,1043624992,DA_Persistence_XP_Teamwork_Heal_OtherPlayer,,
persistencexpteamworkhealsquadmate,448707327,DA_Persistence_XP_Teamwork_Heal_SquadMate,,
persistencexpteamworkreviveotherplayer,1834958127,DA_Persistence_XP_Teamwork_Revive_OtherPlayer,,
persistencexpteamworkrevivesquadmate,-85697512,DA_Persistence_XP_Teamwork_Revive_SquadMate,,
persistencexpteamworksquadsavior,1341503804,DA_Persistence_XP_Teamwork_SquadSavior,,
purchasableofferabyssset,-1360638530,DA_PurchasableOffer_AbyssSet,,
purchasableofferalpinerescueset,95935778,DA_PurchasableOffer_AlpineRescueSet,,
purchasableofferarchunterpack,-421287873,DA_PurchasableOffer_ARCHunterPack,,
purchasableofferarctamerbundle,418273443,DA_PurchasableOffer_ARCTamerBundle,,
purchasableofferastroliteroosterset,1804573592,DA_PurchasableOffer_AstroliteRoosterSet,,
purchasableofferastroliteset,308120393,DA_PurchasableOffer_AstroliteSet,,
purchasableofferbattlepasshikinggreenbackpack,-1611129026,DA_PurchasableOffer_BattlepassHikingGreenBackpack,,
purchasableofferbattlepassscoutbackpack,-737264874,DA_PurchasableOffer_BattlePassScoutBackpack,,
purchasableofferbeachsideset,-711413053,DA_PurchasableOffer_BeachsideSet,,
purchasableofferbeekeeper,1106811431,DA_PurchasableOffer_Beekeeper,,
purchasableofferbogwalkerset,-788591002,DA_PurchasableOffer_BogWalkerSet,,
purchasableofferbonecrownset,-1838635998,DA_PurchasableOffer_BonecrownSet,,
purchasableofferbonesawcharm,1837756990,DA_PurchasableOffer_BoneSaw_Charm,,
purchasableofferbrigadeset,-1384876054,DA_PurchasableOffer_BrigadeSet,,
the_mirage_set,1465339041,DA_PurchasableOffer_Bundle_Wayfarer,The Mirage Set,
purchasableoffercartographerset,1627490994,DA_PurchasableOffer_CartographerSet,,
purchasableoffercastawayset,-2038332178,DA_PurchasableOffer_CastAwaySet,,
purchasableoffercavalierset,-1795885753,DA_PurchasableOffer_CavalierSet,,
purchasableoffercorsarioset,123530003,DA_PurchasableOffer_CorsarioSet,,
purchasableoffercraftsmanset,-601902659,DA_PurchasableOffer_CraftsmanSet,,
purchasableoffercurlyshorthair,-1966989172,DA_PurchasableOffer_CurlyShortHair,,
purchasableoffercurlyshortmullet,-1863210409,DA_PurchasableOffer_CurlyShortMullet,,
raider_tokens,-1865020628,DA_PurchasableOffer_Currency_Hard,Raider Tokens,
skill_point,1866525791,DA_PurchasableOffer_Currency_SkillPoint,Skill Point,
coins,1083711880,DA_PurchasableOffer_Currency_Soft,Coins,
purchasableoffercurtainfadehair,-1513015505,DA_PurchasableOffer_CurtainFadeHair,,
purchasableofferdeepseabirdset,1041748782,DA_PurchasableOffer_DeepSeaBirdSet,,
purchasableofferdevoteeset,1945028985,DA_PurchasableOffer_DevoteeSet,,
purchasableofferdiverbundleset,1000422864,DA_PurchasableOffer_DiverBundleSet,,
purchasableofferdufflebagbackpack,-688811398,DA_PurchasableOffer_DuffleBag_Backpack,,
purchasableofferelectricianset,1994646670,DA_PurchasableOffer_ElectricianSet,,
purchasableofferemotefists,1585329118,DA_PurchasableOffer_EmoteFists,,
purchasableofferemoteiseeyou,-964590393,DA_PurchasableOffer_EmoteISeeYou,,
purchasableofferemotescoutahead2,645748377,DA_PurchasableOffer_EmoteScoutAhead2,,
emotes_set,1869610531,DA_PurchasableOffer_EmoteSet,Emotes Set,
purchasableofferemotesquatting,-1213527521,DA_PurchasableOffer_EmoteSquatting,,
purchasableofferengineerset,991355633,DA_PurchasableOffer_EngineerSet,,
purchasableofferenvoyset,543395685,DA_PurchasableOffer_EnvoySet,,
purchasableofferface20,667849033,DA_PurchasableOffer_Face20,,
purchasableofferfacebandaid,1759766509,DA_PurchasableOffer_FaceBandaid,,
purchasableofferfacedirtspray,-1251442345,DA_PurchasableOffer_FaceDirtSpray,,
purchasableofferfacesport,-242078483,DA_PurchasableOffer_FaceSport,,
purchasableofferfarmerset,126583637,DA_PurchasableOffer_FarmerSet,,
purchasableofferfieroset,-3879906,DA_PurchasableOffer_FieroSet,,
purchasableofferfirstaidkitattachment,-1427649562,DA_PurchasableOffer_FirstAidKit_Attachment,,
purchasableofferforestrangerset,309331749,DA_PurchasableOffer_ForestRangerSet,,
purchasableofferfuelcan,76911577,DA_PurchasableOffer_FuelCan,,
purchasableofferfullbeard,-1547451009,DA_PurchasableOffer_FullBeard,,
purchasableoffergascanister,1168073014,DA_PurchasableOffer_GasCanister,,
purchasableoffergearshiftset,2135372812,DA_PurchasableOffer_GearshiftSet,,
purchasableoffergenericgameplaybundle,-412703381,DA_PurchasableOffer_GenericGameplayBundle,,
purchasableoffergenericgameplaybundlehorizontal,-267881136,DA_PurchasableOffer_GenericGameplayBundleHorizontal,,
purchasableoffergildeddrifcoatset,1515790354,DA_PurchasableOffer_GildedDrifcoatSet,,
purchasableoffergoalieblue,-383128483,DA_PurchasableOffer_GoalieBlue,,
purchasableoffergoaliebundle,1258548330,DA_PurchasableOffer_GoalieBundle,,
purchasableoffergoaliedefault,-744463260,DA_PurchasableOffer_GoalieDefault,,
purchasableoffergoaliedetailtoggle,-1174003797,DA_PurchasableOffer_GoalieDetailToggle,,
purchasableoffergoaliegreen,-1514910351,DA_PurchasableOffer_GoalieGreen,,
purchasableoffergoalieheadtoggle,1849820777,DA_PurchasableOffer_GoalieHeadToggle,,
purchasableoffergoaliejackettoggle,1871159528,DA_PurchasableOffer_GoalieJacketToggle,,
purchasableoffergoalieyellowblack,-361985309,DA_PurchasableOffer_GoalieYellowBlack,,
purchasableofferhairbowlcut,582112524,DA_PurchasableOffer_HairBowlCut,,
purchasableofferhairmullet,-283691854,DA_PurchasableOffer_HairMullet,,
purchasableofferhairrecede,1538726569,DA_PurchasableOffer_HairRecede,,
purchasableofferhairbobmessy01,-1224099244,DA_PurchasableOffer_Hair_BobMessy_01,,
purchasableofferhairbuzzcut0,2134184408,DA_PurchasableOffer_Hair_Buzzcut_0,,
purchasableofferhaircurlyshort01,568631394,DA_PurchasableOffer_Hair_CurlyShort_01,,
purchasableofferhardcasebackpackgreen,-330772531,DA_PurchasableOffer_HardcaseBackpackGreen,,
purchasableofferhivekeeperset,1416274629,DA_PurchasableOffer_HivekeeperSet,,
purchasableofferhockeyraidertool,1843323629,DA_PurchasableOffer_HockeyRaiderTool,,
purchasableofferhydrologistset,-1580919613,DA_PurchasableOffer_HydrologistSet,,
purchasableofferimprovisationpack,-1166445323,DA_PurchasableOffer_ImprovisationPack,,
purchasableofferitembundleadvanceditempackage,-1185363994,DA_PurchasableOffer_ItemBundle_AdvancedItemPackage,,
purchasableofferitembundleangledgripiiirecipepackage,1804639173,DA_PurchasableOffer_ItemBundle_AngledGripIIIRecipePackage,,
purchasableofferitembundlearpeggiorecipepackage01,535664238,DA_PurchasableOffer_ItemBundle_ArpeggioRecipePackage_01,,
purchasableofferitembundlebasicmaterialpackage,-404019041,DA_PurchasableOffer_ItemBundle_BasicMaterialPackage,,
purchasableofferitembundlebenchinstallationpackage01,-1158982509,DA_PurchasableOffer_ItemBundle_BenchInstallationPackage_01,,
purchasableofferitembundlecompensatoriiirecipepackage,-374663410,DA_PurchasableOffer_ItemBundle_CompensatorIIIRecipePackage,,
purchasableofferitembundlecompensatoriirecipepackage,962221709,DA_PurchasableOffer_ItemBundle_CompensatorIIRecipePackage,,
purchasableofferitembundleconsumablespackage01,-1250536540,DA_PurchasableOffer_ItemBundle_ConsumablesPackage_01,,
purchasableofferitembundledefensiveitempackage,1212601558,DA_PurchasableOffer_ItemBundle_DefensiveItemPackage,,
purchasableofferitembundlehealingitempackage,620992872,DA_PurchasableOffer_ItemBundle_HealingItemPackage,,
purchasableofferitembundleheavyfuzerecipepackage01,380729495,DA_PurchasableOffer_ItemBundle_HeavyFuzeRecipePackage_01,,
purchasableofferitembundleheavyshield,868231200,DA_PurchasableOffer_ItemBundle_HeavyShield,,
purchasableofferitembundleheavyweaponpackage01,134313493,DA_PurchasableOffer_ItemBundle_HeavyWeaponPackage_01,,
purchasableofferitembundlelargematerialspackage,-1725123406,DA_PurchasableOffer_ItemBundle_LargeMaterialsPackage,,
purchasableofferitembundlelightweaponpackage01,1476589738,DA_PurchasableOffer_ItemBundle_LightWeaponPackage_01,,
purchasableofferitembundlemedicalcrafterpackage01,1046708803,DA_PurchasableOffer_ItemBundle_MedicalCrafterPackage_01,,
purchasableofferitembundlemediumshield,832712949,DA_PurchasableOffer_ItemBundle_MediumShield,,
purchasableofferitembundlemuzzlebrakeiiirecipepackage,-1501140585,DA_PurchasableOffer_ItemBundle_MuzzleBrakeIIIRecipePackage,,
purchasableofferitembundleoffensiveitempackage,636983884,DA_PurchasableOffer_ItemBundle_OffensiveItemPackage,,
purchasableofferitembundlerefinerpackage01,1481511338,DA_PurchasableOffer_ItemBundle_RefinerPackage_01,,
purchasableofferitembundleshotgunweaponpackage01,1481231932,DA_PurchasableOffer_ItemBundle_ShotgunWeaponPackage_01,,
purchasableofferitembundlestablestockiirecipepackage,2044618902,DA_PurchasableOffer_ItemBundle_StableStockIIRecipePackage,,
purchasableofferitembundletopsidematerialpackage,1798557397,DA_PurchasableOffer_ItemBundle_TopsideMaterialPackage,,
purchasableofferitembundletorrenterecipepackage01,-1482798098,DA_PurchasableOffer_ItemBundle_TorrenteRecipePackage_01,,
purchasableofferitembundleverticalgripiirecipepackage,-715626837,DA_PurchasableOffer_ItemBundle_VerticalGripIIRecipePackage,,
purchasableofferitembundleweaponmodcrafting01,1878570851,DA_PurchasableOffer_ItemBundle_WeaponModCrafting_01,,
purchasableofferitembundleweaponspackage,-168570584,DA_PurchasableOffer_ItemBundle_WeaponsPackage,,
purchasableofferjunkyardastronautset,1369040788,DA_PurchasableOffer_JunkyardAstronautSet,,
purchasableofferkeypack,1261896032,DA_PurchasableOffer_KeyPack,,
purchasableofferleviathanrefreshset,1731967178,DA_PurchasableOffer_LeviathanRefreshSet,,
purchasableofferleviathanset,-1745770873,DA_PurchasableOffer_LeviathanSet,,
purchasableofferlizzardbackpackcharm,-1873499377,DA_PurchasableOffer_LizzardBackpackCharm,,
purchasableofferlootinpeacebundle,141769068,DA_PurchasableOffer_LootInPeaceBundle,,
purchasableofferlowbunhair,1586098696,DA_PurchasableOffer_LowBunHair,,
purchasableofferlunaset,1182642125,DA_PurchasableOffer_LunaSet,,
purchasableoffermacrameset,-457445169,DA_PurchasableOffer_MacrameSet,,
purchasableoffermarcoset,-1107360398,DA_PurchasableOffer_MarcoSet,,
purchasableoffermedicpack,-339423236,DA_PurchasableOffer_MedicPack,,
purchasableoffermemorialistset,-1330939941,DA_PurchasableOffer_MemorialistSet,,
purchasableoffermirageset,263134082,DA_PurchasableOffer_MirageSet,,
purchasableoffermisthornset,-1922358442,DA_PurchasableOffer_MisthornSet,,
purchasableoffermobilitybundle,12443686,DA_PurchasableOffer_MobilityBundle,,
purchasableoffermoonstoneroosterset,-1158211442,DA_PurchasableOffer_MoonstoneRoosterSet,,
purchasableoffermuttonchops,1697729514,DA_PurchasableOffer_MuttonChops,,
purchasableoffernascostoset,543001337,DA_PurchasableOffer_NascostoSet,,
purchasableofferninjabundle,1702684923,DA_PurchasableOffer_NinjaBundle,,
purchasableofferombraset,1577771362,DA_PurchasableOffer_OmbraSet,,
purchasableofferpartybundle,27452590,DA_PurchasableOffer_PartyBundle,,
purchasableofferpassengerset,-1517220943,DA_PurchasableOffer_PassengerSet,,
purchasableofferpauldroid,-1364499184,DA_PurchasableOffer_Pauldroid,,
purchasableofferrachettaset,1541743257,DA_PurchasableOffer_RachettaSet,,
purchasableofferradiomountaineerset,2008221073,DA_PurchasableOffer_RadioMountaineerSet,,
purchasableofferraidertokens100,711460192,DA_PurchasableOffer_RaiderTokens100,,
purchasableofferraidertokens200,-1194495113,DA_PurchasableOffer_RaiderTokens200,,
purchasableofferraidertokens300,-304791320,DA_PurchasableOffer_RaiderTokens300,,
purchasableofferraidertokens50,1812852769,DA_PurchasableOffer_RaiderTokens50,,
purchasableofferraidertokensl,161541469,DA_PurchasableOffer_RaiderTokensL,,
purchasableofferraidertokenslarge,-864185711,DA_PurchasableOffer_RaiderTokensLarge,,
purchasableofferraidertokensm,-329868074,DA_PurchasableOffer_RaiderTokensM,,
purchasableofferraidertokenss,-1521495220,DA_PurchasableOffer_RaiderTokensS,,
purchasableofferraidertokensxl,-1564974694,DA_PurchasableOffer_RaiderTokensXL,,
purchasableofferraidertokensxs,415240,DA_PurchasableOffer_RaiderTokensXS,,
purchasableofferrawhide,-536890212,DA_PurchasableOffer_RawHide,,
purchasableofferrenegademoonset,227219154,DA_PurchasableOffer_RenegadeMoonSet,,
purchasableofferriotset,617861629,DA_PurchasableOffer_RiotSet,,
purchasableofferriotsledgehammerset,-633203200,DA_PurchasableOffer_RiotSledgeHammerSet,,
purchasableofferriposta,1919414921,DA_PurchasableOffer_Riposta,,
purchasableofferrockerbundle,42235700,DA_PurchasableOffer_RockerBundle,,
purchasableofferroguehawkset,386538697,DA_PurchasableOffer_RogueHawkSet,,
purchasableofferryderblue,1038717444,DA_PurchasableOffer_RyderBlue,,
purchasableofferryderdefault,530507596,DA_PurchasableOffer_RyderDefault,,
purchasableofferryderfacemask,760321003,DA_PurchasableOffer_RyderFacemask,,
purchasableofferryderhelmet,1995294016,DA_PurchasableOffer_RyderHelmet,,
purchasableofferryderorangeblack,-792059429,DA_PurchasableOffer_RyderOrangeBlack,,
purchasableofferryderyellow,-2073971718,DA_PurchasableOffer_RyderYellow,,
purchasableoffersandveilset,-1712730354,DA_PurchasableOffer_SandVeilSet,,
purchasableoffersandwalkerset,-69195985,DA_PurchasableOffer_SandwalkerSet,,
purchasableofferscoutbundle,1593193587,DA_PurchasableOffer_ScoutBundle,,
purchasableoffersideburns,-623488194,DA_PurchasableOffer_Sideburns,,
purchasableofferskeletonkeybundle,-1132338464,DA_PurchasableOffer_SkeletonKeyBundle,,
hiking_backpack_nylon,-1767654536,DA_PurchasableOffer_SkinBundle_HikingBackpack,Hiking Backpack Nylon,
rookie_raider_black,1482194339,DA_PurchasableOffer_SkinBundle_RecruitBlack,Rookie Raider Black,
purchasableofferskinbundlerecruitblue,-1856584650,DA_PurchasableOffer_SkinBundle_RecruitBlue,,
purchasableofferskinbundlerecruitgreen,1760151815,DA_PurchasableOffer_SkinBundle_RecruitGreen,,
rookie_raider_orange,1939516745,DA_PurchasableOffer_SkinBundle_RecruitOrange,Rookie Raider Orange,
rookie_raider_red_blue_green,-1223068887,DA_PurchasableOffer_SkinBundle_RecruitRedBlueGreen,Rookie Raider Red Blue Green,
cosmo,1863833264,DA_PurchasableOffer_Skin_AbandonedAstronaut,Cosmo,
purchasableofferskinabandonedastronautwhitecamo,-20714549,DA_PurchasableOffer_Skin_AbandonedAstronaut_WhiteCamo,,
purchasableofferskinarcbackpack,737049368,DA_PurchasableOffer_Skin_ARCBackpack,,
purchasableofferskinbackpackscout1,2078678337,DA_PurchasableOffer_Skin_Backpack_Scout1,,
purchasableofferskinbackpacktechbag1,338229996,DA_PurchasableOffer_Skin_Backpack_TechBag1,,
purchasableofferskinbackpacktreasurechest1,-174058312,DA_PurchasableOffer_Skin_Backpack_TreasureChest1,,
purchasableofferskinbackpackurn1,1029449946,DA_PurchasableOffer_Skin_Backpack_Urn1,,
purchasableofferskinbackpackutility1,-2112257047,DA_PurchasableOffer_Skin_Backpack_Utility1,,
fuel_jockey_backpack,423726822,DA_PurchasableOffer_Skin_BarrelBackpack,Fuel Jockey Backpack,
purchasableofferskinbeekeeper01,-936805677,DA_PurchasableOffer_Skin_Beekeeper_01,,
purchasableofferskincasualpilotoutfit01,-506897983,DA_PurchasableOffer_Skin_CasualPilotOutfit_01,,
purchasableofferskincasualpilotoutfit02,536806095,DA_PurchasableOffer_Skin_CasualPilotOutfit_02,,
purchasableofferskincasualpilotoutfit03,-1308842721,DA_PurchasableOffer_Skin_CasualPilotOutfit_03,,
purchasableofferskincasualpilotoutfit04,1336688359,DA_PurchasableOffer_Skin_CasualPilotOutfit_04,,
purchasableofferskincasualpilotoutfit05,814342029,DA_PurchasableOffer_Skin_CasualPilotOutfit_05,,
purchasableofferskincasualpilotoutfit06,1655989037,DA_PurchasableOffer_Skin_CasualPilotOutfit_06,,
purchasableofferskincosmonautwhite,1952790778,DA_PurchasableOffer_Skin_Cosmonaut_White,,
purchasableofferskincowboymissionaryyellowgreen,-138902890,DA_PurchasableOffer_Skin_CowboyMissionary_YellowGreen,,
purchasableofferskindeepseadivercopper,335647597,DA_PurchasableOffer_Skin_DeepSeaDiver_Copper,,
purchasableofferskinenforcerred,-2128028149,DA_PurchasableOffer_Skin_Enforcer_Red,,
purchasableofferskinfighterpilotblue,-1248946166,DA_PurchasableOffer_Skin_FighterPilot_Blue,,
purchasableofferskingreenhorn01,-330996099,DA_PurchasableOffer_Skin_Greenhorn_01,,
purchasableofferskingreenhorn02,1158589484,DA_PurchasableOffer_Skin_Greenhorn_02,,
purchasableofferskingreenhorn03,70038412,DA_PurchasableOffer_Skin_Greenhorn_03,,
purchasableofferskingreenhorn04,148010645,DA_PurchasableOffer_Skin_Greenhorn_04,,
purchasableofferskingreenhorn05,1118092892,DA_PurchasableOffer_Skin_Greenhorn_05,,
purchasableofferskingreenhorn06,318138552,DA_PurchasableOffer_Skin_Greenhorn_06,,
purchasableofferskingreenhorn07,-432972532,DA_PurchasableOffer_Skin_Greenhorn_07,,
purchasableofferskingsuitoutfit01,-153143058,DA_PurchasableOffer_Skin_GSuitOutfit_01,,
purchasableofferskingwrangerbrowngreen,-761304133,DA_PurchasableOffer_Skin_GWRanger_BrownGreen,,
courier_backpack,1220369713,DA_PurchasableOffer_Skin_HardcaseBackpack,Courier Backpack,
purchasableofferskinhydroscav01,-2144226839,DA_PurchasableOffer_Skin_Hydroscav_01,,
purchasableofferskinjanitoroutfit01,1548124221,DA_PurchasableOffer_Skin_JanitorOutfit_01,,
purchasableofferskinjanitoroutfit02,315170274,DA_PurchasableOffer_Skin_JanitorOutfit_02,,
purchasableofferskinjanitoroutfit03,1479216340,DA_PurchasableOffer_Skin_JanitorOutfit_03,,
purchasableofferskinjanitoroutfit04,1561368433,DA_PurchasableOffer_Skin_JanitorOutfit_04,,
purchasableofferskinjanitoroutfit05,662387632,DA_PurchasableOffer_Skin_JanitorOutfit_05,,
purchasableofferskinjanitoroutfit06,-297090809,DA_PurchasableOffer_Skin_JanitorOutfit_06,,
ryder,1974637564,DA_PurchasableOffer_Skin_Lemans,Ryder,
purchasableofferskinlemans02,-413667323,DA_PurchasableOffer_Skin_Lemans_02,,
purchasableofferskinlemans03,668759903,DA_PurchasableOffer_Skin_Lemans_03,,
purchasableofferskinlemans04,-1537037763,DA_PurchasableOffer_Skin_Lemans_04,,
purchasableofferskinlemans05,503253597,DA_PurchasableOffer_Skin_Lemans_05,,
purchasableofferskinmountaineer1,-613385798,DA_PurchasableOffer_Skin_Mountaineer1,,
archeologist_backpack,-1577772193,DA_PurchasableOffer_Skin_ScoutBackpack,Archeologist Backpack,
purchasableofferskinspacechapsbluewhite,2070853730,DA_PurchasableOffer_Skin_SpaceChaps_BlueWhite,,
pathfinder_backpack,-1892340432,DA_PurchasableOffer_Skin_SurvivalBackpack,Pathfinder Backpack,
purchasableofferskinthekidoutfit01,476119107,DA_PurchasableOffer_Skin_TheKidOutfit_01,,
purchasableofferskinthekidoutfit02,1457094455,DA_PurchasableOffer_Skin_TheKidOutfit_02,,
purchasableofferskinthekidoutfit03,885180165,DA_PurchasableOffer_Skin_TheKidOutfit_03,,
purchasableofferskinthekidoutfit04,-1367977234,DA_PurchasableOffer_Skin_TheKidOutfit_04,,
purchasableofferskinthekidoutfit05,-1855010401,DA_PurchasableOffer_Skin_TheKidOutfit_05,,
purchasableofferskinthevestoutfit01,-757594955,DA_PurchasableOffer_Skin_TheVestOutfit_01,,
purchasableofferskinthevestoutfit02,558206892,DA_PurchasableOffer_Skin_TheVestOutfit_02,,
purchasableofferskinthevestoutfit03,1952133227,DA_PurchasableOffer_Skin_TheVestOutfit_03,,
purchasableofferskinthevestoutfit04,-1321448490,DA_PurchasableOffer_Skin_TheVestOutfit_04,,
purchasableofferskinthevestoutfit05,1727139441,DA_PurchasableOffer_Skin_TheVestOutfit_05,,
purchasableofferskinwayfarerbeige,-1369939313,DA_PurchasableOffer_Skin_Wayfarer_Beige,,
purchasableofferskinwelderyellow,-946007463,DA_PurchasableOffer_Skin_Welder_Yellow,,
purchasableofferslowdanceset,-643131676,DA_PurchasableOffer_SlowDanceSet,,
purchasableoffersluggerset,-1509131980,DA_PurchasableOffer_SluggerSet,,
purchasableoffersolareset,1148173359,DA_PurchasableOffer_SolareSet,,
purchasableofferspeckledset,-1437779031,DA_PurchasableOffer_SpeckledSet,,
purchasableofferspyglassset,2016713357,DA_PurchasableOffer_SpyglassSet,,
purchasableofferstubblebeard,-1082549297,DA_PurchasableOffer_StubbleBeard,,
purchasableoffersurgeonbloodtoggle,-1392782838,DA_PurchasableOffer_SurgeonBloodToggle,,
purchasableoffersurgeondefault,-313344039,DA_PurchasableOffer_SurgeonDefault,,
purchasableoffersurgeongreen,856314217,DA_PurchasableOffer_SurgeonGreen,,
purchasableoffersurgeonheadtoggle,1552393008,DA_PurchasableOffer_SurgeonHeadToggle,,
purchasableoffersurgeonred,2054919724,DA_PurchasableOffer_SurgeonRed,,
purchasableoffersurgeonrooster,1817883597,DA_PurchasableOffer_SurgeonRooster,,
purchasableoffersurgeonsleevetoggle,483467969,DA_PurchasableOffer_SurgeonSleeveToggle,,
purchasableoffersurgeontechtoggle,-1322939397,DA_PurchasableOffer_SurgeonTechToggle,,
purchasableoffertechbagbackpack,1386674795,DA_PurchasableOffer_TechBagBackpack,,
purchasableofferthickmustache,1749837144,DA_PurchasableOffer_ThickMustache,,
purchasableoffertrailroosterset,-1710692452,DA_PurchasableOffer_TrailRoosterSet,,
purchasableoffertravelerset,-1005668684,DA_PurchasableOffer_TravelerSet,,
purchasableoffertrinketantennatrinket,1953446508,DA_PurchasableOffer_Trinket_AntennaTrinket,,
purchasableoffertrinketblankettrinket,1645323942,DA_PurchasableOffer_Trinket_BlanketTrinket,,
purchasableoffertrinketdrumtrinket,-271991037,DA_PurchasableOffer_Trinket_DrumTrinket,,
purchasableoffervalenteset,1469245957,DA_PurchasableOffer_ValenteSet,,
purchasableoffervanguardset,-1708127767,DA_PurchasableOffer_VanguardSet,,
purchasableoffervelatiset,913928814,DA_PurchasableOffer_VelatiSet,,
purchasableoffervolareset,330070319,DA_PurchasableOffer_VolareSet,,
purchasableoffervoltedgeset,-816063955,DA_PurchasableOffer_VoltedgeSet,,
purchasableoffervoyagerblue,-1686824817,DA_PurchasableOffer_VoyagerBlue,,
purchasableoffervoyagerdetailtoggle,-1556098297,DA_PurchasableOffer_VoyagerDetailToggle,,
purchasableoffervoyagergreen,635389262,DA_PurchasableOffer_VoyagerGreen,,
purchasableoffervoyagerheadgear,984139299,DA_PurchasableOffer_VoyagerHeadgear,,
purchasableoffervoyagerwhite,590355081,DA_PurchasableOffer_VoyagerWhite,,
purchasableoffervulpineset,-2033011269,DA_PurchasableOffer_VulpineSet,,
purchasableofferwasphunterset,191521138,DA_PurchasableOffer_WaspHunterSet,,
jupiter,510279293,DA_PurchasableOffer_Weapon_Jupiter,Jupiter,
tempest,1787970722,DA_PurchasableOffer_Weapon_Tempest,Tempest,
vulcano,-2062550738,DA_PurchasableOffer_Weapon_Vulcano,Vulcano,
purchasableofferweaponwornanvil,-1526610259,DA_PurchasableOffer_Weapon_WornAnvil,,
purchasableofferwellsummerset,-755911446,DA_PurchasableOffer_WellSummerSet,,
purchasableofferwhalerset,1748881309,DA_PurchasableOffer_WhalerSet,,
purchasableofferwildernessscoutset,-739438883,DA_PurchasableOffer_WildernessScoutSet,,
heavy_shield,203993527,DA_Redirector_Armor_HeavyBody_T0,Heavy Shield,"A heavy shield that blocks a large portion of incoming damage
light_shield,1505999062,DA_Redirector_Armor_LightBody_T0,Light Shield,A lightweight shield that blocks a small portion of incoming damage without impacting mobility.
medium_shield,1237209984,DA_Redirector_Armor_MediumBody_T0,Medium Shield,A standard shield that blocks a medium portion of incoming damage at a moderate cost to mobility.
tempest,1433303640,DA_Redirector_AssaultRifle_01_T0,Tempest,Has moderate fire rate and accuracy.
tempest,-1259129540,DA_Redirector_AssaultRifle_01_T1,Tempest,Has moderate fire rate and accuracy.
tempest,-672186450,DA_Redirector_AssaultRifle_01_T2,Tempest,Has moderate fire rate and accuracy.
tempest,1629645384,DA_Redirector_AssaultRifle_01_T3,Tempest,Has moderate fire rate and accuracy.
arpeggio,-1174500500,DA_Redirector_AssaultRifle_Burst_01_T0,Arpeggio,Has decent damage output and accuracy.
arpeggio,-1010165368,DA_Redirector_AssaultRifle_Burst_01_T1,Arpeggio,Has decent damage output and accuracy.
arpeggio,-868064320,DA_Redirector_AssaultRifle_Burst_01_T2,Arpeggio,Has decent damage output and accuracy.
arpeggio,1657712312,DA_Redirector_AssaultRifle_Burst_01_T3,Arpeggio,Has decent damage output and accuracy.
bettina,-1236612582,DA_Redirector_AssaultRifle_Heavy_01_T0,Bettina,Has slow fire rate and high damage output.
bettina,392764783,DA_Redirector_AssaultRifle_Heavy_01_T1,Bettina,Has slow fire rate and high damage output.
bettina,-1884805671,DA_Redirector_AssaultRifle_Heavy_01_T2,Bettina,Has slow fire rate and high damage output.
bettina,1506939307,DA_Redirector_AssaultRifle_Heavy_01_T3,Bettina,Has slow fire rate and high damage output.
rattler,549375413,DA_Redirector_AssaultRifle_LowTier_01_T0,Rattler,"A cheap offensive option
rattler,1766749662,DA_Redirector_AssaultRifle_LowTier_01_T1,Rattler,"A cheap offensive option
rattler,-980968159,DA_Redirector_AssaultRifle_LowTier_01_T2,Rattler,"A cheap offensive option
rattler,1984849488,DA_Redirector_AssaultRifle_LowTier_01_T3,Rattler,"A cheap offensive option
kettle,209734646,DA_Redirector_AssaultRifle_Pneumatic_01_T0,Kettle,"Quick and accurate
kettle,-624801890,DA_Redirector_AssaultRifle_Pneumatic_01_T1,Kettle,"Quick and accurate
kettle,-1374119783,DA_Redirector_AssaultRifle_Pneumatic_01_T2,Kettle,"Quick and accurate
kettle,1349673826,DA_Redirector_AssaultRifle_Pneumatic_01_T3,Kettle,"Quick and accurate
ferro,-1300343709,DA_Redirector_BattleRifle_BreachAction_01_T0,Ferro,"Packs a punch
ferro,-1347969810,DA_Redirector_BattleRifle_BreachAction_01_T1,Ferro,"Packs a punch
ferro,1143818817,DA_Redirector_BattleRifle_BreachAction_01_T2,Ferro,"Packs a punch
ferro,-14963185,DA_Redirector_BattleRifle_BreachAction_01_T3,Ferro,"Packs a punch
aphelion,-1483497543,DA_Redirector_BattleRifle_EnergyBurst_01_T0,Aphelion,Fires high velocity energy rounds.
renegade,1443595066,DA_Redirector_BattleRifle_LeverAction_01_T0,Renegade,"Has high damage output
renegade,-595215449,DA_Redirector_BattleRifle_LeverAction_01_T1,Renegade,"Has high damage output
renegade,-1520827186,DA_Redirector_BattleRifle_LeverAction_01_T2,Renegade,"Has high damage output
renegade,1650182822,DA_Redirector_BattleRifle_LeverAction_01_T3,Renegade,"Has high damage output
anvil,1951118983,DA_Redirector_HandCannon_SingleAction_01_T0,Anvil,"Has high damage output and headshot damage
anvil,-1974459892,DA_Redirector_HandCannon_SingleAction_01_T1,Anvil,"Has high damage output and headshot damage
anvil,-39940538,DA_Redirector_HandCannon_SingleAction_01_T2,Anvil,"Has high damage output and headshot damage
anvil,-163859490,DA_Redirector_HandCannon_SingleAction_01_T3,Anvil,"Has high damage output and headshot damage
hullcracker,-1868876009,DA_Redirector_Launcher_AntiArc_Medium_01_T0,Hullcracker,Fires explosive projectiles that only detonate when hitting ARC.
hullcracker,-1858367047,DA_Redirector_Launcher_AntiArc_Medium_01_T1,Hullcracker,Fires explosive projectiles that only detonate when hitting ARC.
hullcracker,-1390078682,DA_Redirector_Launcher_AntiArc_Medium_01_T2,Hullcracker,Fires explosive projectiles that only detonate when hitting ARC.
hullcracker,1343472835,DA_Redirector_Launcher_AntiArc_Medium_01_T3,Hullcracker,Fires explosive projectiles that only detonate when hitting ARC.
torrente,1316261334,DA_Redirector_LMG_Medium_01_T0,Torrente,"Has a large ammo capacity
torrente,-595016198,DA_Redirector_LMG_Medium_01_T1,Torrente,"Has a large ammo capacity
torrente,2125834231,DA_Redirector_LMG_Medium_01_T2,Torrente,"Has a large ammo capacity
torrente,747891994,DA_Redirector_LMG_Medium_01_T3,Torrente,"Has a large ammo capacity
burletta,-1921925959,DA_Redirector_Pistol_01_T0,Burletta,Has decent damage output and accuracy.
burletta,-2054621793,DA_Redirector_Pistol_01_T1,Burletta,Has decent damage output and accuracy.
burletta,276503907,DA_Redirector_Pistol_01_T2,Burletta,Has decent damage output and accuracy.
burletta,1407799927,DA_Redirector_Pistol_01_T3,Burletta,Has decent damage output and accuracy.
venator,1858816158,DA_Redirector_Pistol_HighPower_01_T0,Venator,Fires two shots at a time.
venator,-853744599,DA_Redirector_Pistol_HighPower_01_T1,Venator,Fires two shots at a time.
venator,-119018899,DA_Redirector_Pistol_HighPower_01_T2,Venator,Fires two shots at a time.
venator,168902929,DA_Redirector_Pistol_HighPower_01_T3,Venator,Fires two shots at a time.
hairpin,-1119818372,DA_Redirector_Pistol_Silenced_01_T0,Hairpin,"Has a built-in silencer. Great for stealth
hairpin,1992585880,DA_Redirector_Pistol_Silenced_01_T1,Hairpin,"Has a built-in silencer. Great for stealth
hairpin,1370600620,DA_Redirector_Pistol_Silenced_01_T2,Hairpin,"Has a built-in silencer. Great for stealth
hairpin,1920326798,DA_Redirector_Pistol_Silenced_01_T3,Hairpin,"Has a built-in silencer. Great for stealth
dolabra,1249031667,DA_Redirector_Shotgun_Energy_Adjustable_01_T0,Dolabra,"An experimental weapon that can either fire a wide short range blast
il_toro,-1123417641,DA_Redirector_Shotgun_PumpAction_01_T0,Il Toro,"Has a large bullet spread
il_toro,269867465,DA_Redirector_Shotgun_PumpAction_01_T1,Il Toro,"Has a large bullet spread
il_toro,226834931,DA_Redirector_Shotgun_PumpAction_01_T2,Il Toro,"Has a large bullet spread
il_toro,331271227,DA_Redirector_Shotgun_PumpAction_01_T3,Il Toro,"Has a large bullet spread
vulcano,1123609629,DA_Redirector_Shotgun_SemiAuto_01_T0,Vulcano,Has good bullet spread but sharp falloff.
vulcano,-131543983,DA_Redirector_Shotgun_SemiAuto_01_T1,Vulcano,Has good bullet spread but sharp falloff.
vulcano,737182316,DA_Redirector_Shotgun_SemiAuto_01_T2,Vulcano,Has good bullet spread but sharp falloff.
vulcano,-630279513,DA_Redirector_Shotgun_SemiAuto_01_T3,Vulcano,Has good bullet spread but sharp falloff.
bobcat,637354931,DA_Redirector_SMG_01_T0,Bobcat,Has high fire rate but low accuracy.
bobcat,1768889427,DA_Redirector_SMG_01_T1,Bobcat,Has high fire rate but low accuracy.
bobcat,708897469,DA_Redirector_SMG_01_T2,Bobcat,Has high fire rate but low accuracy.
bobcat,-1631078332,DA_Redirector_SMG_01_T3,Bobcat,Has high fire rate but low accuracy.
stitcher,-302696283,DA_Redirector_SMG_LowTier_01_T0,Stitcher,"Has a good damage output
stitcher,1549911570,DA_Redirector_SMG_LowTier_01_T1,Stitcher,"Has a good damage output
stitcher,-2007835076,DA_Redirector_SMG_LowTier_01_T2,Stitcher,"Has a good damage output
stitcher,1516184045,DA_Redirector_SMG_LowTier_01_T3,Stitcher,"Has a good damage output
canto,-764908128,DA_Redirector_SMG_Medium_01_T0,Canto,Fully automatic submachine gun with a larger caliber.
canto,756732693,DA_Redirector_SMG_Medium_01_T1,Canto,Fully automatic submachine gun with a larger caliber.
canto,-133724223,DA_Redirector_SMG_Medium_01_T2,Canto,Fully automatic submachine gun with a larger caliber.
canto,2099640885,DA_Redirector_SMG_Medium_01_T3,Canto,Fully automatic submachine gun with a larger caliber.
osprey,-1435588212,DA_Redirector_SniperRifle_BoltAction_Medium_01_T0,Osprey,Has reliable damage output and accuracy.
osprey,1640126922,DA_Redirector_SniperRifle_BoltAction_Medium_01_T1,Osprey,Has reliable damage output and accuracy.
osprey,30472313,DA_Redirector_SniperRifle_BoltAction_Medium_01_T2,Osprey,Has reliable damage output and accuracy.
osprey,352204774,DA_Redirector_SniperRifle_BoltAction_Medium_01_T3,Osprey,Has reliable damage output and accuracy.
equalizer,-1441495265,DA_Redirector_Special_BeamRifle_01_T0,Equalizer,A high capacity experimental beam rifle.
jupiter,-537173438,DA_Redirector_Special_Railgun_01_T0,Jupiter,"Fires projectiles at an incredible velocity
sessionmodbleedoutrate,-144893881,DA_SessionMod_BleedOutRate,,Faster DBNO Bleed-out
sessionmodbleedoutrateless,1133767821,DA_SessionMod_BleedOutRate_Less,,Slower DBNO Bleed-out
sessionmodbleedoutratemore,624307541,DA_SessionMod_BleedOutRate_More,,Faster DBNO Bleed-out
sessionmoddamagedealtenemiesless,350904612,DA_SessionMod_DamageDealt_Enemies_Less,,Enemies deal 60% less damage.
sessionmoddamagedealtenemiesmore,344757279,DA_SessionMod_DamageDealt_Enemies_More,,Enemies deal 100% more damage.
sessionmoddamagedealtplayer,-1029797162,DA_SessionMod_DamageDealt_Player,,Player deal more damage.
sessionmoddamagetakenenemies,-762720056,DA_SessionMod_DamageTaken_Enemies,,Enemies take 50% less damage.
sessionmoddamagetakenplayer,97330743,DA_SessionMod_DamageTaken_Player,,Players take 50% more damage.
sessionmodhealthregenplayer,2000053193,DA_SessionMod_HealthRegen_Player,,Health regen over time
sessionmodhealthplayer,289911296,DA_SessionMod_Health_Player,,Players have 50% more health.
sessionmodlootdropamount,-3369041,DA_SessionMod_LootDropAmount,,1000% Increased amount of loot.
sessionmodlootdropamountbox,-1780836047,DA_SessionMod_LootDropAmount_box,,1000% Increased amount of loot.
sessionmodlootdropamountboxless,264088327,DA_SessionMod_LootDropAmount_Box_Less,,25% less loot in boxes
sessionmodlootdropamountenemy,-218730300,DA_SessionMod_LootDropAmount_Enemy,,More loot from enemies
sessionmodlootdropamountenemyless,-378402281,DA_SessionMod_LootDropAmount_Enemy_Less,,Less loot from enemies
sessionmodlootdropamountenemymore,1947563061,DA_SessionMod_LootDropAmount_Enemy_More,,More loot from enemies
sessionmodlootboost020,830585599,DA_SessionMod_Loot_Boost020,,Loot Drop Rate Boost 20%
sessionmodlootboost050,5430581,DA_SessionMod_Loot_Boost050,,Loot Drop Rate Boost 50%
sessionmodlootboost100,1566300018,DA_SessionMod_Loot_Boost100,,Loot Drop Rate Boost 100%
sessionmodlootboost200,780990464,DA_SessionMod_Loot_Boost200,,Loot Drop Rate Boost 200%
sessionmodlootraritycommon,-2031249980,DA_SessionMod_Loot_RarityCommon,,Loot Drop Rarity Common
sessionmodlootrarityepic,-808704936,DA_SessionMod_Loot_RarityEpic,,Loot Drop Rarity Epic
sessionmodlootraritylegendary,-1068363778,DA_SessionMod_Loot_RarityLegendary,,Loot Drop Rarity Legendary
sessionmodlootrarityrare,-1137655172,DA_SessionMod_Loot_RarityRare,,Loot Drop Rarity Rare
sessionmodscoreboost010,1705258222,DA_SessionMod_Score_Boost010,,Score Boost 10%
sessionmodscoreboost020,2133964482,DA_SessionMod_Score_Boost020,,Score Boost 20%
sessionmodscoreboost040,815974844,DA_SessionMod_Score_Boost040,,Score Boost 40%
sessionmodscoreboost075,2138831842,DA_SessionMod_Score_Boost075,,Score Boost 75%
sessionmodweatherburiedcityburiedday,-726003101,DA_SessionMod_Weather_BuriedCity_BuriedDay,,
sessionmodweatherburiedcitygoldenovercast,-965589385,DA_SessionMod_Weather_BuriedCity_GoldenOvercast,,
sessionmodweatherburiedcitymistymorning,1190602320,DA_SessionMod_Weather_BuriedCity_MistyMorning,,
sessionmodweatherburiedcitynight,-905186728,DA_SessionMod_Weather_BuriedCity_Night,,
sessionmodweatherburiedcityreddawn,-1618706502,DA_SessionMod_Weather_BuriedCity_RedDawn,,
sessionmodweatherburiedcitysandstorm,736095967,DA_SessionMod_Weather_BuriedCity_SandStorm,,
sessionmodweatherburiedcitythunderstorm,-1702475669,DA_SessionMod_Weather_BuriedCity_Thunderstorm,,
sessionmodweatherburiedcitywindystorm,-1039160165,DA_SessionMod_Weather_BuriedCity_WindyStorm,,
sessionmodweatherburiedcitywintersnowbc01,-637477386,DA_SessionMod_Weather_BuriedCity_WinterSnowBC_01,,
sessionmodweathermountaincompounddefaultday,-1089013112,DA_SessionMod_Weather_MountainCompound_DefaultDay,,
sessionmodweathermountaincompoundemergencyeve,1966902955,DA_SessionMod_Weather_MountainCompound_EmergencyEve,,
sessionmodweathermountaincompoundnightsm,1979177371,DA_SessionMod_Weather_MountainCompound_NightSM,,
sessionmodweathermountaincompoundsnowyday,-556667272,DA_SessionMod_Weather_MountainCompound_SnowyDay,,
sessionmodweathernight,2004579680,DA_SessionMod_Weather_Night,,
sessionmodweatherriventidesburiedday,483314232,DA_SessionMod_Weather_RivenTides_BuriedDay,,
sessionmodweatherriventidesgoldenovercast,1197209277,DA_SessionMod_Weather_RivenTides_GoldenOvercast,,
sessionmodweatherriventidesmistymorning,-1967625309,DA_SessionMod_Weather_RivenTides_MistyMorning,,
sessionmodweatherriventidesnight,385543525,DA_SessionMod_Weather_RivenTides_Night,,
sessionmodweatherriventidesreddawn,89374978,DA_SessionMod_Weather_RivenTides_RedDawn,,
sessionmodweatherriventidessandstorm,-2020484050,DA_SessionMod_Weather_RivenTides_SandStorm,,
sessionmodweatherspaceportbrightday,-1182516624,DA_SessionMod_Weather_Spaceport_BrightDay,,
sessionmodweatherspaceportbrightovercast,-1478307850,DA_SessionMod_Weather_Spaceport_BrightOvercast,,
sessionmodweatherspaceportnight,1303381693,DA_SessionMod_Weather_Spaceport_Night,,
sessionmodweatherspaceportorangesunset,-1779296944,DA_SessionMod_Weather_Spaceport_OrangeSunset,,
sessionmodweatherspaceportpinkmorning,1186427492,DA_SessionMod_Weather_Spaceport_PinkMorning,,
sessionmodweatherspaceportthunderstorm,2039638434,DA_SessionMod_Weather_Spaceport_Thunderstorm,,
sessionmodweatherspaceportwindystorm,-685744961,DA_SessionMod_Weather_Spaceport_WindyStorm,,
sessionmodweatherspaceportwintersnow01,-754470392,DA_SessionMod_Weather_Spaceport_WinterSnow_01,,
sessionmodweatherthebluegatebluehour,1012770703,DA_SessionMod_Weather_TheBlueGate_BlueHour,,
sessionmodweatherthebluegatecoldday,1420189259,DA_SessionMod_Weather_TheBlueGate_ColdDay,,
sessionmodweatherthebluegatefrostymorning,458657297,DA_SessionMod_Weather_TheBlueGate_FrostyMorning,,
sessionmodweatherthebluegateheavyrain,-270782177,DA_SessionMod_Weather_TheBlueGate_HeavyRain,,
sessionmodweatherthebluegatenight,1947663213,DA_SessionMod_Weather_TheBlueGate_Night,,
sessionmodweatherthebluegatesnowy,-1950183319,DA_SessionMod_Weather_TheBlueGate_Snowy,,
sessionmodweatherthebluegatethunderstorm,215964565,DA_SessionMod_Weather_TheBlueGate_Thunderstorm,,
sessionmodweatherthebluegatewindystorm,-298028176,DA_SessionMod_Weather_TheBlueGate_WindyStorm,,
sessionmodweatherthedamfoggy,422833396,DA_SessionMod_Weather_TheDam_Foggy,,
sessionmodweatherthedamforestfire,966468750,DA_SessionMod_Weather_TheDam_ForestFire,,
sessionmodweatherthedamgreymorning,-1500781565,DA_SessionMod_Weather_TheDam_GreyMorning,,
sessionmodweatherthedamhazyday,-1970794979,DA_SessionMod_Weather_TheDam_HazyDay,,
sessionmodweatherthedamnight,-1421547668,DA_SessionMod_Weather_TheDam_Night,,
sessionmodweatherthedampinksunrise,-11312189,DA_SessionMod_Weather_TheDam_PinkSunrise,,
sessionmodweatherthedamrainstorm,1125737218,DA_SessionMod_Weather_TheDam_Rainstorm,,
sessionmodweatherthedamthunderstorm,-1727430127,DA_SessionMod_Weather_TheDam_Thunderstorm,,
sessionmodweatherthedamwindystorm,-610484577,DA_SessionMod_Weather_TheDam_WindyStorm,,
sessionmodweatherthedamwintersnowdam01,789585082,DA_SessionMod_Weather_TheDam_WinterSnowDam_01,,
sessionmodxpboost020,-1955413410,DA_SessionMod_XP_Boost020,,XP Boost 20%
sessionmodxpboost040,-528666297,DA_SessionMod_XP_Boost040,,XP Boost 40%
sessionmodxpboost075,619647460,DA_SessionMod_XP_Boost075,,XP Boost 75%
sessionmodxpboost100,1017388981,DA_SessionMod_XP_Boost100,,XP Boost 100%
spraytagdefault,1105015384,DA_SpraytagDefault,,
uimapareainfometadataitem0,-1190681554,UIMapAreaInfoMetaDataItem_0,,